delta_h,delta_v,h_T,v_T,event_time
-0.00025588028844760044,0.0010228630250330279,0.4580895181813645,1.8950486622618574,0.4316381783147516
-0.0002260961647831047,-0.0006301368446623709,0.4584005259850768,1.893648384734991,0.431483988858266
-0.0009300181903227674,-0.0004266038948424074,0.45845220186578417,1.8910312197455432,0.43134499584492403
0.0011119173809863209,0.0008482933682518723,0.45794470460541525,1.9003342646108605,0.4319296012745193
0.0010368790788896664,0.0004978054553301827,0.45802147968940227,1.8997134447367943,0.43187856433916966
0.00039476963461375776,0.00037065332085679754,0.458129472162517,1.8970403264545765,0.4317214208353869
-0.0016660625253119433,0.0017105019375294743,0.4581401074339303,1.8900620789421825,0.4313869339954811
0.0005063848458947204,0.000997636076323888,0.4579953252351925,1.8980609932930697,0.43180762839246395
-0.0016913645518484225,-0.0034877762345512067,0.45913005165907816,1.8851872363490692,0.43087535481716094
-0.0008896153448069297,-0.0009363785514664692,0.45854395659131164,1.8907239681616768,0.4313045002446768
0.0003054459918324407,-9.182346102517071e-05,0.4582292600132424,1.8962597013522802,0.43165626019840636
0.000520974898420902,-0.0012844694997489877,0.4584286905046133,1.8960223495538049,0.43158878547706453
0.00030870314921088113,0.0007883089537184201,0.45806099776115006,1.8970814790761985,0.4317426733627349
-0.0006611373475321424,0.0034350606346674854,0.45768230257555653,1.8956528242983257,0.43178167815188917
0.0005566093558674555,0.002394010475958016,0.4577221721331327,1.899544949836405,0.43195493024222287
-0.0006203329144828437,-0.0014790317924495465,0.4586126815110191,1.8912984493660752,0.4313124489711244
-0.00034404667916316807,-0.00021284266307708795,0.4583362703523788,1.8935619258583645,0.43149799817238094
0.0006320787450321489,0.0004968545071393843,0.4580745115988676,1.8981011385211348,0.43178721384793556
-0.00044735489523216543,-0.0019138246273247438,0.4586732206969839,1.8915883133560352,0.43130916602413494
-0.0005205903100665388,0.002441842629799808,0.4578533889785388,1.8952989907092417,0.4317166420213547
-0.0008079464283078355,0.0004895174946321504,0.45826227911198425,1.892359294371656,0.43146171187945187
0.0004265189746741636,-0.0029794862697222297,0.45876381326789084,1.8940903165178833,0.43140257829324413
4.8474357805962034e-05,0.002612487199614143,0.45774685977373997,1.8977225469992756,0.43186162287682445
-0.002014363824710263,-0.000643187702131341,0.4586313979356492,1.8865107817455107,0.4310791840289843
-0.00010613916862568372,-0.0016345206048740287,0.4585762923493974,1.8932037721618717,0.4314133059054237
0.0004973900111992541,-0.00012455978986591082,0.45821058904733764,1.896993876379089,0.4316963545445235
-0.0014646566571540555,0.0016556917569826286,0.4581247375029668,1.8908144136406344,0.43142705669080417
0.0006693356898210011,0.0018916835848148278,0.457803355438292,1.899531758068732,0.4319314251294928
0.001440597413192603,0.0007244873406966834,0.45792523816237213,1.901528592479598,0.4319916288567309
0.00011927415035011881,-0.0025983361694624997,0.4587307688694605,1.893216710087947,0.43137037270089346
0.0006154432127149754,-0.0012235178392207631,0.45840483103510354,1.8964544263095033,0.4316160160855208
-0.00045270189961883723,-0.0025295755486026464,0.4587909930464512,1.89100182330888,0.43124805543493017
-0.0009676143272108394,-0.0010622421852317383,0.45857785195495604,1.8902976118084356,0.4312746527387161
0.001288837543075987,-0.004063584094897351,0.45885907066429366,1.8965282899270959,0.4314915292021281
-0.0014577055535788669,0.00047870219274900904,0.45834758832399514,1.8897602490491745,0.43131403391116624
0.001443349754156496,0.0011569939007496297,0.45784218591694104,1.9019371264030647,0.43203435958339925
-0.001899943276931952,-0.005036469660062477,0.45944961627673286,1.8829357109048488,0.4306776834962509
0.0003573972157110265,-0.0014725238794729037,0.4584856894521494,1.895198378046272,0.4315336028396587
-0.001119786573527076,0.0019547424828391257,0.45802355482249274,1.8924637248074943,0.4315340083131592
0.0011017862041804041,0.00031450376087697264,0.4580479984426984,1.899803339797096,0.43187535070822275
0.0002457765102792436,0.0008687256196642643,0.4580538399567955,1.8969048251747382,0.4317363124742592
0.0015940040569312791,0.0012380572065107702,0.45780684679965433,1.902611177900205,0.4320762047607551
0.0005186495389757707,0.0010954751472624623,0.4579750541378613,1.8981997636578152,0.43181991979701123
-0.0015683105225549592,0.002563467036808181,0.4579653952081382,1.8912360885298714,0.43149206377615346
0.0009551020834961281,0.0010592474435993835,0.457924944435985,1.8999039888230536,0.43191479141340655
-0.00197387543553663,-0.0012673600511726732,0.45874467617892334,1.886098981083082,0.4310275848364562
0.000842303593847481,-0.003622428505042651,0.4588326877373251,1.8951556780725676,0.43143378271993055
-0.0001840222293260406,0.0020390553437045857,0.45788650069087783,1.8962691762789576,0.43175333676259603
-0.0013111886130114665,0.0032202123967497486,0.45780734368217857,1.892864983578509,0.43161406464468843
0.0005519639717948622,-0.00030027750255957013,0.45823701325869115,1.8970497172749001,0.4316915559674285
0.0003248668210047183,0.0012996619828903047,0.4579613433145959,1.8976158988150404,0.4317961053574217
0.00012039372620354539,0.0022913204717159236,0.4577987685484396,1.897713546106401,0.4318465626052652
-0.0006615445657523961,-0.0008294723117866857,0.45849442276864605,1.8917307756980923,0.4313663607344355
0.0010416845530735936,5.359788309455363e-05,0.4581056815277912,1.8993243624513565,0.43183640507179927
-0.0008804640811194407,0.001892910530986423,0.4580044903665672,1.8933604505557822,0.43158198997511443
0.0014654975743027467,-0.0008896521703114943,0.45823042180523665,1.9001445580864866,0.43184011985220505
-0.001379993187160495,-0.00026949640338622604,0.4584798396909864,1.8893825140430665,0.43125874487033394
-0.00014901880364023888,-0.0005959992992671606,0.45838409221964854,1.8939867250050266,0.4315046962037384
0.0014047703035775653,-0.002053872947831589,0.4584606538211,1.8988338218561516,0.4317131455146611
0.0012605866448383238,-0.0025366439581472385,0.4585715388603749,1.897816861795332,0.4316336814264817
-0.0007870394671827289,0.0012630425577963473,0.4581123640419862,1.89315356017331,0.4315417371287545
0.001128690305549404,0.0017180047005070798,0.4577763017461244,1.9012006148621277,0.4320180665207007
0.0003452247461920301,0.00028471267590551163,0.4581522997288912,1.8967640767492269,0.43170188282308025
0.00015248179045684336,0.0011505605416680831,0.4580122134255615,1.896792387074438,0.43174271352971866
-0.00017619745775629097,0.0005548719936945949,0.4581683812059354,1.894935891875153,0.43161058950448
0.0005727265336329771,1.6789529474801216e-06,0.4581767177074966,1.897409808477414,0.4317256287031244
0.0007639823885379302,0.0011317562582806885,0.4579360983776358,1.8992098393919739,0.4318787656811982
0.0020106321963650545,0.0006498852735454427,0.457864418002803,1.9037282171630627,0.43211281715833605
-0.00042759295194323373,-0.0007451024318257413,0.4584483380652502,1.892740211840248,0.43142734907094726
-1.3105597765684357e-05,0.0018475692088497028,0.45790080498502506,1.8967738001021597,0.4317732390683678
-0.00033656368849775643,0.0007716519841143595,0.45814781334556276,1.8944963915020636,0.4315955211852619
0.0018373012776494663,-0.005129358948427868,0.4589912630430418,1.8977333844026587,0.431511490386449
-0.0011239085853390323,0.00048779403380660216,0.45830315632465646,1.8910987955674703,0.4313902497901526
0.00039833539441746395,0.0004771466577221392,0.45810869617229644,1.89715239112305,0.43173259193845437
-0.0004311514990647519,0.0013102923866582868,0.45805742746141254,1.8946147508153153,0.43162662729214185
0.0002821300659532711,-0.0010441026765468028,0.4584137853834953,1.895292106660458,0.4315583205640061
0.0024300538751667526,0.0007102657247697899,0.4577973542346011,1.9054522049258578,0.43221318481740134
-0.0005542289707468753,-0.00019889710435377396,0.4583606681692106,1.892737512482216,0.43145194216778415
-0.00022559529002503246,-0.00012548309321526113,0.4583043637834309,1.8941139779275704,0.4315332195861931
-0.0027280853409502007,-0.0009737980597549889,0.45878407324896564,1.8833614523108015,0.4308858542226185
0.0010085695080504103,-0.0023371245289199576,0.45856619800782394,1.8969969426283384,0.43159628740543676
-6.670019084833684e-05,0.001907010747562288,0.4578964361585532,1.8966150147942404,0.4317669398228729
0.0008561767658598077,0.002982103993269301,0.4575704838814081,1.9012785749390728,0.4320797518480965
-0.0017014133444479124,-0.0007067520135277606,0.4586037814143362,1.8876998569056471,0.4311436434077939
-0.00034094998859926517,0.0012465796918843866,0.45805789858409773,1.8949154754492443,0.4316407712766311
0.0010917875038700675,-0.005365659141564643,0.45913258119423483,1.8945501177927928,0.4313205114100997
0.0010886792902698062,-0.0028950868445253076,0.45866220855902734,1.8968037069222425,0.43156006554800214
0.0006831498761023059,-0.00298427680674193,0.45873164836173114,1.895107624951882,0.43145997301543143
0.00017585273339711623,0.002389309220685014,0.45777283613842457,1.898024523824024,0.4318686131612058
-0.00014931961088595434,0.0003822061822970299,0.45819780352716455,1.8948842621692208,0.4315998429672136
0.0007971236448445001,0.00028275439029442446,0.4580938571290346,1.8985614320732527,0.431803581129544
-8.848138185253349e-05,0.0030665121189214924,0.45767808138297944,1.897594791146324,0.4318749575739869
0.0010484707258760627,-0.0005876301189800435,0.45822721754384427,1.89876225033804,0.431775520797534
0.002745325222713014,-0.0022936780886352905,0.45833078040700304,1.9039467263491705,0.43199183281675513
0.0009146091156866576,-0.0005314291546235112,0.4582339380048777,1.8982810452350254,0.43175081560263484
0.00013236571689072277,0.0014100112363318045,0.457965344222408,1.8969508021343051,0.4317634392979596
0.00022222213219388434,0.0012772906153241633,0.4579789724969937,1.8971866055353215,0.43177078027112814
-0.0015273253626636443,-0.0030190221642432797,0.45902048219015257,1.8862710630410597,0.4309579706257597
0.000614942589651404,-0.0019263169909320363,0.4585388666332211,1.8958071262029261,0.4315475179867584
-0.0010266482477157043,-0.0029402787745433133,0.45894213812215334,1.8883384436180537,0.4310786170913138
0.0012663800510697516,0.0014931160177582214,0.457801195577621,1.9015418514734004,0.43202720264399175
0.0014730747223165876,-0.0018754753852916204,0.4584176932626874,1.899269421566873,0.43174589654879597
1.006361176401166e-06,-0.0022806138047340194,0.45868549335207276,1.8930373538337624,0.43137460996658594
0.0007660373851792844,0.0031788457867754625,0.4575447290915955,1.9011007538209133,0.432078594996621
-0.0008902210016364664,0.0031206634457549482,0.4577719161972119,1.89445084918059,0.43169936459039493
0.0009880294936192074,-0.00035566933396540175,0.4581908217251564,1.8987347626269029,0.43178447316568863
-0.001971970685929797,0.002813263473871566,0.45796964116707883,1.8898568381209202,0.4314252717691707
-9.62604918465609e-05,-0.001205656490583079,0.458493379532198,1.8936369103407058,0.4314572649874413
0.0003995953804847207,0.0008199286689365032,0.45804314229859355,1.8974724545819244,0.4317662474525469
0.001498095038887867,-0.0020402816214532484,0.4584458943912372,1.899217683174508,0.4317354999364223
0.0011362373205344798,0.002974720762815076,0.4575350108418169,1.9023865871298289,0.43214216580247367
0.0014522360099017077,-0.0003612491464684456,0.45813121181797,1.9005771819535944,0.4318885594425427
-0.0007440285519188423,0.0020371454492231866,0.4579594112112745,1.8940366630702992,0.43162681953956716
0.00011518531261028208,0.00024837897172831126,0.4581890694269545,1.8958146721773006,0.4316464704584145
0.0014242146291289519,-0.0005268729342097463,0.4581665234340886,1.9003135124526818,0.4318661238025435
-0.0022967252108090645,-0.0007743824143326385,0.45869197292442837,1.8852645962254995,0.43100266679658134
-0.0018539231821091203,0.0016375666618197288,0.45817797810616034,1.889246205796992,0.4313374254800344
0.00031703478716395446,-0.0012224143026582951,0.4584432498701724,1.895267335858998,0.43154883930325466
-9.599297743796214e-06,0.0016652480261401708,0.457935120780942,1.8966201161734917,0.4317562756028091
7.894509069111393e-05,0.0026530430243908946,0.4577351463386798,1.8978812007772021,0.4318724450785318
-6.128481550543333e-05,0.002080669533563398,0.4578626118842767,1.8967962813484787,0.4317850728834143
0.0014914807619775489,0.0032197859674888527,0.45744117490672126,1.9040259304033451,0.43224610710031347
-0.0006718193753931157,0.0017598084170644093,0.4580029053196589,1.8940693142472407,0.4316161038045584
-0.0018759959069652823,-0.0021666987899032217,0.4589028666242816,1.8856635253540774,0.43096217954027377
-0.0019627915133159945,0.0021379712450866994,0.4580968012809967,1.8892723422373925,0.4313615765790838
-0.0012319347228695533,-2.5528085651701484e-05,0.45841457416199405,1.890196665064393,0.4313159045529432
-0.00019221398052462812,-5.719505554715705e-05,0.45828704996623937,1.8943096714052767,0.4315473958183735
-0.0005915217765351448,0.00046732635062872495,0.45823865732034663,1.8932011057881701,0.43150837959387656
0.0017912670882203054,8.853710713447864e-05,0.4580007248502146,1.9023395334507398,0.43200874182446747
0.0005309821489194161,0.0020010387355344182,0.45780057184804035,1.8990814921252217,0.43191088023069707
-0.0001979476908918288,-0.0025193822636772655,0.45875645127657727,1.8920258614806889,0.4313065101183456
-0.0005553954715373572,0.002147189478734735,0.45791404980122474,1.894889343261741,0.4316800937164304
-0.0016462255708492126,-0.0011956916411010254,0.4586895852813013,1.8874708007243963,0.43110852007087525
0.0010074106526294715,0.0015854732997152119,0.4578175530973555,1.9005960091330485,0.43197782239057764
7.6181282326825145e-06,0.0016104715917449012,0.4579433294548129,1.8966383193950487,0.4317548248198235
0.00016597943232983935,-0.0023578309149145365,0.45867898229763526,1.8936234315631855,0.4314043021197901
-0.001563942369215198,-0.0012779042730768598,0.458694749425891,1.8877232565610191,0.4311190923741396
0.0009227301102209123,-0.00113109030351279,0.4583473045516917,1.897762577367176,0.43169428616629096
-0.0009023586004604149,-0.0015419210235579504,0.45866068775466284,1.8901171453574968,0.4312427006761043
-0.0015317669524976807,-0.00023454984059969027,0.4584925443905682,1.888809748957222,0.43122789155537106
-0.0011796069523217882,0.000728291933617351,0.4582645592440979,1.8910978704918282,0.43140109321773257
-0.0023600964126154565,0.0006555624191321884,0.458428792042775,1.886325606186605,0.4311275374403619
-0.0006416107567993177,-0.003884295853242953,0.45907249405098705,1.8890063855555976,0.431073674757787
0.000724709448402856,-0.000551016502882416,0.45826238994820556,1.8975071002130475,0.4317060984828826
-0.0022300367831585774,-0.0017501263940300584,0.4588685272190717,1.8846345435449958,0.4309227796143262
0.00029102424481911965,-0.0009171644210184088,0.45838844603579026,1.8954441048126132,0.43157267942438543
0.000779983687525831,0.0014951138828249604,0.4578646148847767,1.8996076006923475,0.431917753528067
0.0006662366416423052,0.0006532505761908711,0.45804021048323385,1.898380865776008,0.4318101407994654
0.0013336969496355782,0.0013196683403158475,0.4578255047683418,1.9016502942925382,0.43202548584011724
0.0004512181743988895,-0.004167957805088333,0.4589868761697012,1.893098375974981,0.4312925591647361
0.0008965557800878598,0.002618850311153937,0.4576346134687671,1.9011051309813962,0.4320534721503182
-0.00029689808268141085,-0.000939014881366837,0.4584684404585605,1.8930826871764959,0.43143795873096624
0.001940298458929547,-0.0035162650789685684,0.4586700329680976,1.8996225861344391,0.4316915604299051
0.00046885693299161335,0.004847431554563956,0.45726484661416034,1.9014534304441202,0.4321741633077229
-0.0009276007408351008,0.0013791775206207241,0.45810836020812185,1.8927002994802051,0.4315213297936743
0.001886380843404475,-0.0002404214239647993,0.45805111973415474,1.9024157071125265,0.431998152110848
0.0005611968429225049,0.0018051512877517515,0.4578340249672815,1.8990216516446128,0.4318986166425877
-0.0009057683298953746,-0.00017819160231933237,0.4584018558375348,1.8913560410653432,0.4313746453609405
0.0002928017222234918,0.001650769813190758,0.4578985259059182,1.8978110341510688,0.4318230632009073
-3.453411691863202e-05,-0.00039068063080057586,0.4583302135360684,1.8946312792595206,0.4315505003259078
-0.001016076060079454,-0.0007179503549938794,0.45851860118077215,1.8904207219935627,0.4312972228853532
0.0008916724552611745,0.00020348643405936756,0.45809665253283094,1.8988649672805245,0.43181717954625504
-0.0008530284462353348,-0.0016832081766347527,0.4586812430080046,1.8901839643600649,0.43124008369117434
0.002666679825295587,0.0022797885828139287,0.457465049382826,1.9078365749772843,0.43241932301752944
0.000637395441622035,-0.005185837796181348,0.4591566955901565,1.8929062484822239,0.4312355633846007
0.000621481570776758,0.0009613870008768747,0.45798723395623986,1.898485914096773,0.4318300500451622
0.0016840969559442968,0.0008555216905234009,0.45786814553019767,1.9026180142709321,0.43205926105013875
-6.748832720249312e-05,0.0010448885461964575,0.4580609168373919,1.8958192375599678,0.4316828150638195
-0.0019442084464296083,0.002066506483539082,0.4581080066648392,1.8892807044066622,0.4313588124132684
0.0003248848734274768,-0.0014041426052890129,0.45847686157822,1.8951317137749195,0.4315329255686198
0.001325572315677972,0.0036186790696446113,0.4573867804179411,1.9037327316375394,0.43224757474760755
-0.0014024012286116341,-0.001332668477388379,0.4586846285785171,1.8883167677367179,0.43115022272934683
0.0002912654431574569,0.00036693008355912247,0.4581436279293275,1.8966247741738387,0.43169771878132773
-0.0003984806573532425,-0.001948421614338369,0.4586735407981529,1.891751229209909,0.4313168247773495
0.0021204674058622514,0.0020747748218592687,0.4575770547026075,1.9054752909718717,0.43227631163378405
-0.0011942285957085123,-0.0026900159640496483,0.45891589276402267,1.8879003600786375,0.4310651459569259
0.0017031284920759695,0.001978297578313163,0.45765081118390194,1.9037260803446314,0.4321728801906944
0.001820970607270463,0.0016202867962450745,0.45770375475682434,1.9038657468906248,0.4321645699585242
-0.0008720754993863206,0.0005213309494659687,0.4582644662177179,1.8921330313689975,0.4314503395700855
-0.002160062416568297,-0.0014962376604798866,0.4588115850136324,1.8851465990491616,0.430963280604869
-5.8908982229867e-05,0.0010455096187886067,0.45805968603122715,1.895853976675071,0.43168481053177604
-0.0007275513172705697,-0.0002484484399831349,0.4583923628221974,1.8920015241414212,0.43140801706815235
0.0004585471938458605,0.0007533775755183099,0.4580481656734344,1.8976460084750644,0.4317730609658783
0.0006379962841237677,0.0004179634370582069,0.45808879561232113,1.8980521950122078,0.43178086792172693
-0.00032393469662347755,0.0015783139265480345,0.4579924804377679,1.8952882357401846,0.43167691057205926
4.935941790144371e-05,-0.0016521912045288692,0.4585596466416303,1.8938068109522617,0.4314466563590802
-0.0006259281672414993,-6.968951612863431e-07,0.45833216713565494,1.8926339858497496,0.4314550588024476
-0.00010960369347001763,0.00031398849219043854,0.45820566529869333,1.8949797511383302,0.4316021600369284
-4.958849679764077e-07,0.00035173813998067184,0.45818435317917094,1.895448970063052,0.43163044289132607
-0.0001342889896191048,-0.0025168632022674227,0.45874781240712315,1.8922817051674456,0.43132111307088183
0.00042135355924484793,0.0021073809009601306,0.45779459742168016,1.8987427955685428,0.4318965171757453
0.0004346429352825692,-0.000378491916451527,0.45826715944650365,1.89651075443402,0.43165749014049487
0.00044644665650948396,-0.0019314020847480962,0.45856161566967946,1.89513162294127,0.4315090328051575
-0.0018961531756825248,0.00011914049932407791,0.4584717343189564,1.8876822999600036,0.4311800663925395
-0.0009304976329219787,0.0014797198962666432,0.45808959652016934,1.8927811909011514,0.4315304658975062
-0.0010840906717651567,-0.0052570228641502055,0.45938898195083816,1.8859848751927375,0.4308403701948928
-0.0010395226884123763,0.0031561934802580636,0.4577844598999858,1.8938886472372503,0.43166913591694733
-0.0003818033286205225,-0.0027388336134035675,0.45882171609288347,1.8910921829461294,0.4312436921540042
-0.0007633562839852816,0.001041797310112404,0.4581514304631771,1.8930445363574986,0.4315255393705736
0.0004968642381134981,0.00035345750637376226,0.458119477046809,1.897431021155113,0.4317427674232762
0.0014838642658063117,0.001413005089456156,0.4577878955395407,1.9023337311937556,0.43206841857884926
-2.0979909141473713e-05,0.0011933338241667019,0.4580265844025202,1.8961409207729407,0.4317077578339718
0.0016545860935017942,0.001942609891186898,0.4576640562293589,1.9035000999464007,0.43215846572994393
0.0010237597826702734,-0.0021656745688114656,0.45853153002584224,1.8972147854460981,0.43161639176526495
-0.00014843519456996055,0.0014596885828635931,0.4579923414124954,1.895878180105604,0.431704945688747
-0.0002964432453781687,0.0021377264288546445,0.4578822847392852,1.8959121450176473,0.4317375878446444
0.0005963419635480423,0.0018165069379650494,0.45782726161509146,1.8991720195680115,0.4319076466824319
-0.00021237088990078295,0.005092752967329543,0.45730747758079887,1.89896641503734,0.43204443410415694
0.0012400161897093195,-0.00043086020953517266,0.45817227758903,1.899668646900755,0.4318339539434322
9.059300864705438e-05,0.005190405027924667,0.4572490658470719,1.9002629777162592,0.43212228461539237
-0.00034322777470918535,0.0017482814760877458,0.4579625870024434,1.895367667916996,0.4316891093610752
0.0009804500257760986,1.3169976664835908e-05,0.458121397834223,1.899043474482139,0.4318186663531244
-0.001167138016866306,0.00037507283679282275,0.4583301279306403,1.8908229538323775,0.4313695215823882
0.00035937927448587956,0.002259357193400522,0.4577736805838238,1.8986358029339092,0.43189734333948515
0.0007828891128938155,4.871941242467574e-05,0.4581403817500721,1.898289709561184,0.4317775900493331
0.0008535762830626829,0.0010796851532864436,0.45793432686548047,1.8995186338206873,0.4318938940957819
0.00020604344496891931,0.00011041915699734236,0.45820359211817685,1.8960497117612958,0.43165353081248686
-0.00024336018464449745,0.0013723210564384595,0.4580213007500744,1.8954197807388742,0.43167502761264154
-0.0010542088800284215,-0.0012573671622556322,0.4586259888123257,1.8897734010333525,0.43123612568261116
4.972936711498993e-06,-0.002927932755624385,0.4588081624332747,1.892459070786482,0.43131253395526004
-0.00043588140400803866,-0.004017679179686643,0.45907166705695274,1.8897035411185994,0.4311071127973071
-0.0006828850075190759,0.0011368699248372233,0.45812296074405595,1.8934525207201027,0.431552951447501
0.0005663951026506015,-0.00010902599143493874,0.4581986587795155,1.897282884293258,0.43171342527466927
-0.00023211351056613843,-0.002833649308396713,0.4588205999766334,1.89160137943376,0.431268233094747
0.0018278151253037656,0.0010319383233249105,0.45781544444670574,1.9033520415950815,0.43210882275760226
0.0010934506037636198,-0.0017646542059341394,0.45844598085292865,1.8978603322284961,0.4316711184088656
-0.0001852444386554462,-0.0036390335957752966,0.45896774896755677,1.8910491151029574,0.4312004693751465
0.0007804923947819691,0.001870280105438531,0.45779288759707604,1.8999545992543319,0.4319544015935373
-0.0018974051839466383,-0.00010424735821095678,0.45851429779839503,1.8874720750412755,0.43115804038706007
0.000630343438693378,-0.003524074455511524,0.45884127335783204,1.8944021285079422,0.4313955639904594
-0.0018254478155207083,-0.0021301767007897345,0.4588895598633602,1.885898534302449,0.43097714310464474
-0.000629224944998689,-0.002805720456963795,0.45886601644380853,1.8900452397080763,0.4311813718055558
3.162934158682392e-05,0.000499248515236039,0.45815207757310017,1.8957124658638829,0.4316520480618457
0.0006340116010708582,0.00140401649805134,0.45790109879366137,1.898942714229442,0.43187597278445367
0.0015026538441640664,0.0023286303480473426,0.4576102575340681,1.903250538425049,0.43216182142391474
-0.001311878116797154,-0.0010108351856556754,0.4586119916920659,1.8889730436447145,0.43120196939042865
-0.0010601507190591477,-0.0021532342498104843,0.45879693815172956,1.8889272532814194,0.43114761954250597
-8.12998538013968e-05,1.0953926012588368e-05,0.45825974199758956,1.8948140256697528,0.4315790456909368
0.0004903568440512033,-0.003173836650508102,0.4587926025501563,1.8941661489533754,0.43139806771055433
-0.0012376434996447204,-4.621321545417786e-05,0.4584192354406541,1.890154911828131,0.43131260285738854
-0.00019945796605063535,-0.0006225175768182282,0.45839564316569426,1.893761479125247,0.43149073876224897
-6.321349632468054e-05,-0.001519508060729471,0.45854887697142815,1.8934803263706022,0.4314341782717192
0.0007012722141213236,0.0007085376216163095,0.4580250874519499,1.8985711613727427,0.4318234223281252
-8.775594372935469e-05,-0.0013441317432739061,0.458518648254274,1.8935436201537301,0.4314457081639546
-0.0001741715733627921,-0.00544320222352719,0.45930918321144604,1.8894388610792727,0.43102753988562975
-0.0009813026676215107,7.46560847519753e-05,0.4583634491292182,1.8912873917935658,0.43138221297210144
-0.001504093522481918,0.0003990450534595241,0.4583686480896304,1.889502174996451,0.4312958098900905
0.00014743926735615346,-0.0027550437809987804,0.45875697652666614,1.893185050362873,0.4313614800848382
-0.00025057313844804884,-0.0006276553623127762,0.4584032063639977,1.8935531749214383,0.431478709402627
0.0004598741168617127,0.0012237892920042872,0.4579582291853741,1.8980837070944387,0.4318191606369941
-3.630154575893052e-05,-0.001702577418756631,0.45858026482447933,1.893419416802798,0.4314224348662245
-0.0001442722768918604,-0.00013085446490645615,0.4582948908934077,1.894432936856444,0.4315510393750435
0.0007344610172551004,0.0005886562371384527,0.4580436406449071,1.8985931044913302,0.43181923374567
-0.0007225613759567885,-0.00270881437598013,0.4588594991875152,1.8897623448062972,0.4311697413809895
-0.00037311186447078274,-0.0014807865830404408,0.4585813300872391,1.892281611531523,0.43136804747225566
-0.0011118792357097452,-0.0002318763904591811,0.45843844964667796,1.8904854846075492,0.4313229121925009
-0.0004910703744057991,0.0002108737702864564,0.45827454069268225,1.8933655970008552,0.43150607634030375
0.0005233002576282979,-0.0008260021693209707,0.45834098669899914,1.896452665071002,0.4316339258882968
0.0023242977519477236,-0.0006429567375745941,0.45807042416531196,1.9037880347834981,0.4320576322003306
0.0011017090062073074,0.00024332205383562614,0.4580616037820479,1.8997376189598343,0.4318684039303943
0.0011161590772195515,-0.004751843795630278,0.4590125316298117,1.8952098667292907,0.43138568307241965
-0.0007514770974237964,0.0004940779166087995,0.4582541511688166,1.8925884599501672,0.4314748964935697
0.0006024656439509364,0.004673050263617021,0.4572805807137663,1.9018248400054072,0.43218729642180886
0.0003225387349465509,0.002559682396721891,0.45772115820641524,1.898765347521092,0.4319182859575529
0.0007664403226452427,0.0018947508580880977,0.4577900539877631,1.899921161531586,0.4319536166167208
0.0005100618413342413,-0.00031214554273248786,0.45824471893467944,1.8968719858356526,0.43168095307517645
0.0005091275244832518,-0.002156265668097096,0.4585963626040691,1.8951747565559425,0.4315012880293048
0.0011813658550955018,-0.0020343961335519832,0.4584860144775541,1.8979625984041733,0.4316646891775587
0.0002492055595883531,0.004241555919780238,0.4574095381372594,1.9000209898608968,0.43206559262638583
-0.00022341782416362705,3.900947013623619e-05,0.4582727541010234,1.8942737833146033,0.43154972198950686
0.001163040390242704,5.248435329869857e-05,0.45809003057957504,1.8998063668093763,0.43186365127942095
-0.0008076419788564619,0.000516319701226548,0.4582571398292039,1.8923851379997858,0.43146438972481405
0.0005821249575072707,0.0014201380395174395,0.4579047987847518,1.8987509604785968,0.43186584386171767
-0.000772512391662077,0.003505012148256062,0.45768342286250385,1.8952734734593322,0.43176336409434457
0.0016667744535334048,3.647523183120096e-05,0.45802704970294306,1.9017963354361906,0.431975621000207
0.0002685926791629132,-0.0008570150284050264,0.45837988516306316,1.89541003045925,0.4315734748236791
0.001414128350755129,-0.0014098955455770653,0.45833649088352574,1.899462340030763,0.431777915029692
0.000674095443651355,-0.000959386195414064,0.4583468570381475,1.896930504397673,0.4316549436765965
-0.000694004591849992,0.001437329613429926,0.4580671839665259,1.8936844350427788,0.43157969751577313
0.0013338221548154345,-2.0239565378715572e-05,0.45808156969404523,1.9004192490677745,0.43189506497992247
-0.0006774311630772901,0.001622965247218858,0.4580296928400333,1.8939211349781957,0.4316015124689076
-4.951002121022006e-05,0.0006212650125950094,0.45813933253566996,1.8955014669985195,0.4316456268551702
0.0015228677287676612,0.0022632454645293565,0.4576200991411785,1.9032708393097841,0.4321600088164802
-0.0005198373091157725,0.004567160369790327,0.4574480016562328,1.8972577239419524,0.4319238561693161
3.3348144651073967e-06,0.0015719292775683374,0.4579512363495878,1.8965858232465416,0.43175010571234546
-0.0006473597482325656,-8.932481562421347e-05,0.4583517877736234,1.8924671804959288,0.43144159704629226
-0.0017499890439620952,0.003573343427931595,0.4577966374847592,1.8914410131499046,0.4315494216724572
0.0013657485676352558,-0.0024306016643607454,0.4585376334501092,1.8983327101318848,0.4316676989919807
-0.0015051981953797785,-0.0032421234208337897,0.4590600013406125,1.8861545567281357,0.4309412650351947
0.001175756094103364,-0.000919098440337445,0.458273892025128,1.8989644026218586,0.43177195174252964
-6.053332401369093e-05,-0.0006255222591228057,0.45837830190093054,1.8943120112529213,0.43152178012490783
-0.00012115681572912845,-0.002176351339466784,0.45868133999739974,1.8926465450932648,0.43135720149630147
2.4108208568776135e-05,-0.0028759878945352315,0.4587958249598072,1.8925829394716143,0.43132190220613803
-7.147850926005906e-05,0.0006174939229650649,0.4581428962317931,1.895410509671734,0.4316403049501702
0.00046760977337232187,-0.0004634388546529934,0.45827907979144855,1.8965639759041137,0.4316566556133419
-0.0009037134626667142,0.0003191446899517766,0.4583069946148921,1.8918211809241663,0.43142351889659797
-0.0004846432149620833,0.003131670348841134,0.4577172208913026,1.8960767725204526,0.4317919418280397
0.0007677222539961227,-0.00023038821886263363,0.4581956202323123,1.897972886844127,0.4317470028468137
-0.0004711455433231108,-0.001405364858393519,0.45857955658085375,1.891960374046255,0.4313532722935519
-0.0009372256678927185,-0.0007058974133330483,0.4585062276227403,1.8907459605720172,0.4313161877132943
0.00029477011731517637,0.0010310507157249003,0.45801650655047077,1.8972491249879693,0.43176316488620164
0.0005688581117869931,0.0041973651975271056,0.45737596448167767,1.901253103707329,0.4321333670781147
-0.0007048543921506418,2.5904033916756276e-05,0.4583372491850195,1.8923440026473335,0.43143984176432587
0.002794616835097843,-0.003734129563564871,0.45859985378560003,1.9028208466781262,0.4318628124944656
-0.0005214860906481486,0.0003391688147516001,0.45825403400196685,1.893362327380708,0.43151170361493424
0.00015439218490736865,0.0008157337224599163,0.4580758174797662,1.8964922174560188,0.4317105450466636
-0.00023870820761667225,0.0007322467897541376,0.45814267036989076,1.8948499370931198,0.43161375775993444
5.278097071598151e-05,0.001542712246176478,0.45795038188264797,1.8967558768580637,0.43175841242807816
-0.0018925897647026277,-0.0017700784930964912,0.4588297491074822,1.8859614515365508,0.4309970205426477
-2.219835360188874e-06,-0.002063697852012963,0.45864462210176626,1.8932236192927812,0.43139498589937536
-0.0010446621913131019,0.0012554877339068069,0.4581469557823153,1.8921201646002466,0.43148287205727553
-0.0006499802450024518,0.001269832773286391,0.45809339906750846,1.8937058359600762,0.4315733209977747
0.0007457759205130912,0.0006129901990627528,0.45803751919505475,1.8986605140111905,0.43182415370769284
0.0005080556881198931,-0.0002091933278850274,0.4582253450115464,1.8969585831107552,0.4316905214887556
-0.0014091077553655103,-6.013888630481493e-05,0.4584437758077998,1.8894588199423585,0.43127255118548613
0.00045423609445239085,-0.0010588069917597644,0.45839431808467357,1.8959638717669847,0.43159569748406257
-9.953561181651728e-05,0.0014984491335237496,0.4579786070490831,1.8961085715148869,0.43171974916874534
-0.0008780912540982933,0.0012800402811500142,0.4581208558272355,1.8928064218879341,0.4315228482338234
0.0018625853796922186,-0.0011091280380659753,0.45822033680432217,1.901523028542717,0.4319082413700455
0.00014651795348762507,-0.0003009068962833002,0.45828970241477707,1.8954347589338578,0.43160006985031324
0.0015402240294263754,0.0006327542390338451,0.4579296813464969,1.9018407420788714,0.4320051503834012
0.0008977297125477252,-0.0013801582735921436,0.45839806853539433,1.8974343328304446,0.4316644130825445
-1.6139400350677996e-05,-1.9690335519010876e-05,0.45825715662962263,1.8950453737782924,0.43159075894834503
-0.001775930092142834,0.002881622700164874,0.457931529567768,1.890701195294417,0.4314761860604003
0.0008994054762645624,-0.0034982880232651147,0.4588016662444798,1.895496862839356,0.4314587287586784
0.0007443607131255631,-0.0002623194756470927,0.45820475421889983,1.8978505496094513,0.4317386280455846
0.0004484153524671126,0.0007329126519885264,0.4580533892301576,1.8975868579188335,0.4317687840095381
-0.0014989720622589368,-0.00042408815572298283,0.4585243683388699,1.8887663387704563,0.4312168460893577
0.0014926163843705497,-0.0011497150425952148,0.4582765494910921,1.9000136203279008,0.43182092243140924
-0.0010228318449078144,-0.0027191600180011886,0.4588996681909487,1.888556552555423,0.431100986778855
-0.0012211201351078028,0.0006710078689948793,0.45828077124868377,1.8908797997056401,0.43138614826145855
0.0016925842757263383,0.0008588839146863984,0.4578663842472377,1.902654877043308,0.43206150097265017
0.0002455058120800702,0.004467298028457251,0.4573668906682044,1.9002140712290132,0.43208675442585676
-0.0005194388869222942,-0.0013481378162812023,0.458574862290132,1.8918205512462436,0.43134794659605946
0.0005284548965557562,0.0010970672852549793,0.4579734716104684,1.898240266799464,0.4318222856851097
-0.0010147251162644006,-0.002339954645991275,0.45882662338749924,1.888936865391454,0.431139704478121
0.00029102126351072255,0.0004947926646301584,0.4581192762573587,1.8967413069247976,0.4317101110576793
-0.0013068705462752175,-0.00040449796611902395,0.45849616297020834,1.8895499005435872,0.43126210794941056
-0.0005426606248945462,0.0009201099863830953,0.45814614922872277,1.893811887402441,0.43156348257965493
-0.00011676032365907842,-0.0001720525719047158,0.4582991859483012,1.8945046582328466,0.43155323457783
-0.0003534893341083949,0.002107109000220747,0.4578955231391255,1.8956567629128191,0.4317217380288252
0.0013907600152722448,-0.0007339542835361254,0.4582104570689185,1.89999014858632,0.43183842933285144
0.000846109859637447,-0.0015152180142903634,0.45843053273725565,1.8971048324114836,0.4316396340468938
7.198918419588701e-05,0.001499803636507005,0.4579560684240442,1.896792919957376,0.4317585662513638
0.0015142190036063305,-0.0007651247818037886,0.45820025740480663,1.9004528253846544,0.4318632192524188
-7.406700824488178e-05,0.0003927877091540851,0.4581860532619797,1.8951936933933393,0.43161784593728975
-0.0014981011026544311,3.181201067798856e-05,0.45843765636113354,1.8891886308787962,0.43126141581647626
-0.0006758780396588489,0.0007429586527347303,0.45819705089915397,1.8931183670988867,0.4315161815619591
-0.0011299710319196137,-0.003953728948621883,0.4591475770007619,1.886997053009028,0.4309567374476232
3.828415376418782e-05,0.00052122520272286,0.4581470262678964,1.8957591649010743,0.43165568836013435
-0.0005489322790386693,0.0017776937698131005,0.45798361362667483,1.8945753088022204,0.431645569363352
-0.00027317639124446025,-0.0012113902929193733,0.45851723188376137,1.892927030876926,0.43141680363815776
0.0004777421948357107,-0.0031363817299417764,0.45878709442288645,1.894150292333683,0.43139886662984084
-0.0006774546807407062,-4.154343801008318e-05,0.45834656276164876,1.892391188921045,0.4314394582722073
0.0008488991760216534,-0.0003254345545243077,0.45820318578304386,1.8982087164316261,0.4317560521456567
0.00030847538911611954,-0.0013109910439685853,0.4584612335367444,1.8951519135543708,0.43153828976776504
0.00030172107358010015,0.0033269347981773343,0.45757736959838746,1.8993883352766323,0.4319883272802794
-0.0006863660803188167,0.004732426847815617,0.4574381828433476,1.8967464572514718,0.4319023897796876
-0.0006438364053608423,3.427433862494438e-05,0.4583278142660683,1.8925947758688457,0.431454422660536
0.00017330902707810264,0.0020486092218650726,0.4578381846455488,1.8977010475932687,0.4318348587026141
-0.0012370233261643285,-0.004201092134427453,0.45920802388739923,1.8863436303827952,0.4309085262586506
0.0006060082071540652,0.001590877965541189,0.4578690805104935,1.899003032975951,0.43188785453326445
0.0006236839625033504,0.0052610132602129555,0.4571653182284037,1.9024507420249293,0.43224938003358815
0.00020495130582179628,0.0005077800068068719,0.4581279748634453,1.8964105143856231,0.43169196615647687
0.0009292370545602287,0.000737649532208761,0.4579897520751612,1.8995054140730865,0.4318776494336195
0.0016636930868770417,-0.0024765214927705546,0.45850758433161276,1.8994761834492089,0.4317303752551247
-0.0003753975848069009,-0.006889410210653636,0.45960920807494376,1.8873122717593342,0.4308415870195272
0.0008124159892685525,-0.0007447852084952619,0.4582879505886929,1.8976782589702803,0.4317070127309709
0.0009239624744382059,0.004308289518487803,0.4573079181151566,1.9027689338783123,0.4322242363514046
-5.905106369535005e-06,-0.0005090849510672376,0.458349071550801,1.894636524124956,0.43154543301416365
-0.0004995805634896273,-0.0016757593119302912,0.45863463218615663,1.891598840901572,0.4313205478226315
-0.0006303655342577745,0.0012785429042195039,0.4580892093745902,1.8937919836498802,0.43157859429002465
3.6838007990200795e-05,0.00013255438743083284,0.45822129150722857,1.8953962396947384,0.4316175265151593
-0.00017327193217746644,0.0018287276293404025,0.457925207877089,1.8961185792289141,0.4317352792690217
0.0004939741315408287,-0.00028356319774038176,0.45824135699338164,1.8968341924914216,0.43168010770943643
0.0006647121143884421,-0.0003035598228305005,0.45822298476596646,1.8974955774018074,0.4317166570134524
-0.0011529131831969303,0.0029106353685769437,0.4578458652509776,1.8932109028878898,0.4316196291302951
0.00046529414707503563,-0.0019145253880939127,0.4585559656022724,1.895222157107059,0.4315149244986172
0.0010788252929768937,0.0006899487742260381,0.45797928923683356,1.900057003456669,0.4319067257037065
-0.0015643595819443549,0.0032198973731244946,0.45784001077667075,1.8918556974010112,0.431556892926691
0.0003334869061496177,0.0017828994968989598,0.4578680062209533,1.8980945335900492,0.4318451043825783
0.00019784044417087883,-0.00029905996086962265,0.4582827072567028,1.8956408265023283,0.4316118234530316
-0.0015481558256553996,0.001943166811639665,0.4580807759064595,1.8907459531925863,0.4314362037966869
3.0116316155821118e-05,-0.0005730289554775116,0.4583566005275511,1.8947212374839086,0.4315473334646917
0.00035092365117358896,0.000156207377867579,0.45817606575318426,1.8966686833902562,0.43169065858492184
0.000675652471344593,-0.0007420381325740357,0.4583052024607627,1.8971363353304709,0.43167644720944676
-3.6467211905583374e-05,-0.004277889122528159,0.45907020499942536,1.8910556623893457,0.4311718966525837
-0.00042330036947172404,0.0013514287310067029,0.4580485750279406,1.8946838424886199,0.4316324037531671
0.001336730689916513,-0.0007279540603209419,0.4582163750246533,1.8997806392659773,0.43182683633580926
-0.00012134211822934305,0.0031669040263943293,0.4576632100682886,1.8975562813943496,0.4318773249867179
-0.000325790374996904,0.0014680156266951299,0.4580137407299237,1.8951794346558397,0.4316657519060593
0.001678315911513135,7.955955514553279e-05,0.458017295649054,1.9018818505386066,0.4319824157992254
0.001226920774384913,-0.0014209859280993906,0.45836302550536023,1.8987071135514473,0.4317346429272266
0.00020767170671860915,-0.00015471200694424468,0.4582539211859381,1.8958125909518364,0.4316280904602039
0.00011491334646186021,0.0022594063872540837,0.4578055726819244,1.8976623690744836,0.431842218494976
0.0023898734916064823,-0.0013309371304745022,0.4581934188154354,1.9034169642771126,0.4320054487808774
-0.0005751194972130965,0.0009947767206933175,0.4581361183189633,1.8937512161238348,0.43156342946542015
-0.0010551464477685487,0.0009940313970927242,0.4581980468432453,1.8918380528907646,0.4314550502892988
0.0005719035382909351,-0.0005550133564961592,0.4582830063684731,1.8968950877591846,0.4316712581874497
0.0005311930685319888,-0.0030986346933354445,0.4587730230158584,1.8943977325305654,0.431414589691692
0.0007598810734800226,-0.0030896682734231455,0.4587418234995706,1.8953163752133635,0.431467020081245
-0.0006964496660510412,-0.0011123956624965112,0.45855270496840167,1.8913318890650375,0.4313309532526356
-0.0004011352463042578,0.0017175340409671797,0.4579759482394879,1.8951087355919192,0.43167305260078676
8.165074098666086e-05,-0.0007948734141931537,0.4583922061893836,1.8947226917282503,0.4315373651034599
0.0005434819693325174,0.0031625532117395844,0.45757707681870696,1.9001997091628775,0.4320268292973309
6.188942158873883e-06,0.0007315960909959216,0.4581110858097598,1.8958246922305715,0.4316689301791464
0.0012396972636072355,0.00053565365385044,0.45798769240763737,1.9005554877083513,0.4319279652639841
-0.001283847108163802,0.0049805721183619235,0.4574685326454796,1.8945942118482058,0.4317917470575883
0.002208358690512209,-0.0039697359404584475,0.45872165567881773,1.900272973028238,0.4317078482430553
-3.9157350149608714e-05,0.0008345654742105712,0.4580973357932956,1.8957387419471827,0.43166872773397613
0.0009657306084661541,0.0013380121179470091,0.4578702996066488,1.9002025740685282,0.4319443302618012
-0.0002721948523364014,-0.0021076727244905345,0.4586876489471381,1.8921080409465958,0.43132981667046116
0.00010295628276964792,0.0020668715917241567,0.45784386679477884,1.8974376801001067,0.4318207711730369
-0.001089616829598789,-0.0020543781966064394,0.4587819110278427,1.8889005868353186,0.4311505880778136
-2.4627965149523836e-05,-0.003874975728339148,0.4589920858660127,1.8914723446411026,0.43121374810615193
-0.00026029728404899845,-0.0008730657500330795,0.4584511782012266,1.8932890364188006,0.43145263245094423
0.00045076198188013974,-0.0014035336350523514,0.4584604714865912,1.8956334674292887,0.43156136824789026
-0.0008821214467265192,-0.0007883827686432203,0.4585148604790822,1.8908897478693083,0.43132059359238833
-4.992605331586492e-05,-0.001329316731692226,0.45851095714156775,1.8937078828141847,0.43145568181157723
1.2119561921284992e-05,0.0015004397057068802,0.4579637280681375,1.8965550786881924,0.4317451257476927
0.0011851198903585812,0.003409819089840864,0.4574453222269864,1.902981507753863,0.43219556931848085
-0.0007834847887405191,-0.0008395353495035054,0.4585119611579831,1.89123574215885,0.43133787030690035
-0.002482870435881299,0.0037986484671676548,0.45784771305846683,1.8887264871662415,0.4314059013444317
-0.0007247107567790778,-6.675135678320258e-05,0.4583574295097934,1.8921797684644401,0.43142634315205647
0.0005225723376074328,-0.0027171030019754183,0.4587014679026826,1.8947135243466038,0.4314497588597249
0.0004639120776917988,-5.278259035335137e-05,0.45820124845085525,1.8969265327622875,0.43169579265432123
-0.0018260296941281689,0.0005840111278356753,0.45837455021462314,1.8883889817940849,0.43124114796105745
0.0011945226303556166,-0.0037356041474424675,0.45880875008215116,1.8964537829452457,0.43150216896745336
0.0008072147669636534,0.0004184300045626488,0.45806664195855673,1.8987262870491115,0.4318190639400136
0.0004748229795596262,0.0008830211852787288,0.45802130943172903,1.8978299744025244,0.4317893527778201
0.0013039360511597248,-0.00044729603596318287,0.4581670596622932,1.8999079423660017,0.4318467609886301
0.0008735873858889151,-0.000819829512387107,0.45829431094477835,1.8978528361974818,0.431713499410328
0.0007279334302761858,-0.0016279645945631914,0.45846736145206757,1.896530869223045,0.43160202160762223
-0.00010834069523101493,0.003462024593716067,0.4576051955400633,1.897879617773276,0.43190900653801384
0.00044561755601306213,-0.00031643028543990726,0.458253901590684,1.896611465628424,0.4316660052893913
-0.0011448081494845994,-0.0015802640064261143,0.45869888148235205,1.8891159213135709,0.43118426266329307
0.00019364586524767103,0.0018788044754137476,0.4578679350522348,1.8976258777404458,0.43182290867146766
0.0004260633493460318,0.0010482805103694264,0.4579961273480248,1.8977877429199153,0.4317944482573457
-4.1754868680925844e-05,0.0027040391396133574,0.45774115277379007,1.8974474223527653,0.43185018992323343
-0.00039079029339859927,-0.0010994418335855394,0.4585110399503696,1.8925613732033368,0.43140116772774195
0.0008880960663214148,0.00012721749210730542,0.45811167911407646,1.898780646401098,0.4318089489406945
-0.00027855985198887734,-0.0011522063091730034,0.45850665978586,1.8929599385929763,0.431421348598122
-0.00025689273181099076,0.0012471260628146527,0.45804691342309856,1.8952507852838132,0.4316597851474722
0.00035374873987851244,-0.002419261390115775,0.4586665033801023,1.8943147131835307,0.43144066735029096
0.00042633317767779455,0.0003580355329926559,0.4581277760342401,1.897154405840091,0.43172730967643475
-0.0010001769294403396,0.00154566904289266,0.4580860141397426,1.892564191422595,0.431521164721764
-0.00028041860604448147,-0.0006708846492315146,0.45841527950715855,1.8933945944368147,0.4314677702297785
0.0007958097252439554,0.0026413914639968456,0.4576435417906155,1.9007248098182332,0.43203295520384133
-0.0006885684882205213,0.0008765218591202127,0.458173259555842,1.8931905696024174,0.431526321615682
-0.0008760744830052304,0.004628503281243241,0.45748269536256203,1.8958949440371464,0.4318494589796206
-0.0004937684977042639,0.0023899892943268866,0.45785979475273547,1.8953581437636684,0.4317176427227959
-0.0006473175837925803,0.0016226082719083775,0.4580258718699019,1.894040774056255,0.43160827164309556
0.002218876329455045,-0.005081951348425927,0.4589326515536265,1.8992948352332333,0.43160206558808994
-0.00043449763669537833,0.001001029648695489,0.4581167732554382,1.8943171293456669,0.43159576130165495
-9.286011458187039e-05,-0.0013369414438552272,0.458517936378919,1.8935298950141786,0.431445256646228
0.002152145476108875,0.00015900280739810637,0.4579396746093804,1.9038400552410069,0.43209691117266535
-0.0016444238321675375,0.0017082934896389616,0.4581377585527866,1.8901462960775994,0.43139160328855536
-0.001721610131157287,0.002301697647539471,0.4580348323376857,1.8903843078701332,0.43143196658671223
-0.0005777507811854158,0.00028967931390614743,0.4582707011922802,1.8930927175917565,0.43149419305939973
0.0012609571239357354,0.00023574344974810986,0.45804220779563043,1.9003644794376722,0.43190356066357855
-0.0013910812217728498,-0.003391886239215431,0.4590739944839213,1.8864719413625521,0.43095245397956616
0.0011825868744467466,0.001480865044342103,0.45781454923578135,1.9011970841821981,0.43200712290280163
-0.000815756264844148,0.0017190328471753634,0.45802925081148427,1.893458378114165,0.4315796581941276
0.000496653223351055,0.001295403433357121,0.45793976499218536,1.8982959823837262,0.43183442661289
-0.0022589039371354435,-0.0006041843102069011,0.45865492605503466,1.885571703927106,0.4310277696499569
0.000900409515073746,0.0014669034562847486,0.4578542348038696,1.9000610582867663,0.4319421554565519
0.0008814169865951833,-0.004914510304855734,0.45907373045265326,1.8941263837235487,0.4313169540989729
0.00016906322276910585,0.0009843905989797444,0.45804174956331917,1.8967056658390393,0.431730274001485
0.0025519243691209267,-0.0019075142371317447,0.4582823801401536,1.9035320743091866,0.4319858456744524
-0.00032926867874915467,7.171292719589228e-05,0.4582801829259622,1.8938822283419052,0.4315290292605992
0.0008860945202099346,-0.0008866566018617934,0.4583054341458294,1.8978412422967916,0.4317098152121023
0.001147247659423665,-0.0015758131463238772,0.4584029503517812,1.8982478423306826,0.4317016191988687
0.0002668693439430226,-0.0010547893334597633,0.4584177946056824,1.8952215260848644,0.43155383931465036
0.00015818285793989934,-0.0013816348693561566,0.4584940965914874,1.8944885894662173,0.4314975241573639
-0.0015972856078001227,0.002186186286250677,0.45804086319866066,1.8907736150199683,0.43144878038560247
0.00030341624712812117,-0.0011172942359649856,0.4584249799775611,1.895309646532275,0.4315559979127592
0.0002009251139017235,0.001980335799275117,0.4578476129354324,1.897748232674599,0.43183443772307273
-0.0009774780754471816,-0.00022071071355278098,0.45841912791272005,1.891031265414135,0.4313543264720406
0.0005391634788982431,0.0010523103859134604,0.45798061725021877,1.8982417587789808,0.43182034245598094
-0.00033530482054254106,-0.004213957788279591,0.45909615523270786,1.8899241298843819,0.43111071263188117
0.001242925470325622,0.0006565883417719036,0.45796416122774986,1.9006794870653816,0.4319404665159587
1.3067145887655094e-05,-0.0005570583259325141,0.4583557600984923,1.8946680115359105,0.43154504274975447
0.00026340490911000154,-0.0008511978622737805,0.45837944763502425,1.8953947162848352,0.43157287110629833
-0.00102469020915041,-0.0014795347482202588,0.4586644392570208,1.8896870200192684,0.431221168434743
-0.0005968331052048863,-0.0012247025851779253,0.45856130321303945,1.8916255974215006,0.4313424983210645
-0.0011587167313079705,0.0012726574914317034,0.45815834111386894,1.89168147671772,0.43145880636033895
-0.0013098030620250342,0.0013194532514064514,0.45816882662516645,1.8911224235107158,0.4314292664011689
-0.0010146580653611669,0.0007049284897887193,0.4582478464419729,1.8917336627420507,0.4314360406350595
0.0013740540509990507,0.0004065454125807345,0.45799474550923946,1.9009715529616313,0.43194567840591774
-0.0007308107533215692,9.655360385648228e-05,0.45832714091856624,1.892305508884414,0.4314408625986804
0.0001481357333621205,-0.0034676118713977367,0.4588924851663398,1.8925340039282539,0.43129232724154126
-0.0006076832390144627,0.0003260190109694758,0.45826763703427215,1.8930068704708096,0.4314909777822848
-0.0004692062332434909,0.00015941502449322916,0.45828152096151703,1.8934054071760726,0.4315059995013969
0.0007339759930195666,0.0015331274718012086,0.45786337501324037,1.8994593956343717,0.43191108266008676
0.0009056990874218526,0.0011770879296182134,0.4579089030633048,1.8998156638031907,0.43191512822215905
-0.00028792926004674073,-3.681572675872476e-05,0.45829551864218254,1.8939471692212884,0.4315277900464311
-0.00027116161312043004,-0.0006264577899221063,0.458405629772242,1.893472272331125,0.4314741820194352
-0.00017966435980189334,-0.0034494061488169183,0.4589309828135848,1.8912452962839539,0.43122017053827727
-0.00033317543662138597,-4.8155357323506845e-05,0.45830351213384485,1.8937565323628576,0.4315164802399478
-0.0009739670536596504,-4.803725449577169e-05,0.4583858423762066,1.8912038922584302,0.43137192561189447
0.0005155259880013881,-0.0003288033708432019,0.45824718621800453,1.8968784373236158,0.4316805637460041
0.002076629907932479,-0.0052129092430895935,0.4589761414669945,1.8986089189831337,0.43155728800479454
-0.00020635285337021247,-0.0036508099592968547,0.4589726836065357,1.8909542442017735,0.43119456315745475
0.0009799714126811872,0.005308271613341005,0.4571091218202896,1.9039126689914314,0.4323343122823708
-0.0025020070890838264,0.000255840180345204,0.45852255890742055,1.8853924627049716,0.43105658256026996
0.0005190901720315565,-0.0006048458518539093,0.458299364063144,1.8966390440007297,0.43165450035786873
0.000551648109202287,-0.004485953688629293,0.45903450725159184,1.893206588321837,0.43128428051709894
0.000852027950446081,0.0007439820921671823,0.457998635662714,1.8992038878688369,0.4318608604339433
2.2826491327730835e-05,-0.0011751650640868183,0.45847222998471315,1.8941391716267615,0.43148709024665827
0.000638394088534535,-0.0009707724759503838,0.458353661833825,1.8967779159934888,0.43164578649975804
0.0002231222808890469,-0.001020170951451408,0.45841685277626276,1.8950791224192138,0.43154734316785887
-0.0022468140584993817,-6.262584334162904e-05,0.4585506882119655,1.8861173710131207,0.4310832070641322
0.00020218746828489634,0.0015087689187048038,0.4579374216543573,1.8973196427554375,0.43178880155682414
-0.0008760817442949106,-6.616319181931635e-05,0.45837674290551134,1.8915772417551073,0.4313922477744734
0.0006171476579186898,0.00029086308229181435,0.4581157644887872,1.8978523898440411,0.43176379433174056
0.0012424662244997727,0.003983304943855189,0.45732798700330823,1.9037375668712755,0.43226436803864304
-0.0009086304486937534,-0.0038418041197102663,0.4590983149281867,1.887981599009683,0.4310175646004029
0.0008566309121968382,0.0030588904385895513,0.4575557446792905,1.9013510314608333,0.4320873340022485
0.0009223002918409552,0.0016278559795993557,0.45782061644803707,1.9002961901790425,0.4319627633346201
-0.0006186495614667908,-0.0014271045026019176,0.4586025911626767,1.8913528345522874,0.43131788146733524
0.000888392283848658,-0.0018231081611044667,0.4584837636146628,1.8969904493650853,0.43161920731884706
-0.0018133272731259535,-0.00199506673882656,0.45886240537509115,1.886070863755944,0.4309930235793908
0.00249225100505734,0.0038467898326246318,0.4571877643919194,1.9085846725887186,0.4325326823227329
-0.0006864610538433735,-0.0014579001714623938,0.4586171261332016,1.8910544185327516,0.431299586498787
0.0002314143873849563,-0.0014987301153994445,0.4585069513277894,1.8946726766385487,0.43150264427150464
0.0013100913938936072,-0.0001566143590447963,0.4581107300615763,1.9001995002579573,0.4318764417697769
-0.0010863026363119427,0.0026177988921908405,0.45789302580125535,1.8932069559762328,0.43160613858251135
-0.0005831362094025524,0.0004425272686967967,0.45824229828207813,1.893211721203432,0.431507857232891
-1.2659095667571045e-05,-0.0006287531428567785,0.4583727387498524,1.8944997022463528,0.43153226298176844
0.000324929848855281,-0.001384988857108513,0.45847320636642264,1.895149480913988,0.43153479951457135
-0.0018444762394044295,-0.004415949349831737,0.45932516388630873,1.8837257042177797,0.4307505348701956
-0.0012665945326488215,-0.001516882162297892,0.45870234213814676,1.8886888222922538,0.43116294691145174
-2.296531067471314e-05,0.00011059372982074408,0.45823321469163675,1.8951378980881577,0.4316019012952777
0.0005560352041911123,0.0002397380143787374,0.45813347367931667,1.897562102571527,0.4317450386783911
-0.0007934467301516236,-0.0014177872289370492,0.4586231812364221,1.8906650343855305,0.4312793523956496
-0.002118806584941388,-0.0003382761451894863,0.45858677577459833,1.8863744858074813,0.43108527947057024
0.000484858632172881,0.001059313842112376,0.45798636064503256,1.8980319836205797,0.4318087798558313
-0.00012142499811602057,-0.0003483638656563141,0.45833337106553595,1.894324103498705,0.4315350216562566
0.000936299676418284,3.077637364414564e-05,0.4581237995111215,1.898883909885802,0.43181042762400706
0.0007378244552324543,0.001165002353798085,0.45793316911127124,1.8991362679337305,0.4318761054375789
0.0002131569524892371,0.0026128439558528596,0.4577253008938901,1.8983786890081915,0.4318987973820859
-0.0005726980814607332,-0.0007177531361005915,0.45846177215641803,1.8921873188279112,0.43139727694637164
-0.0008079819539975808,-0.0015943715730377425,0.45865860589472235,1.8904449927362463,0.43125889089805275
0.0015559896124343654,0.0035186319033768247,0.45737540990901726,1.9045576551725432,0.43228975878894804
2.2904603566273244e-05,0.001136481605905037,0.4580317283518385,1.8962634272668348,0.4317121198636062
0.0011753225802024641,0.0016149304110449514,0.45778987719002556,1.9012914418998763,0.4320185403912511
0.0012053499790472388,-0.0025259333302309725,0.4585766707380851,1.8976068563022457,0.43162227373644013
-0.0006393792353005095,0.0009053095806880176,0.4581614402707461,1.8934129898118277,0.43154022185277935
0.0014353369168117424,0.0002077151230726808,0.45802470467881695,1.9010327154839526,0.43194013407987375
-0.0008584362281974517,-0.0007090191575792355,0.4584967389189211,1.891057006284609,0.43133366128432127
-0.0006605820926906234,-0.001716649559212918,0.45866301279665544,1.8909199454239567,0.4312802483733484
0.001501183225921797,-0.0012512056760250738,0.4582948139793139,1.899954504150083,0.43181297653240813
2.042149394286545e-05,0.004324848864345757,0.45742363001581066,1.8991865672331913,0.43202211158255
0.0011847184697750441,0.0006723019420645811,0.4579687890948698,1.9004622624025709,0.43192887665399377
-0.0006118830350560978,0.0008206034640289862,0.4581740235393079,1.8934446708966763,0.43153817837059116
0.0016216809586574983,0.0012460820753642083,0.45780166413259726,1.9027286905678296,0.43208322325450904
0.0012615466369983225,0.0001961807413031102,0.458049688956839,1.900330469639455,0.43189984223765415
0.0005162737520235223,-0.00040192131087353033,0.458261033199575,1.8968142423852163,0.431673615660693
0.00042689769523836647,0.0026008987649037423,0.45769963940828645,1.899218798110629,0.43194583288722116
-0.0014311306895623819,-0.00012503697235092742,0.4584589153042837,1.889311429954865,0.4312612640376591
0.00024026431761191806,-0.0011421786779268368,0.4584378835800863,1.8950353315465682,0.4315393356328138
-0.00030803305212939627,0.0015738184726562594,0.4579912770943959,1.8953474408848918,0.4316800597838383
0.002001648800207367,0.0012589079675896994,0.4577490354812521,1.9042523365815018,0.4321700907778669
0.0003261123877177762,-0.003102890365324267,0.4588002251254908,1.893577305756437,0.43136793484336716
0.0019275453738223217,0.00015387845606643452,0.45797028256066746,1.9029417963193869,0.43204580921306146
-3.3828775696498315e-05,-0.002236806326913801,0.45868163103910975,1.8929388374628797,0.4313710155397751
-5.683626854823957e-05,-0.0021922670078176145,0.45867610990882224,1.892888094459937,0.43137015974933074
7.101124859618726e-05,0.000932630898955347,0.45806435197593776,1.8962676212604046,0.4317031218699495
3.123575069631168e-05,0.0005593082245936972,0.4581406805490438,1.8957660947503647,0.43165780616887756
-0.0008518271560939969,0.0028595199762683904,0.45781669847071577,1.8943635735633932,0.431682590867845
-0.0006532239535213168,-0.0036366274867473637,0.4590269309932179,1.889187299356039,0.431095140863441
-0.00018750360608080604,-0.001527483422254256,0.4585663796440764,1.8929780017501727,0.43140536952159747
-0.0010097775923086734,-0.0007097555538751196,0.4585162383618098,1.8904533445430134,0.4312994416185249
0.00029120236734881137,-0.0023636452693984377,0.458663970047759,1.8941167192922386,0.43143197435025027
-0.00013754506270852412,0.0028534496576173283,0.4577251275446778,1.8972033627446532,0.4318431375280749
0.0006827421116519051,-0.0003039536712092919,0.4582207149892642,1.8975669946872158,0.43172068364198934
0.000127738200550929,-0.00023977180337634752,0.45828048203805394,1.8954161400140228,0.43160178517223474
-4.778072319549041e-05,0.0014647567845097959,0.4579783124347756,1.8962837162291426,0.4317281414461859
-9.252393722633691e-05,-0.0048088784328849925,0.45917828073816647,1.8903455240829838,0.4311076238156459
-2.151340883057591e-05,-0.0017789602904575705,0.4585929029042466,1.8934081822704927,0.4314183380925431
0.0006512720467543749,-0.0012206347050538464,0.4583996358623862,1.8965997135053505,0.43162437454645525
0.00014841708249256952,0.004354558519741344,0.45740117502154976,1.8997236531960973,0.43205387359904235
-0.0010468892860297887,-0.0022492799618638484,0.4588134929746359,1.8888919349840219,0.4311412680379732
-0.0014115218725439136,-0.004789717825314276,0.4593416124810136,1.8851085421085485,0.4308119134583926
-0.0018784739748061183,0.000729088616487243,0.45835367562301843,1.8883132567952414,0.431243432307647
-0.0006380641825230785,-0.0037363190796901847,0.4590439385990568,1.88915624353709,0.43108886557216775
-0.0014826422564085888,0.0012345083498127131,0.4582071197282321,1.8903555247297315,0.43138198728109534
-0.0007752709957362186,-0.000733685294526712,0.4584907794511389,1.8913656844388995,0.43135002470287
0.000330458416169097,0.0027127944903741143,0.4576908886663821,1.8989377291366683,0.4319349849772889
0.0019410241945402142,0.002064890589553315,0.45760274719275873,1.9047522856025048,0.4322349189078121
0.0001436090574544966,0.0003683396992381384,0.4581625175287121,1.8960380977627416,0.4316645582468078
0.0018021700520679347,0.0028571966538641904,0.4574694273821023,1.9049286354129151,0.432280801491449
-0.0003105032499620735,0.0009154689869162951,0.4581170465673342,1.8947323809584704,0.4316154012995811
0.00028694989431289625,0.00010474798152211309,0.45819418086388675,1.8963666669245038,0.431671223542288
-0.0005000410319768704,-0.0026529508069292563,0.4588204961625305,1.8907000317031013,0.4312253749607859
-0.0005340215111205941,-0.0030882948083845595,0.458907576391136,1.8901651931531036,0.43117536285572516
0.0012237631173160303,0.001073140712472367,0.457887071244563,1.9009861188116624,0.4319767035554219
-0.0012059622726973294,0.002791659490178897,0.4578753577383602,1.8928900594144964,0.43159606903424164
0.0008917336123807631,-0.00381721058614467,0.4588634191218432,1.8951737569060252,0.4314259819026565
0.0018414134129208716,0.0016198251683611246,0.4577011403157116,1.9039466617947816,0.4321691313812136
0.002064174345870239,-0.002462243809411582,0.45845251540922916,1.9010826616969843,0.43182199947046407
0.0005307084282032511,0.000846157504162365,0.4580210625490075,1.8980185969287782,0.4317983646467385
0.0002018520984136581,0.0003424763142401396,0.4581598947798151,1.8962462609003503,0.43167517510203546
0.001053346258069324,-0.0029888396594340717,0.4586846608222406,1.8965770411817677,0.4315429816204678
-0.0012420989449501403,-0.0027884172764090897,0.45894064022583086,1.8876193105955952,0.43104477159216603
-0.0005576642572045757,-0.0012109213861086362,0.45855366183594226,1.891794283361797,0.43135267562877505
0.0003673741005436299,0.000532959360641366,0.4581020754831947,1.897080405865377,0.4317310439094965
3.132917876854694e-05,-0.0013532602102944119,0.45850504896105304,1.894009487904003,0.43147167741169823
-0.0004419174629948713,0.0019049301562251736,0.4579455188203474,1.8951186009933934,0.43168210132055573
0.0007636271964314161,0.0002018979625355419,0.4581136577753442,1.898353783844749,0.4317881584672543
-0.0003225617966956604,0.003106021212096385,0.4577010363810701,1.896698804533745,0.4318260064278753
-0.0005941472482733275,0.0012973069754270272,0.45808096097609574,1.8939535168582213,0.43158859227763974
0.0011536095090930708,-0.0005309798044097477,0.45820268339324377,1.8992327679827925,0.43180473349978843
0.000825440856135925,-0.0022313776289330147,0.4585697692019549,1.8963650606522195,0.4315652938356027
0.0010125884447178906,0.0003992803464722354,0.4580434727136329,1.8995262099282368,0.4318634972366867
-0.0015866850500009676,0.0013390581140685903,0.4582005569905677,1.8900369662260725,0.43136868347023033
-0.0008922729736249267,0.002563670367164618,0.457878282393686,1.893930281949775,0.43164464935120095
-0.0006789864465907312,-0.00032945652609163184,0.45840154061288935,1.8921205792707467,0.4314110892541552
0.0002829735338980204,-0.0006648408154118925,0.45834140061403184,1.89564380730147,0.4315954204694269
0.0002595759255096516,-0.001106660377656807,0.4584286207970573,1.89514484718347,0.4315471468389027
0.0006718269385474188,1.096743933539426e-05,0.45816205157709705,1.8978128824970666,0.43174887622882174
0.00021108270214119295,-0.0055051605286692605,0.45927192025943947,1.8909162237461892,0.43110839819477026
0.0011614239303980028,6.367399740859056e-05,0.45808810484358153,1.8998102150029665,0.43186437615816586
-0.0017826209057989484,0.00019094766941056844,0.4584436675912778,1.8882008284080578,0.43121268470628527
0.00046719280358080125,0.0021414653892426034,0.45778209868096204,1.8989566583509097,0.4319101727637503
-0.001082721962124183,0.0030940862434556313,0.45780187071332756,1.8936593712568222,0.43165333787810545
-0.0001593534684319829,0.00478947690316487,0.45735844805385784,1.8988983265253194,0.43202683814972537
-0.0001462505135169487,0.0013594502520363632,0.4580111664947992,1.895794724764942,0.4316956781609792
-0.00036660971526478913,-0.0022317396050948474,0.45872334430954387,1.8916181043584048,0.431296449919262
0.0010966602230045074,0.001812691464342714,0.4577624110683518,1.9011601962634577,0.43202006735954984
0.0015385485547766732,0.001713938042299239,0.4577231267196512,1.902828056385481,0.4321100468240639
-0.0005731767186968305,-0.0033249161844761846,0.45895752871763007,1.8897921247918446,0.4311435152250687
-0.0006505942326867561,-0.0013500390439335902,0.45859202571441593,1.8912963412127868,0.4313181736310816
-0.0008151996782767846,0.0011647823194683572,0.45813469648451366,1.892951039958324,0.4315258163899591
0.000327799560419969,-0.0005395377476752239,0.458311713013829,1.8959373966871877,0.43161772377896973
0.00017258266333193746,-0.00029125837842213545,0.4582844901821622,1.8955474156691263,0.43160688690488097
0.00021278162231055576,0.001504113213733755,0.4579369307919049,1.8973575490832868,0.4317907373232684
0.0009594482783061824,-0.001371888851146615,0.4583884699673851,1.8976876000694651,0.43167913064834906
-0.0015068027658293119,0.00285482554725735,0.4579020680828831,1.8917492391758142,0.4315343243636663
0.00011451493840280581,0.002211446987007881,0.45781477582870594,1.8976166733324271,0.43183745786170763
-0.0016431128094159164,-0.0006599965088764425,0.4585875001063734,1.8879751711489752,0.43116135315108584
2.7078671328110538e-05,-0.0028829696183208025,0.4587967723384533,1.8925883619453063,0.4313218929805555
-0.000515898153960487,0.0014489436922113302,0.45804197034066285,1.894404636299105,0.43162100981157964
0.0010785569850898533,0.003188156501707099,0.4575017929193859,1.9023533805227653,0.43214995501892234
-0.0008635837375457488,-0.002802652819063588,0.45889527998498236,1.88911441280112,0.43112879661036746
0.0005204812956083935,0.001880901978457687,0.45782488342523864,1.898929203527629,0.43189681306548844
0.00019303351980488176,-0.002602913449783324,0.45872215880411704,1.8935062211435285,0.43138656078738824
0.0007821097697520267,0.0015851366644670632,0.45784714255505693,1.8996988372217796,0.4319269988987061
0.0005533647888543254,-0.0009741631575894622,0.458365337146332,1.8964362813693645,0.4316262855840578
0.00030405268087473183,0.0015814097507751072,0.4579102949327976,1.8977920596772109,0.4318188462723882
-0.0005587620473367762,-0.0036874161801589366,0.4590245629263252,1.889516999858958,0.43111151132148773
0.00032857532336800073,0.0009616859938751434,0.45802534059583433,1.8973199710152564,0.43176403442124567
1.3514643359016462e-05,0.0017782437896122455,0.45791056566319543,1.8968160679750476,0.4317724919587007
-0.0005866331168331957,-0.00016456507900522996,0.45835830056939963,1.892639969486912,0.431447973577059
-0.0003051930200638618,0.0011428141433471907,0.45807304335252186,1.8949625107489472,0.43163873383529416
0.0015956794471486326,-0.0005024156359096601,0.45813938759744766,1.901018312108689,0.431907145746968
0.002054989181681881,0.003057948356922092,0.4573973834868838,1.9061192444428363,0.4323573226372394
0.0007906967381487736,0.0011740044187553283,0.4579245382164182,1.8993550268360941,0.43188890193516244
0.0017708230936297612,-0.0003610086948113898,0.4580893708898097,1.9018451346519658,0.4319603764693689
-0.00011195546695272498,-0.002125137671544273,0.4586704133314522,1.8927302009657565,0.43136425930617966
0.00047282899466221116,0.0026896461837813135,0.45767667782388555,1.899483319399862,0.43196483386266205
0.0005324080816429619,0.0008461770063672847,0.4580208373303774,1.898025381894004,0.43179874977342264
-0.0002007012238790107,0.00033917729875266396,0.4582126429457898,1.8946400778283758,0.43158406499418833
-0.0014250753053071093,0.002097659207723307,0.4580356061318394,1.8913785547726587,0.4314790283236401
-0.0004099646283731439,-0.002209226608814876,0.45872461299674455,1.8914660807973227,0.4312888605453772
-0.0007514437741699044,-0.0016491051166714937,0.45866178669556945,1.8906199848911516,0.431266321259362
0.0008552791672588595,0.0021163264499692233,0.4577360738693712,1.9004785942007547,0.43199522343191354
-0.0013577273810365504,0.001852578972139029,0.4580735773435508,1.8914215917229373,0.4314703621531684
0.0008880851372258135,-0.0011586926584363708,0.4583570750472238,1.897599320085539,0.43168379012112296
-0.0014865163333864393,-0.0014908672554025436,0.45872534805109844,1.8878362925524759,0.4311158454382237
-0.0006338103185839743,0.0006849502547905197,0.45820267524700115,1.8932326416055176,0.43152002502035053
-0.0003576735277483593,-0.004056542616618081,0.4590690938757262,1.8899794045595302,0.43112097465546695
0.00023360490502172853,-0.003068483633451777,0.458805564231624,1.8932405334863922,0.43135042171138466
0.000905463684269206,-0.002413697525169945,0.45859416283415466,1.896516250062159,0.4315655958796026
-0.0006929148986122438,-0.0017085492703471652,0.45866560667783807,1.8907985773331648,0.4312737420951912
-0.0005425732914299525,0.0025960173824227345,0.45782685425750225,1.8953532303684393,0.43172669862240215
0.0008520079214206881,0.001203479099082354,0.4579108893445136,1.8996261949211541,0.43190559396309997
0.0003192947382159595,-0.003095574835221867,0.4587997089989432,1.8935568725604368,0.43136710911157883
-0.0005206585462522837,-0.001103524295966743,0.4585284866029334,1.8920403191282136,0.4313714746682206
-0.0009774860566578224,0.0010181822409329334,0.4581834748137398,1.8921696900831473,0.4314749255791082
-0.00074109258348497,-0.0014196154980588497,0.4586168350829506,1.8908719300060843,0.4312909863862066
-0.0010443786554781723,-0.004115065335527632,0.45916736362509997,1.8871901245260003,0.43096036200348725
0.0005952495088813527,0.0026616864293331757,0.45766597916089147,1.8999450150723567,0.4319897136830798
0.00017475031904755475,-0.0019532790671324585,0.45860082741148744,1.8940297126036467,0.43144563876712766
-0.002705115895751456,0.00034583816615810654,0.45853113725988026,1.8846652301290614,0.4310194756292891
0.0012162952794804826,0.0005944587732331961,0.4579795237968608,1.900516394138451,0.43192841551461303
0.0009271412234329215,0.0029563622928455054,0.45756606833354174,1.9015373861991958,0.4320932424982145
0.001126894055498455,-0.00088272457930925,0.45827332086235983,1.8988033347712983,0.43176447814632746
0.0010524265458806189,0.0015513392964618844,0.4578181694829845,1.9007438075115695,0.43198464599324604
-0.001537019845076144,-0.0008106304066198934,0.45860261635483196,1.8882596638888156,0.43117063991185406
-0.0014238192293219,-0.00021855481228012758,0.4584757500254527,1.8892546550966027,0.43125381194058093
0.0005782878930073289,-0.0021359478662910697,0.4585835560688034,1.8954687541222268,0.43151885807164986
-0.002055793955524718,0.002596676020686404,0.4580215227883474,1.8893234491837185,0.43138525257675087
0.00037684724866762716,0.002942307802717237,0.4576409902080194,1.8993335877210644,0.4319678012211597
-0.0013236687955892894,0.00212110815580593,0.458018119772034,1.8918042503061014,0.4315041984840155
0.0020739356582993745,0.004014245185389832,0.45721155224564614,1.9070747249419242,0.43245475824500146
-0.00021006046663556236,0.0005383055761108865,0.45817591643789785,1.8947857956634997,0.4316013387770069
-0.00015400628031036483,0.001996878408401912,0.4578906439432363,1.8963499389394132,0.43175599964130335
0.0010377892850122908,0.00017396295585610832,0.4580832063765591,1.8994194608452464,0.4318472438107334
-0.0013590857332267377,0.0014821833048790486,0.45814419862583894,1.891075625747187,0.431433988695837
-0.00046983921629637886,0.0012576950740165332,0.4580724487181934,1.8944122892044712,0.43161277864218395
0.0002631535499182668,0.003247301713176426,0.45759762806404797,1.8991614842925306,0.4319718725599202
0.0011376496079256912,-0.0009019898284637521,0.4582755958959084,1.8988284485992886,0.4317650275646459
0.00034901807429035575,0.003528167428825415,0.4575327338177812,1.899761845202305,0.43201859662166525
-0.0005372895574269202,0.0008668719341993898,0.4581555943528931,1.8937843496568538,0.4315595111113497
0.0011907519129201957,0.0025137699735196897,0.45761598713695184,1.9021795091592197,0.4321095551669518
0.0005186050630832153,-0.0026403970862388534,0.45868736864283977,1.8947681258728246,0.43145632620930074
-0.0012609844415154912,0.0004949229671843775,0.45831935441409355,1.8905591219128428,0.43136001020990994
0.00038734293829451987,0.005095452223816317,0.45722816475257594,1.9013572458425847,0.4321799528611189
-0.0008613854599989966,0.0022756471955978214,0.45792914690755193,1.8937884362653994,0.43162356744942104
0.0007704461281507327,-0.0033430525808908324,0.458788734557365,1.8951259430516831,0.43144475597389115
-0.0008182992178652276,0.0003324843448683367,0.45829348923900415,1.8921737436791841,0.43144408943000784
-0.0004935475465626606,-0.0003088899498520734,0.45837379863011507,1.8928781867663718,0.43145492551854625
0.00047012652602074364,-0.0016188935172251554,0.4584990085503996,1.895512820074264,0.4315447788685289
0.0004663904188079587,-0.0012725685491050624,0.45843348878227363,1.895815955014334,0.43157763620880335
-0.0005446519840931392,0.00107369501884305,0.4581171577860731,1.893945128583191,0.43157798644230744
-0.0005734462182731281,0.0005743808210447721,0.458215948189715,1.8933714946355675,0.4315228791081891
0.0015993812041923557,5.4171464077955725e-05,0.4580325201013715,1.9015444248029552,0.4319621566414213
-0.00014607418929336364,0.0014705789022225835,0.4579899590655797,1.8958975960266735,0.43170653863112757
-0.0003655702545230972,0.002165623727930982,0.4578859360336637,1.8956624552714807,0.4317247114199697
-0.0012828623956473212,0.0012371404349440646,0.4581810262190772,1.8911541160442824,0.431427331996389
-0.0005120797971352578,-0.0015974500817281527,0.45862133949866657,1.891620949303096,0.43132534767457886
0.0017696680646889498,-0.0017002161978026387,0.45834546891120165,1.9006105264714352,0.4318297855653637
0.0017567031115569578,0.0013165893898362065,0.4577703642431363,1.90333078724586,0.4321205152767997
0.0014530195912686233,-0.0019535032009251785,0.45843520531183224,1.8991179761554509,0.43173378489040154
0.0011989483233094168,0.002913500623873281,0.4575384496014713,1.9025798668115155,0.43215033793807983
-0.000116418362134876,-0.00025803328044121193,0.45831551945423565,1.894427028246269,0.43154494289398093
0.0024560133045797607,0.000354895792185843,0.45786197699968856,1.9052288330840774,0.4321844348011001
-0.00042260277515972596,-0.0012599077156469766,0.4585456569783796,1.8922872994995876,0.43137837656173234
0.0004458748190944964,0.0006609275745672995,0.45806745362519796,1.8975105804477348,0.43176120299622767
0.00017756390478849827,0.003442917205491925,0.4575714754941853,1.8990006542372782,0.4319716269114096
-0.0003278508830792253,0.0009462523858009113,0.4581134249014484,1.8946915785705236,0.4316144852462999
0.0014592279749771424,-0.0020079435365452838,0.458444788747306,1.8990927024595845,0.4317298871690083
0.0010386956044821634,0.0036641022671098184,0.45741600898380075,1.9026326968011669,0.432187335973205
-0.001354753600482667,-0.002195068914966732,0.4588423028932723,1.8877149330858503,0.43107706863483275
-0.00103841183588677,-0.0036925240666396447,0.4590864251623164,1.8876014465361324,0.43100279914389056
0.00045270763322318797,-0.0037123104069856755,0.45889996214907836,1.8935222399821996,0.4313372064592032
0.0004988428596268285,0.0029062834562269537,0.4576318901383971,1.8997861939410654,0.43199180092343675
-0.001615161681006137,-0.0006329663687971165,0.4585788159625128,1.888111401486566,0.4311702926940496
-0.0019179806476106694,0.0015583227772961292,0.45820120850096424,1.888918000692698,0.4313152485510553
-0.0007373868384790708,-0.0005316190278199639,0.45844749180050043,1.8917022141890927,0.43137823756749555
5.437830552287477e-05,0.0010902301676624262,0.45803646147317423,1.8963462513964462,0.4317147148901674
-0.0003467525666550354,3.018667510764925e-05,0.45829034491082765,1.893774432981645,0.43152104328472823
-0.0005466325772601552,0.0002293132215482103,0.45827818597550907,1.893161209375411,0.4314953369550713
-0.001172587623587822,0.00012725635159390657,0.45837794169166185,1.8905735289789691,0.431344168878709
-0.00193221936620069,-0.0009803924641890855,0.4586849713585443,1.8865285487972587,0.43106491306070377
0.0019153201087242098,0.000159107523906855,0.45797089315615197,1.9028979616608819,0.4320435636923778
-0.0012599826253228024,0.000514261791952599,0.4583155495813305,1.8905808857659667,0.43136211888093373
-0.0009723653203027733,-0.003302577615123713,0.45900403362052855,1.8882223131487519,0.4310556264048393
-0.0007364794737205484,0.0014737388290631513,0.4580657308480784,1.893548691791361,0.4315736596927518
0.0003838918931546097,-0.00019398156382462376,0.45823856244799066,1.8964781944059332,0.43166400550203154
-0.0009265872051382573,-0.0021571574871282495,0.4587806813839309,1.8894558135814377,0.4311773749910372
0.0013497177848958172,0.000489141100097124,0.45798215336625436,1.9009506096265665,0.431948234370067
-0.000951702415117963,-0.004221801641593612,0.45917589163379313,1.8874614850610587,0.4309708938581823
-0.001369962186847327,0.00495027027401228,0.45748546648888544,1.894223117909455,0.43176935859829335
-0.0011489195040644466,-0.00015363781370687725,0.45842831322073485,1.890409767369971,0.4313221688254052
0.00021007494279617051,-0.00031520258286623466,0.45828419986133806,1.895674714503829,0.43161301123782625
-0.0002782295054572807,-0.0027464371781000503,0.45880991579052555,1.8914977386506042,0.4312663149228748
-0.0010510678972102784,0.0033774380364648814,0.45774381177078244,1.8940462085398937,0.4316880823971608
-0.0007563871760166214,0.0016909360953097684,0.4580269409773917,1.8936690750553264,0.4315903173593597
-0.0016938695600473154,-0.0005483021010840542,0.4585727435547717,1.8878754587917552,0.43116076662764113
0.00026110185912456383,0.0020730228555997307,0.457822078013478,1.8980730991456554,0.43185703462623937
-0.001122695054538857,0.0011908858611481478,0.45816927152582954,1.891749845057687,0.43145897348208206
0.000385980809277863,-0.0014753123029174428,0.4584825266581043,1.8953096274047603,0.4315397767336293
0.00047716753280382175,-0.001796032889398687,0.45853185356834736,1.8953782153318302,0.43152913065014786
-0.0007960697417005155,-3.751260626726375e-05,0.458361028131712,1.891922340808691,0.43141308929231376
-0.0027139253426806276,-0.00021920378634379483,0.4586393342318492,1.8841109817496544,0.4309624883180756
-0.0010000643846043236,-0.002925635541999994,0.4589359823284317,1.8884577990863474,0.43108603979231774
-0.0004250582934084376,0.0015259378095385258,0.45801555369163693,1.8948372792256702,0.4316489992905935
-0.0004044481730158954,0.002531703786804858,0.45782119410984873,1.8958442928341512,0.4317515945103406
-0.001159614035021653,-0.002624687337232776,0.45889909926324535,1.888098238929324,0.43107931187334564
0.0015511605342707546,0.0007976024445783181,0.4578967230752723,1.9020357848323108,0.4320236644460286
0.0009450145037683034,-0.0016536350631373856,0.45844409108513057,1.8973714374609238,0.43164846128725864
0.000804408025785314,0.0005193807388357773,0.45804773681357847,1.8988078906489445,0.43182825887643067
0.0006485789574746082,5.064449352404765e-05,0.4581575072819117,1.8977567863225475,0.4317474969938479
0.0012062944013707258,-0.0012982169483685283,0.4583422801002296,1.8987377607627776,0.4317419406050562
-0.0009637533623384793,-0.002955151138697757,0.4589369749214186,1.8885753894353141,0.43109136190533215
0.0011605980836178562,-0.001476716256900533,0.45838230127581775,1.8983919726939358,0.43171427113424027
-0.0010432211909865074,-0.0018794122708836816,0.45874277191042506,1.8892460626953107,0.43117807978698625
-0.0004450613815062093,-0.0025425402982022453,0.4587924813341949,1.8910203587141214,0.4312485177526084
-0.0002904540848099822,-0.001254470049992424,0.4585276513020342,1.8928186545730197,0.4314087143806221
-0.0005512717155649894,-0.0019189922673179816,0.4586875043590839,1.89116963137558,0.43128522129129715
3.678007304558646e-05,-0.0009217296629221476,0.45842216251530754,1.8944274908265455,0.4315149001640167
0.0001148520394645805,0.0004986634733554807,0.4581414016076926,1.8960433475642928,0.4316707599016297
0.00034019530840445226,-0.004378589301553537,0.45904118747434974,1.8924631714174427,0.4312470438314758
-0.0005356909407785719,-0.0015918792512333816,0.4586233042983601,1.8915320109795228,0.431320563346842
0.0007742661898758141,-0.003155391549667715,0.4587524886072195,1.8953133333603274,0.43146387020730503
-0.0007144727484770387,-0.0005877008562264485,0.4584552210311972,1.8917419867492764,0.43137794914850464
-0.00033618885612684803,0.001982518653348902,0.4579170284751365,1.8956110982364738,0.4317135073711152
-0.0004427193783959414,0.0019293599320577889,0.4579409671583492,1.8951378714687175,0.4316842994344979
-0.001465606306526548,-0.003624315970467877,0.45912748443997986,1.88596173389935,0.4309130298517938
0.0012192558963737261,0.0008713095984307746,0.4579262341897842,1.9007826462418824,0.43195603657948956
0.00048771879528265537,0.00024639982930459186,0.45814108922545627,1.897296228127041,0.43173028361028903
0.00048432151799260103,-0.0024316887937281158,0.45865203498091833,1.8948231840552714,0.431468899819928
0.0009485290684518479,-0.001064288257932603,0.45833120330159977,1.897926622332239,0.43170660277074935
0.0009856713414340586,0.0001754854725233089,0.45808972509664037,1.8992134074221272,0.4318356436629372
-0.0019737141448283456,-0.00257422853698895,0.4589924442954355,1.8848999848036718,0.4309004758168581
0.0011276985228474894,-0.0002736351159229501,0.4581569296281067,1.8993660584570504,0.4318239410105511
-0.00039547171875473704,0.0004852576670585835,0.4582099694119426,1.8939985389648177,0.431554351857428
-0.00042509463495074253,-0.0010890581168980216,0.4585134695362716,1.892434267639059,0.43139443997879373
0.00010240314795586353,0.00028856490041259393,0.4581830656990579,1.8958006982567652,0.4316474997268714
0.0015167186339288862,9.11950995543996e-05,0.4580362957473737,1.9012495021317304,0.4319471320767569
0.001879773209170979,0.003605465407628482,0.45731577383793515,1.9059259623584512,0.4323711821658485
0.0017166301778853788,0.0021229209267414695,0.4576213448169456,1.903912816570034,0.43219000754963344
0.00013054824809112243,0.0002744530569497158,0.4581821082868919,1.8958998106118123,0.43165247327315504
-0.0001425603515125496,-0.0014622364697459565,0.45854818252263146,1.8932169072842842,0.4314218551426258
-6.644025763162673e-05,-0.0012816297622958495,0.4585040043657619,1.8936859047328238,0.43145659762843963
0.00163983715703145,0.0010687917496132564,0.4578331837976044,1.9026379480864528,0.4320700521851933
-0.00044652220215519604,-0.0038311885847788474,0.4590375902154768,1.8898322063574444,0.4311228483117919
-5.332445972295374e-05,-0.0008325065103703562,0.458416792658739,1.8941506034867668,0.431503261880081
-0.0010858266296262388,-0.002272849630735579,0.45882292070993824,1.888715156791695,0.43113018898443234
-0.0022501017309649865,0.001137999533259039,0.45832329499978886,1.8872075602952976,0.4311993408042759
-6.570279505783759e-05,0.005162075584498461,0.4572750049517006,1.8996144210698658,0.4320842723715859
-3.097938406139676e-05,-0.000296467150890392,0.4583118067193933,1.894731986872477,0.4315604719193433
0.0014441838837759488,0.0002680802000635505,0.4580120070537397,1.9011233961163818,0.43194800431965297
0.00016733308653463965,-0.0007431515825335751,0.45837128191677845,1.895111399668755,0.4315617215088191
-0.0006052642513770456,0.0029987945497954886,0.457758213868951,1.8954740108233468,0.431751786525268
0.0010004685079549186,0.0034322929049510394,0.4574653951998294,1.9022672004117878,0.43215613516455703
-0.00034981887934144726,6.024766360567727e-05,0.4582850160906673,1.8937898398497581,0.43152327772004995
-0.0008807749001269606,0.0019343161878118756,0.45799664680016106,1.893397286673212,0.4315859519551173
-0.0013931113091182597,0.0011290713875584306,0.45821570340169715,1.8906154164108997,0.4313919285038479
0.0010959716324750136,0.002822411923248187,0.45756944916984904,1.9020861874993145,0.432118253315093
-0.0009397920343274472,0.0021793936575279574,0.4579575965805664,1.8933875170024264,0.4315965019780523
-0.0007136044467378037,-0.001514222120886873,0.45863130675020536,1.8908945717683585,0.4312879824482755
-0.001323052461716225,0.00231115222519258,0.45798188243614424,1.8919814811444835,0.4315228453349551
0.0016484641276152444,-0.0011887940933172322,0.45826362502842416,1.9005978919950284,0.43185224015858953
-0.0007594739273858699,-0.0006779937930647637,0.45847816378876044,1.8914797711993963,0.4313590087306005
0.002507349995377593,0.002008743700910884,0.457538265889914,1.9069535546801386,0.4323570364503832
-0.0005425454479252704,-0.0035884827198898704,0.45900370381627575,1.8896723497563603,0.431124791232328
-0.0006726341377569622,0.002374425318018849,0.45788592912284076,1.8946312817117328,0.4316757742647042
0.0018676572830305573,-0.0005328603982919866,0.45810950287821317,1.9020725397535991,0.43196546899054056
-0.0006914069655430974,-0.0010198497433321343,0.45853445903750134,1.8914369674650613,0.4313410968212932
-0.0018856904567820581,0.0018164804793261446,0.4581480400351053,1.8892840732207687,0.43134767570530236
-0.0010857927236492273,0.0021263013330532934,0.45798652530173206,1.8927569447520576,0.4315583863301903
-0.001707583571838631,-0.0025401715903497326,0.4589524295756775,1.885992035995744,0.43096386333239683
0.0002884256648049987,-0.0015271312760981616,0.45850500225900487,1.8948736098315333,0.4315127367091774
0.0007812728450397029,1.654358357050003e-05,0.45814673304974546,1.8982537105040407,0.43177409363296504
-0.001174739482729359,0.0012439847850641975,0.4581658524473011,1.8915912710046672,0.43145239884656916
0.0008419420659955962,-0.0038260077462074125,0.4588715158707342,1.8949674887100554,0.4314139020564667
0.0018262490255064466,0.000994194310465281,0.45782287316907455,1.9033111125176168,0.43210479487858133
0.0007602554295537559,-0.0037201674399273505,0.45886188448166765,1.894739407434548,0.4314057805800547
-0.0007197221872111373,-0.0006985519086073604,0.4584769790023548,1.891619255031488,0.431365976526481
0.0010770966030351893,-0.0029191327442606484,0.4586682941697455,1.8967355394604029,0.4315551157132741
-0.0008838222790341184,-0.004059483776512504,0.4591364897812798,1.8878807869052974,0.4310019934241753
-0.00024105567273794389,0.0006919350266541106,0.45815065435710545,1.8948035372277368,0.43160930372913464
-0.0016862217035342679,-0.0011825176495862772,0.45869215771924904,1.8873234848118654,0.4311007741925584
0.0005103967500441428,0.003170840642133306,0.4575798341024675,1.9000756048967102,0.43202017654379976
0.0006640550987050409,-0.0006074905117142659,0.4582810462054583,1.8972137555562765,0.4316869273500342
-0.001177911224981157,-0.0018727885252800187,0.45875865403286953,1.8887154605083636,0.43114833105040995
-0.0006642248350799899,0.0002941148707470677,0.458280985013218,1.8927523075106516,0.43147511606111955
-4.960827449318485e-05,0.003334196738324069,0.45762192506144006,1.8979959087268412,0.43190980100336956
0.000287187512603795,-0.002143687876455784,0.4586226000974681,1.8943026335295132,0.43145246818599775
0.0015443480803881784,0.0018981247321928647,0.4576871243602666,1.9030205137984058,0.4321292906095911
0.00010108410549716578,-0.001442179880193034,0.4585129914235188,1.8942056198683375,0.43147875614249537
-0.001870768935711991,-0.002044406990601242,0.45887901728728653,1.8857966095486152,0.4309752567649866
0.0009116962991372414,-0.0016056239728613848,0.4584392604063532,1.8972828962997463,0.4316456222177742
-0.0013197270480959792,0.00039112389757832124,0.4583466007190835,1.8902296462287664,0.4313366488473683
0.00024383460716410402,0.0012127796096075363,0.45798846667359083,1.897213360698614,0.43176937277077243
0.0006555483604427949,0.0028180198337996016,0.45762820208418004,1.9003289015521094,0.43201853649445854
-0.000839315302361751,0.0019572971264776064,0.4579869217554896,1.8935836037925358,0.4315975445403623
-0.0009873089359518372,0.0013879460910222261,0.4581143750938368,1.8924704590838533,0.43150871083682585
0.00017906308350337945,0.0004865189335216508,0.4581353881386584,1.8962878860257237,0.4316840582836414
0.0009677999587089098,-3.4766976434499796e-05,0.45813220108134656,1.8989490742052717,0.43181114852328256
0.0011122698774282788,0.001750702246600129,0.45777220911895833,1.9011653240265953,0.43201754931611025
0.00013549249626916782,-0.0011335158771275864,0.4584497635073109,1.8946260830405381,0.4315165517237986
-0.0007534747715528006,-0.0010550386865888581,0.4585490989836436,1.8911573832501332,0.43132366928875643
-0.000202363692235428,-4.972620879038491e-05,0.4582869375103745,1.8942761089998914,0.4315458335050888
0.0029808365249676745,0.0012768168577802202,0.45761547999076624,1.9081635749876151,0.432392401657823
0.0007691901086132195,-0.0017212073968701964,0.45847979166611574,1.8966094956514858,0.4316022499566196
-0.0007104367161381075,-0.0006381552004712589,0.4584643006315693,1.891711721752986,0.4313739493483185
0.00019216075071459815,-0.002071860755072901,0.45862116488353594,1.8939901828471473,0.4314380277632285
0.0016119365478413138,-0.0011264677155850172,0.4582564992158714,1.9005097837366212,0.4318500741626545
0.00107830028763909,-0.004671793211416097,0.45900216220993373,1.8951325879663952,0.4313849333671572
-6.9751433253359865e-06,0.0005555675865928488,0.4581463444811584,1.8956104842602073,0.431648824234312
0.00019138492210608974,0.0012034419727860316,0.45799706994891765,1.8969959186939647,0.43175663564798916
0.00027987772637260046,0.0003246915915854384,0.4581531607737125,1.8965406140335082,0.4316910390365147
-0.0018925243100833798,-0.0014269969768908879,0.45876466943359817,1.886276689917752,0.43103041637423484
-0.0023425725686967635,0.0012570343229877804,0.4583124437352112,1.8869482900133872,0.4311900508252224
0.0003074464054615118,-0.0003906580819755879,0.45828597026998563,1.8959931203643023,0.4316276245270541
-0.000821376086083616,-0.0011633290527203423,0.4585783767823124,1.8907874208024722,0.4312978116185466
0.0018454905433672765,0.0034623993470462543,0.4573477452315392,1.9056578896625775,0.43234951914940617
-5.825774808107034e-05,0.002576057147114755,0.45776772045330383,1.8972639695810614,0.4318340024520757
-0.00158795496175782,-0.0038702527760031574,0.4591895324489945,1.885248554346556,0.43086149915764826
-0.0004830067005206322,-0.0017499111757941122,0.4586466122741947,1.8915967820085884,0.43131707175602857
-0.0005591633917521204,0.0003762795461991787,0.458251822281349,1.8932463408161615,0.4315068164261593
0.003024914035198367,-0.001321658161527625,0.4581077102396601,1.905951056056737,0.4321493787250829
4.96127740756728e-05,0.0005525718173419915,0.4581395829004837,1.8958330881708911,0.4316612949158888
-3.430379367959762e-05,0.0018618121520033364,0.4579008447204305,1.8967024741003102,0.43176984504597987
0.0017754656772327967,-0.00248716207280978,0.45849502822398935,1.8999111521794803,0.4317545261366651
0.00016173205964192873,-0.0005299516274910791,0.45833138176034793,1.895284932232699,0.43158120800377764
0.0003562796628600156,-0.003063405783828199,0.45878882922456,1.8937336510229175,0.431378577777543
-0.0017579427409110677,-0.004633216322345416,0.4593554664405761,1.8838714008894495,0.43074894256606483
0.0005253293238455649,0.00038399608141394606,0.45810994732780563,1.8975724176049762,0.43175215848171405
7.364070157648134e-05,-0.004733225651045446,0.45914271290007413,1.891076600357799,0.43115245326973395
-0.0003735753590906605,-0.0015104237726355242,0.45858702821662656,1.8922525528823406,0.43136505911565476
-0.0014137132432227872,-0.0018310712868928089,0.458780688809986,1.8878140986736858,0.43109917553766963
0.0006977011860716233,0.0010882942469936851,0.4579530574070614,1.8989060173177312,0.43185959070762975
-2.2672540528747205e-05,0.0010287704022305462,0.4580581777149805,1.895982903617031,0.4316913534907019
-0.0006034622968894257,0.00014236342744850718,0.4583020506617034,1.892854928033703,0.4314740524847469
4.027799318868339e-05,0.001108802738660079,0.4580347506638755,1.896307171325993,0.43171334315986637
-6.99706901382656e-05,-0.0002863053459470199,0.45831490735982605,1.8945860382331896,0.43155266700398864
-0.00013471409892685455,-0.0012898618672423923,0.45851436036047866,1.8934064384500089,0.43144039806072115
0.0022335782258248605,0.001028411879687557,0.45776246407408433,1.9049631107649148,0.4321999003436779
0.00042891370600248115,0.004583243475253859,0.45732061587418743,1.9010511391752718,0.43213941182214716
0.0014030082986739262,-0.0031130406360340146,0.45866299842682,1.8978546851978662,0.43160970963240675
0.0006953343452930209,0.0016759375021891286,0.4578411570911216,1.899436871756779,0.4319162771411558
0.0018849105690107771,0.002631377468979451,0.4575017004992492,1.9050500990944974,0.43227744937533585
0.0007706349820631456,-0.0023544326473371644,0.45860032107472243,1.8960339375550264,0.43154096678203396
-0.00087067829824483,0.0005377018799366539,0.45826117187630516,1.8921536427809322,0.43145224851539704
0.0005049031347769592,-0.0020430173557797427,0.4585753308905469,1.8952618973012836,0.4315113536876577
-0.00038455978945751295,-0.0008005170168200957,0.4584533525368083,1.8928607252910783,0.4314316633637797
6.055326444808779e-05,0.0006726993321057404,0.4581152648730595,1.8959870614031586,0.4316754570658536
-0.00028689239277073555,-0.0024736698230927823,0.4587591495782345,1.8917135646126075,0.4312908952743308
0.0012426706099073956,0.003192095091345616,0.45747937871931976,1.903010220876265,0.43218733134836
-0.0001059478275743215,0.0020494772411456556,0.4578743681778396,1.8965897164975418,0.4317719616202547
0.00044416784316882293,0.0013193512998422776,0.457942039522354,1.898109025175315,0.4318249238993764
0.00048147759552716817,-0.0015266161607211104,0.45847995507003236,1.8956427418400972,0.4315563171883294
0.000573917487529205,0.0020211486714293435,0.45779111628508984,1.899270930110002,0.43192251948392485
-0.0008962570656493623,0.003932573452870468,0.4576179842004761,1.8951739202897748,0.43177709701280276
0.0020897819278580753,0.003646135380871629,0.4572800130324022,1.9067989447533662,0.43242246307951426
0.0019892419676522323,0.0014848872274456336,0.45770741516342495,1.904410750870842,0.4321893000709479
-0.0003383121461945867,-0.0011998745675423717,0.45852341062410795,1.8926781699206823,0.4314032319779504
-0.0008129920450480944,0.00023187718178578162,0.45831194944910125,1.8921024409766338,0.43143549341499954
-3.284671391568319e-05,0.0013405474808227732,0.458000056602899,1.8962289971946857,0.4317194152893501
-0.002019876105717959,0.004624206381365723,0.45763142885661745,1.891332354193054,0.431590877749357
0.0022763815413514793,-5.476490883430431e-05,0.45796417860512295,1.9041378377738518,0.43210409026202196
0.0006761403842909526,0.0009512222407283072,0.4579820410272074,1.8986941778014776,0.4318413838256915
0.000273470005553566,-0.0004176862953788063,0.4582955238018596,1.8958330017489533,0.4316173322410607
-0.0001227825629334251,-0.0016490697191618572,0.4585812015628926,1.8931241299855937,0.4314081364939554
0.00017815068825769825,-4.812808537989001e-05,0.45823742942969703,1.895792963227778,0.431631807722249
0.000320201955813933,-0.0017102617541222998,0.4585357866284542,1.8948319918331868,0.431502083046205
3.950680609976074e-05,9.568649100626376e-05,0.4582279720738428,1.895372991548661,0.43161453962744734
0.0006042098960807136,-0.002126502523065081,0.45857840550566453,1.8955806249105265,0.4315256214119421
0.0004194834018287107,0.001966495086172358,0.4578217380430218,1.8986057834579055,0.4318823751006254
0.0005971578112644774,-0.0007372415546612106,0.4583144797620044,1.8968282420841447,0.43165921671992385
-0.0004912820182810058,-0.0004725032990499787,0.4584046462252388,1.8927369111274335,0.4314395123166946
0.0007291935785341568,0.003105806469005055,0.45756353353879275,1.900886871147623,0.4320631734241039
-0.00015807546050348052,-0.0012854491659726206,0.4585165262711641,1.8933174496440677,0.4314355584047621
0.00037577662202816083,0.00040867202036086805,0.4581246892165774,1.8969996405664469,0.4317208391767321
-0.0009080307358819055,-0.0014748248738280503,0.4586486600211766,1.8901561515592507,0.43124794946540873
-0.00010157480361832377,0.001343289364908442,0.45800845269261303,1.8959577992224108,0.4317041811481672
-0.0011931600877221754,-0.0020363814995517163,0.4587916592530919,1.8885045248853567,0.4311289738184231
0.0004990577480438337,-0.0024494559744550806,0.4586535182354209,1.8948655469914653,0.4314704939524239
0.00010886193134045898,0.0007044271484680512,0.45810295003003515,1.896208601957978,0.43168944068845577
-0.00011100908592431045,-0.002036261063954926,0.4586533787649553,1.892815555262492,0.4313731196291385
-5.979406084180442e-05,-0.0006643866692460843,0.45838560861732724,1.8942792566974813,0.4315181644219099
0.0003360720772084781,-0.0016776793433720002,0.45852753071180374,1.89492509734673,0.43150883191029743
0.001091497649442865,-0.0033503903711115494,0.4587486481491612,1.896397143271155,0.4315164135787895
-0.00017627088616903991,1.547763423313014e-05,0.4582711493443962,1.8944399408475454,0.43155806563342003
0.0009616083698197552,-0.0012168528675776144,0.45835861074371276,1.8978385714249744,0.43169470433406454
0.0005458792801411858,-0.0011335177909821677,0.45839668854987226,1.8962601273198068,0.4316090901057323
0.0007381941017050074,0.0034745744541807943,0.4574918590085234,1.9012620328077023,0.43210112653590704
-0.00040102833675420216,0.0008859013299813866,0.45813437921661815,1.8943446251134108,0.43159210251316094
-0.0009274065363649018,0.0019464175605718806,0.4580003566545205,1.8932226191902053,0.4315766085195754
0.0012107660910393378,7.060949133108331e-05,0.45808032478986954,1.9000129742809106,0.4318761729456323
-0.001134843206760535,0.0008047966439895689,0.45824427049844263,1.8913465574102313,0.4314186428092322
0.0011490928601228547,0.0021792129818023823,0.4576854482766797,1.9017059696111003,0.4320675806997702
0.0008131809102762048,-0.0036609840420698194,0.4588437887339022,1.8950043812098245,0.4314234677752955
-0.0006798086851852688,0.0028438058841895324,0.4577974189760601,1.8950344533843273,0.43171987190461425
-0.0012260420013057403,0.0022627113139491854,0.4579786206431851,1.8923235245048187,0.4315400211550559
0.0018824371107244808,0.0015237747773723664,0.45771410080229075,1.904021567167064,0.4321690218025236
0.0011202331169766573,-0.0006654127748432977,0.45823270541411043,1.8989764327195402,0.4317841263166647
-0.0012254226587137798,-0.00020550448131495874,0.4584479495892951,1.8900572684426395,0.43129985643094276
-0.00019887474881388325,-9.504580590462958e-05,0.45829511889893243,1.894248366573117,0.4315422091929093
0.0006967860844588398,-0.0002892681145968204,0.45821608646459683,1.8976363964837812,0.43172527930638255
0.00019183627024883218,0.0008482313072591233,0.45806475742729424,1.8966711950725015,0.431722153138425
-5.305751976070278e-06,0.003686836224765185,0.45754882376066514,1.8984968590553586,0.4319541470175088
0.0004424211239533266,0.00016921653418523183,0.458161699898638,1.8970449495072967,0.4317125565032645
-0.0002076463603871498,-0.0012504719317143157,0.4585162447855098,1.8931521399665534,0.43142778131278636
0.001344273667840054,0.0003000222056206484,0.45801900766843107,1.900755138638748,0.43192859646637466
-0.0010788030275925575,-0.0011247925914561077,0.4586039342118928,1.889797146127213,0.43124347672749164
-0.00013659739893276868,-0.000890927725497411,0.4584386510935208,1.8937653035224165,0.431478794956508
0.0010843752968736416,-0.0023233085644037577,0.45855372775836845,1.8973113520635467,0.4316147188363361
0.0004919524089311452,0.00028699495731878647,0.4581327947596282,1.8973503885233727,0.43173518996994154
-0.001177738408206246,9.489037075754032e-05,0.45838475373755105,1.8905232661495726,0.4313398560678547
-9.4413761532086e-05,0.0010027732872265307,0.45807243511400764,1.895673289872378,0.4316726417772205
-0.00045013998725541415,0.0006064652674244226,0.45819394046007167,1.8938921697565159,0.43155381934366605
-0.0016653841037309943,-0.002167355423768433,0.4588763845233982,1.886502395938204,0.43100965633702504
0.0007849587112719217,0.0020833048238333477,0.45775160586671104,1.900168285733577,0.43197615412802376
-1.2880209355664222e-05,-0.001198099164256756,0.4584811997916215,1.8939759127148976,0.43147680560558904
0.0010826626394211168,-0.004183592494914982,0.45890858776006316,1.8955976597428288,0.431433389157713
-0.0007995778079151863,0.0013443208115822465,0.45809850652161344,1.893178325965824,0.4315468219852242
0.0006525858219775246,-0.002064563522581966,0.45856034539192125,1.8958300739444243,0.4315425542601856
-0.0018873515948837783,0.002903969925376205,0.4579415629825381,1.8902776035867126,0.4314532098497572
0.0001529797744140346,-0.0017924671261077378,0.4585730097818515,1.8940906557966783,0.4314563756991614
5.4590352145206025e-05,0.0018035571684912465,0.4579003949206315,1.8970029264499582,0.43178422087352764
-0.0025917579361660163,0.0022206427978020866,0.4581612078617893,1.8868406363933985,0.43122761075046095
0.0007400548994944976,-0.004162091673183221,0.4589486465561497,1.894253641443825,0.4313582494113307
0.0007708780215273135,-0.003560136494299762,0.458830032927676,1.894928500436953,0.4314237394518922
0.0011393831026323769,0.0007970814224468887,0.45795088983790533,1.900396511493356,0.4319308062425707
0.0022524122386336446,-0.0012214049571753597,0.4581905703818733,1.9029707652893675,0.4319851422201623
4.7085989517324466e-06,0.002094575641071453,0.4578513735163131,1.897071894530962,0.4318013113061399
-0.0006399270718409814,-0.0014099157900368867,0.4586020465070785,1.8912838554668887,0.4313147538132778
-0.0003718206580414206,-0.00014572676195951506,0.4583270701814503,1.8935129587735435,0.4314982657925006
-0.0010821479011032596,0.0009683815054402213,0.45820639329289736,1.8917068862092614,0.43144646004154563
0.0005432802726947891,0.0001430109219509162,0.4581535860640233,1.8974224372672988,0.43173274697048697
0.0017000116023606236,-0.0006553183787197967,0.458154926585253,1.9012930027835813,0.43191577461097547
0.0013065683807015611,-0.0010932866732870823,0.45829007851893183,1.8993250442370828,0.43178448379762446
0.0007557856968810804,-0.003869655765017058,0.4588909317816624,1.8945844883955687,0.4313902346689067
0.00019800558152665372,-0.0003507160762756408,0.4582925309908764,1.8955940283936792,0.43160683291044616
-0.0004950302373603659,-0.001221173871501418,0.45854758059867307,1.8920343675236582,0.43136580747686354
-0.00034739428247863505,-0.0014396758893187704,0.45857020754695826,1.8924217951970392,0.43137784882124725
-0.0021928603013992042,-0.0011925272774619803,0.4587581434530124,1.8852947022574353,0.4309854275929021
-0.0005495609524214216,-0.0010486128141435922,0.45852174782570637,1.891975615410926,0.4313702981741766
-0.001057743657907569,-0.0002713679636554511,0.4584390329827622,1.8906649133686422,0.43133128434690887
0.0007844884132667678,-0.0005003710333478378,0.45824495220205286,1.8977916000250188,0.4317245046550198
-0.0004926965367253924,0.0027149758461360992,0.45779770951250304,1.8956613440105243,0.4317495370193359
0.0009769568382250516,0.0018436751565608595,0.45777220822836207,1.9007122140908281,0.43199610115619413
0.0011554826212441332,-0.0006543498684190269,0.4582259935688432,1.8991268935895915,0.4317931483573936
-0.0001293731545326019,0.0022266970368137505,0.4578436155083464,1.8966594026585237,0.4317839370420192
-0.0005540698067528831,-0.00023916997890419627,0.4583683121796564,1.8927011479390417,0.4314480582147422
0.00037782067927604975,0.0007454554669982485,0.4580601829947549,1.8973173027723524,0.4317540869377025
-0.0002763625762059907,0.0019669349246196834,0.45791223868421255,1.895835063535661,0.4317254848496634
-0.00017803863857355275,0.0014507173442976798,0.45799789099619903,1.8957520266029826,0.431697394975559
0.0010705545924008062,0.0013185073482355847,0.45786028371125687,1.9006018910401237,0.4319660605345289
0.0007334285104245766,-0.002319531554521188,0.4585984826171947,1.8959178594003865,0.43153597429815205
-0.0013110496595153001,-0.00123747494574696,0.4586549331993329,1.8887682218607218,0.4311801020446327
0.0004752414107941633,0.003001584573481162,0.45761677860153016,1.8997799018887949,0.4319957622351104
-0.0012223961635567725,0.0006132713551325532,0.45829191295946736,1.8908216538920093,0.431380239606757
-0.0008541576926097585,-0.0014646113126594639,0.4586398394627512,1.8903801669975095,0.431261098535926
-0.00027639506459195513,0.0013833597204027243,0.458023476497753,1.8952983507185441,0.43166865095111934
0.0002128976834348869,0.0023591501714996413,0.4577737583370842,1.8981443028893143,0.43187403007285724
-0.0009856200421455663,0.0017785415007707953,0.4580398166850702,1.8928363058447049,0.43154712532819806
0.0009300052650426087,0.00013907573568625034,0.45810394564441603,1.8989583685692601,0.4318195508640734
0.0004772236120566159,-0.0011265819829075902,0.4584042601666356,1.8959931524796618,0.43159428513383935
-0.0010899509059021319,-0.0008104882097651255,0.45854562742600913,1.8900413751446017,0.4312715474332761
-0.0006425878507939286,0.005780248384934509,0.45723252837389694,1.897885820013006,0.4320143854751927
-0.00048505836731118723,0.0033001006305992675,0.4576851584466323,1.8962300901088087,0.4318082552165187
0.0002020640299170694,0.0006243046455036465,0.458106130744382,1.8965061085746249,0.4317026589812565
0.0007434033867025053,-0.0015581256154547443,0.4584520397999703,1.8966565795345671,0.43161230485005114
0.0009165232316535612,0.0007527616996563764,0.4579885285682034,1.8994686952061295,0.43187625464751694
-0.0015157948217076115,0.0012025579734821364,0.45821743542100457,1.8901940258382723,0.4313713938281265
0.0005525286847009077,0.0009053788523706758,0.4580069166719183,1.8981599075720057,0.43180905032585243
0.0015849358366885973,-0.0008286608793538694,0.4582031363064513,1.9006758704842703,0.43187297212486053
0.000511862680272534,0.001496669318853543,0.4578993632378011,1.8985415815421471,0.43185745367523104
-0.0009002806199259011,0.0023995606722088847,0.4579105716706698,1.8937474323815193,0.4316268592660146
-0.0014505651432544964,-0.0026000013397734895,0.45893128810798123,1.8869614722293704,0.43101605341247884
0.0005224167199626912,-0.002177836720301191,0.45859875616377194,1.8952078640716437,0.43150218567761933
-0.00011629920272087311,-0.003289987732903588,0.45889256539440415,1.8916439108259864,0.43124996718992314
6.912785207927058e-05,-0.002267019034160428,0.458674150869505,1.8933211113348516,0.4313912955095437
0.00034199054501332226,-0.0030651786082732013,0.45879100439117465,1.8936751303877943,0.4313751833447262
0.0004486324063192569,-0.0005328906448553379,0.45829478393985196,1.896424617074779,0.43164561697581233
6.407807309129601e-05,-0.00013506090188523706,0.4582687647692932,1.8952588314106527,0.431597620494345
0.00013057928115351675,-0.0026426718115622676,0.45873775478762485,1.893221039008732,0.43136860921732256
-0.0025648852867970967,6.823160135661287e-05,0.45856606882499357,1.8849693667998897,0.4310241223287447
-0.0009357843903926013,-0.0009089960333690245,0.45854465434023617,1.8905651684644602,0.4312967477425396
0.0004265895118893434,-0.003970592841109624,0.4589524761500835,1.893181338085283,0.4313061991059234
-0.0007631707313164151,-0.0012202142089756608,0.4585817470971767,1.8909670720196157,0.43130540835046066
-0.0010572601068222448,0.0006536651147671848,0.4582630645010787,1.8915168003398974,0.4314214368802645
-0.00014025691820131447,-0.0016413990019120857,0.45858198795134353,1.8930615787001495,0.43140494164110427
-0.0009844696676839385,0.0016146362700451473,0.4580708661314919,1.8926901857948142,0.43153142455605675
-0.0006594574987248111,0.0011701511130552608,0.45811360278667346,1.8935764455238826,0.43156147731421035
0.0004493569341851003,-0.0037876346883137864,0.45891473037463804,1.8934398039636664,0.4313291253943264
-0.0010835477605727023,6.129935909933869e-06,0.4583895757439682,1.8908170356075815,0.43135247137593774
0.00034200378991381384,0.0015594084362436475,0.45790954686867286,1.8979229466417071,0.4318252618298053
0.00080233030367395,0.0020684642222057277,0.4577521636427125,1.9002237925872265,0.4319786252103857
-0.00037389823966165,-0.0004208400795130052,0.4583797127662969,1.8932519426948715,0.43147101997005666
0.0007757194206395968,-0.0008508586079502043,0.4583129573183058,1.8974347456959364,0.4316884165143038
0.0010566886706577438,-0.0031784370454765965,0.45872037342403826,1.8964163696771443,0.43152529278744833
0.0006535175967633368,-0.0003464378887405818,0.45823262002715204,1.897411618426041,0.4317099596848481
-0.001966909811177254,0.001959528688939476,0.4581312313392806,1.8890918363339757,0.43134326986550725
0.00031107981849309456,4.1860647014735445e-05,0.45820304086129054,1.8964049647061616,0.4316705432791807
-0.0010766165714390082,-0.0009307389581839129,0.45856677835134985,1.8899840669623578,0.43126285399228736
0.0015117872476847173,-0.001654518026131534,0.4583704514944684,1.8996263475641941,0.4317761203501692
-0.003471771960012922,-0.0017131916519258395,0.45901695056193614,1.8797163454379562,0.43064592774472843
-0.0011996423362448721,-0.00026408891276920353,0.4584557906269623,1.890106179665154,0.43129997216756927
-0.0003932543914377955,-0.001824678102068018,0.4586493340078761,1.8918856462443259,0.4313300432530678
-0.0008417277355738282,0.0020955678554875853,0.4579609026698972,1.893701145353862,0.43161046549089654
-0.0014424767382224635,0.003913279362805078,0.45769233733031406,1.8929795167828116,0.4316519504062213
-0.0005440341271177524,-0.00218536346618633,0.45873722521632,1.8909539452605348,0.431260938639007
0.0007872750416480066,0.0011284255320601257,0.4579336893999779,1.8992995043487668,0.4318836926477752
-0.0010428092269633637,0.0014974701241742172,0.45810067189880027,1.8923500081220057,0.4315068515245976
-0.0018397325740166501,-0.0018473382886398711,0.4588377235175341,1.8861012203230414,0.43100143559248666
0.0011262623245453362,-0.000511365587165243,0.45820250858179956,1.8991419402795862,0.4318004784126092
-0.0013020654526435735,0.0010279573053930346,0.4582232671702784,1.8908853063733897,0.4314026317939576
0.0009167854013052559,-4.4659363837943396e-05,0.4581407463051459,1.8987369176623028,0.4317986855913032
-0.0018067871499091739,-0.000692593067751835,0.4586144668767398,1.887292851101343,0.43112123551065473
0.0004180649799973934,0.0015374016301932382,0.45790382839036325,1.8982055692708817,0.431840270165083
0.001853068802194069,-0.0005054617850114864,0.45810618161063554,1.9020396664807815,0.43196484862684176
-0.00048244635852618203,-7.650974057726223e-05,0.4583281387097177,1.893135897478197,0.4314800481190245
0.0012062408682467214,-0.0018832113154786782,0.4584539319947919,1.89820039812546,0.4316850056106624
0.0013052923399741335,-0.005497959225523351,0.4591302905165305,1.895278559504541,0.4313557703094417
0.0007975412807118044,-0.0013512123455236263,0.4584055586604022,1.8970620928933446,0.4316446439583716
0.0004590929162051512,0.0013769632363532746,0.4579290977621108,1.898221417724194,0.431833898987047
-0.0011825720963098121,-0.00017278098276160377,0.45843625425414664,1.89025808324482,0.431312711431567
0.00024063003642837633,0.0011745391803244685,0.4579961781995173,1.8971654455644587,0.4317649267702298
-0.000930040484572866,-0.0019832355797301075,0.4587480782641056,1.8896017034478267,0.43119351653551036
-0.0019238154065568324,0.005078939367320104,0.4575325355719259,1.8921339771548389,0.43165687669320957
-0.00019235910064279026,-0.00044482781060575154,0.45836089266064994,1.8939529756043456,0.43150963378388607
-0.0014946725535891698,0.0018599546580735555,0.4580897431573134,1.890882598305931,0.4314401722750249
-0.0005346608826194679,0.002871244469045263,0.4577733662072606,1.8956379303145616,0.43175529085342607
0.0008518714421384203,4.1897636011882804e-05,0.4581326908214717,1.898558047765728,0.43179247739690435
0.0007269547819459307,-0.0022237660776215666,0.4585810673298602,1.8959799929842915,0.43154383169793825
-0.0003256837944931353,-0.0011521469627726558,0.4585127053478685,1.892772298505523,0.43141072493687305
-0.0012693384858832343,3.4116026678652245e-05,0.4584080177867834,1.8901024121898375,0.43131326905715145
-0.00014496338772840295,0.002870882566967212,0.4577227680513314,1.8971898543602326,0.4318431623294714
-0.0033527680802290898,-0.001344269682958317,0.4589323682742737,1.8805297620050572,0.4307087068897208
-0.0009184716231112306,-0.0009282440199103606,0.4585461000254125,1.8906164695519496,0.43129878096817426
0.00042191340633323247,0.0008075198834861606,0.4580426048255652,1.8975499118150851,0.43177007179306115
2.8318747087940572e-05,-0.0009481414925100054,0.45842828480343967,1.8943695374884746,0.4315104215819723
0.0004944919320381234,0.0007195230552458987,0.45804994480357464,1.897758006880892,0.4317778698224651
-0.001842836211376046,-0.0005244340219080083,0.45858712488063547,1.8873036097121212,0.4311294632741304
-0.0013746738688256148,-0.002363270505212765,0.45887675345936707,1.887481169169874,0.43105620980664305
0.00014663245565377578,0.00012064449115244264,0.45820934275677094,1.895822526993715,0.4316411282470629
0.00011386293227338429,-0.0017512022215179243,0.4585701915326885,1.8939727734735872,0.4314515693564601
-0.00020124738380003528,-0.0018253006402639898,0.45862482174433333,1.8926498311873605,0.4313732920305328
0.00038191637501427223,0.0013773820751448917,0.45793908044421855,1.8979145116698637,0.4318165373955136
0.0017552213749172326,0.0025321892690563833,0.4575378869238723,1.904442828107503,0.4322385649293662
-0.0008053714540554647,-0.000915513338538693,0.4585292109920428,1.8910787661813282,0.43132553831184145
-0.0009384950573169684,0.0006119786267947805,0.45825575078526815,1.8919517034058453,0.43144417750069547
0.0019805075735330503,0.0014170317160438527,0.45772156172539796,1.904313609003047,0.43218072456540274
-0.0021993747665931067,-0.0025149443132960105,0.4590095970745738,1.8840547948604482,0.430855297282241
-0.001292569789776053,0.0010302789775195021,0.4582216089879525,1.8909252812434776,0.43140500081693806
1.2636333614072395e-06,0.0005998289725142806,0.45813684075012245,1.8956839730624142,0.4316549912923562
0.0017815729400244712,-0.0016542322919887028,0.4583351251916603,1.9007001167069306,0.43183694251179855
-0.0008476298921889525,0.003931501766471644,0.45761187836336326,1.895366680967113,0.4317879647967091
0.00034230254014660193,-0.0015578330675122206,0.45850389353979915,1.8950599440995557,0.43152189815639064
-0.0020287434129368153,-0.003048541849952875,0.45908925243409127,1.8842453971226512,0.43084191661811577
-0.002444438824945042,0.0001366720450068569,0.4585378815389077,1.885512518834271,0.4310579825841135
4.415190242335582e-05,0.001985922875208423,0.4578669663967495,1.8971290556357683,0.4317996258883189
-0.00013925922192761976,-0.0013872537747581064,0.4585334848346624,1.8932989056076446,0.4314298959444919
-0.0007411246129296737,0.0038023928497760043,0.45762266184973954,1.8956721925589923,0.43179941708227504
-0.0017656545833550372,0.00034747693984214133,0.4584117841108767,1.888412282169726,0.4312317512584437
2.562560447212772e-05,0.0012334920068423677,0.4580128778338455,1.8963634441472597,0.4317221790549741
-0.000404604752840115,0.0009984857696993853,0.45811339551432534,1.8944338639167875,0.4316022569108929
0.0008156183304922313,-0.00029476746373085177,0.45820166830284775,1.8981044070939295,0.4317515343256849
-0.00045757524852821173,-0.00037257660216366274,0.458381293253857,1.892962972149558,0.4314568417073183
-0.000964910640892928,-0.0004154858478820227,0.45845455450331235,1.8909024103767862,0.4313382048758908
-0.00030194559954806644,0.00042048818421486087,0.45821023256433,1.8943115463848292,0.4315691435571526
0.0013361387714994773,0.002615435564597242,0.45757736751963896,1.902851676565506,0.4321522270368775
-0.0004453460458462772,0.0012059395135755894,0.45807914218797047,1.8944622770785728,0.4316132647349322
0.0002949345331974612,0.0015231679644401475,0.45792259641565763,1.8977022016371203,0.4318111188134937
2.1461037005652313e-05,0.0005314859912594057,0.4581472503817833,1.8957015983088252,0.43165289314202243
-0.0004688304162013108,-0.0015691270769860744,0.45861041067097796,1.8918192316337272,0.4313378598919548
0.0008720690927393697,0.002597668212902096,0.45764188041056786,1.90098816911341,0.432045888757715
0.0006622578761425459,0.0008716093167795611,0.4579990503143332,1.8985657288481301,0.4318305026787605
0.0002662176180221339,-0.0009001964880512794,0.4583884210525855,1.8953609126658642,0.43156873686008734
-0.0017831055781113525,0.00132689076983216,0.45822796587137016,1.8892428780473014,0.43132316177727753
0.0001992875238965377,-0.0011084037863949166,0.45843674238756715,1.8949031810578212,0.4315333819248332
-0.0009647173072203039,0.0025557357377270456,0.4578891512798907,1.8936343368240045,0.43162753003818016
-0.0018042700599112994,0.0035236778160186843,0.45781306008502987,1.8911789412316178,0.43153233001950575
0.0006396131484131489,0.004741425264088119,0.4572626041599134,1.9020356946728283,0.43220233519561096
-0.000717763326742903,-4.3575916385869865e-05,0.4583521277425645,1.8922287387627086,0.43143016638518517
-0.0005065752967229087,0.0003103473176836864,0.4582576001381393,1.8933952395980047,0.43151226172002216
-0.00020995349440380213,-0.001496909213082736,0.45856344600882115,1.892916661688716,0.43140328091053626
0.0010748527366353311,-0.0015697628745317818,0.45841121530639783,1.8979652533403366,0.43168588985393086
-0.0005077845882702925,0.0011091358287834007,0.4581056480481093,1.894124569378318,0.4315897541081291
-0.0005375923925722215,-0.0008692175512272862,0.458486083242637,1.8921880482295041,0.43139045612122107
0.0003559666048596135,-0.0007356710349597991,0.45834545042986735,1.8958693895388612,0.43160498656194884
-0.0012465567711208074,-0.00020453745106321168,0.45845046543704426,1.8899739396149937,0.4312951812013899
-0.00021981691844311888,0.0034095503353863276,0.4576297508551561,1.8973873316420937,0.43187875024976796
-0.001097000498445279,0.0019387444606951054,0.45802366658387483,1.8925398100887627,0.4315375923466598
-0.000785950101485439,-0.0007118931041513531,0.45848800309701754,1.891343155004822,0.4313497361264866
-0.0003267270383188656,0.0005410350854001918,0.45819047169008165,1.8943236211703935,0.4315752887778182
0.0008634442966068483,0.0034997803165309764,0.457470549680656,1.901783848880829,0.4321318197493518
-0.0006364492036019243,0.002659914956905224,0.45782684433260656,1.8950380309376262,0.43171174328367595
0.0009953752332299117,0.0016251255298873135,0.45781155495559556,1.9005845620822288,0.43197897058025475
-0.0007593261046080826,0.0018013117183937545,0.45800630140717435,1.8937588550774596,0.43160040233617475
-0.00010738176305616588,0.0007066434863826945,0.4581305551777407,1.8953494545699705,0.4316408862475408
-0.00026910356976576227,0.0013282290682052151,0.4580330387153846,1.8952767088583748,0.43166492763126846
0.0011150208071948875,0.002262008420813544,0.4576741012135591,1.9016465044751534,0.4320679641642204
-0.00020525035634845088,0.001990794674111652,0.4578984595326403,1.8961402451683336,0.4317438487318848
0.0014520420877315373,-0.0018706738315520076,0.4584195198513549,1.899190131275353,0.4317416237518468
0.001472249620260327,-0.0026706426511199045,0.4585695835719748,1.8985362160256036,0.4316683487317197
0.0005427409285786992,0.0011879391916519745,0.4579542640455978,1.8983806834910604,0.43183435467461667
0.0014828414546112047,0.0005575128660847404,0.4579516078199039,1.9015432347917334,0.4319848932543097
-0.00048067533946846003,-0.0015936360896826659,0.4586165904812205,1.8917495465540375,0.4313328031307221
-0.0012511718715454746,0.0015319104087529272,0.4581208946737073,1.8915513908959178,0.4314631849146517
-0.0002369303125759228,-0.0014353005640933992,0.45855518762310177,1.892865787024092,0.4314031909940433
0.0005319673096614567,-0.0015298239815180583,0.4584740338606771,1.8958408149256754,0.4315673890440854
-0.00043684740285124214,-0.0009167584853076289,0.45848219324480133,1.8925456906311748,0.4314085561129759
0.0016543256521987,0.0029255405033301574,0.4574759398716128,1.9044032228820322,0.4322541428975363
-0.0001579577340326688,-0.00314243220893024,0.45886983400275033,1.891613384325704,0.43125492346576955
0.0002765492343656421,0.00014368660000345766,0.4581881059383706,1.8963610321768862,0.4316726685613823
0.0003489129640763019,0.0011309673330615517,0.4579903981560745,1.897556562915483,0.43178510232087053
-0.0003204698653238164,0.001850152034980387,0.457940220812738,1.8955519891283024,0.4317041630284452
0.0008369207929588932,0.0004211913714174899,0.4580622377497221,1.8988470793904868,0.4318260297025496
-0.0004062845065256458,-0.0009613198326402364,0.45848674671324985,1.892626504495427,0.4314111138650648
0.0006926191002500759,-0.0021990795452868773,0.45858080430343506,1.8958659653194787,0.43153849256332816
-0.0001595770786442502,-0.001499995299281182,0.45855755782660623,1.8931144647824278,0.43141434299144876
-0.001393432004440904,0.0012073909035984142,0.45820085349015555,1.8906861316585204,0.43139948150308066
-2.5703148293766424e-05,7.166054733523885e-05,0.4582409873863522,1.8950912211220095,0.43159749402876185
0.0008743632654228962,-0.0029879344012008844,0.45870764724115287,1.8958654463721363,0.4315027239127407
-6.706923071106789e-05,0.0005773090603569977,0.45814998369861093,1.89539113828795,0.4316373873335732
0.0008323082104275679,-0.002169908483296477,0.4585571609863608,1.8964488232477648,0.43157282231629446
0.0007158685129812162,0.0004389515977793878,0.4580746403147825,1.898381501825431,0.4318004679524099
0.0013558152543677517,0.0022775415813177345,0.4576394113588321,1.9026191734780142,0.4321237516560804
0.000549632744833568,0.004296950712765354,0.4573594565794962,1.9012682314183915,0.43213873552999227
-1.266895597050801e-06,-0.0008488751873986795,0.45841319532256086,1.8943428868189929,0.43151340959729717
-0.00034073966269534603,-0.0018808980819651172,0.4586532968287407,1.8920432052440608,0.4313364190043316
-2.87744535163712e-05,-0.0037567763361894034,0.45897013935140896,1.8915642516619178,0.4312243079959772
-8.447046821294508e-05,0.0008516810097430222,0.45809994543481514,1.895574009551177,0.4316601741057295
0.0009912506771802762,-0.0006946452816815952,0.45825510249823487,1.8984361889461776,0.43175220708578727
0.001388769056829212,-0.001302565070093258,0.4583193073231978,1.8994599832958017,0.4317826441975154
-0.0001345983060299431,-0.0037553544593731353,0.4589833944865581,1.8911441173601578,0.4312005795555929
-0.0007611935929849799,-0.0015829019052730257,0.4586504475289409,1.890641925440071,0.43127056313941853
0.0014587867999794682,0.0010359310062697331,0.4578633033896319,1.901887265340865,0.43202605108992415
-0.0010783327289440854,0.0010422876211883896,0.4581918439724181,1.891790020718992,0.4314545164127275
0.0004702206703555054,-0.00045611117093497487,0.4582773438043418,1.896581102688739,0.4316579575122885
2.2370668217367257e-05,-0.0005961492915626988,0.458362005276041,1.8946691537473064,0.43154333640922277
-0.0005296823014456466,-0.0034620720123801404,0.45897804859015623,1.889839552283947,0.43113998723944064
-8.839403976667084e-05,0.002508609899920007,0.45778451175231527,1.8970819056134018,0.4318206361724622
0.001398398509246183,-0.0005441910826688514,0.458173210435614,1.9001948647713574,0.43185861999689784
-0.0007292892112813845,-0.0004131588718367109,0.45842391970054464,1.8918432901872315,0.4313915937869386
0.0008764093272482069,0.0006861429106302943,0.4580064937179429,1.8992477823117686,0.43186072582626983
-0.0005699460635816264,0.0007070474151102093,0.4581902384245419,1.893507364439681,0.43153658411891316
-0.00020123221549054931,0.0010062835399714072,0.4580856035743478,1.8952510822236173,0.43164889053435235
-0.0003978622333040106,-0.002871277423290519,0.458848948595584,1.890906680773443,0.431227186478356
5.662899212749122e-05,0.0014834771368099553,0.4579611788511263,1.8967167390448831,0.4317535123317664
-0.0010801483262368342,-0.0002094345119967713,0.4584301247375979,1.890632536865033,0.43133225672530495
0.0008560339527849102,-0.0007301294636216278,0.45827948020106973,1.897865353472952,0.431718272165707
-0.0006344914897733257,0.003958586433068085,0.4575790211484537,1.8962407688007026,0.4318386928274525
0.0008086663383860522,0.002002930084720061,0.45776385356589355,1.9001887463933256,0.4319736714498302
-0.000921492604884813,0.003181131977106268,0.4577644434485027,1.894381885459646,0.43169819860920433
-0.00161358880739699,-0.001009707347031791,0.4586501404826647,1.887771667697116,0.43113398469925757
0.0007204019758385713,0.0025903205386925473,0.4576632001075325,1.900377628159529,0.43201097998586946
-0.0009050763731259779,-0.0012924082853025532,0.45861361189624006,1.8903354192097808,0.4312663660993056
0.00019117703411072388,-0.0037529661454267765,0.4589412580293682,1.8924436220987075,0.4312742807329463
0.0006217645849310323,0.0010890941507963308,0.4579628196765394,1.8986044355010983,0.4318425479002002
-0.0004350451784045803,0.0010453128143285528,0.4581084088442727,1.8943556536229404,0.43159994925101386
0.0007544214489042015,0.0006010353218924223,0.4580386730721103,1.898683944138203,0.43182493897359364
0.0005073478132020395,0.0029403393268730795,0.4576242697171028,1.899851388789293,0.4319970359186086
-0.0004638005351689709,0.00031421880366494775,0.4582513509853271,1.8935691870865317,0.431522288035421
-0.000507218192415763,0.0020074201645100343,0.4579344449342312,1.8949527256532304,0.43167735087693043
-0.00039539232878891005,0.0009203038135813727,0.45812709794727613,1.8943986961983115,0.4315967232557014
0.00013270483969106924,0.00012861623234520383,0.45820962772788765,1.8957743897788486,0.43163876332340717
0.0016641426229970918,-0.00016475626425486656,0.4580658656649575,1.9016009614843477,0.43195543982744045
0.0013731049870764165,0.001600247938738104,0.4577666714032388,1.9020651111898552,0.4320616892932861
0.001277944016450473,-0.0003193485220396321,0.4581460211034688,1.8999220436288378,0.4318533562584214
0.0008982258033075574,0.001463526934961616,0.45785516591757325,1.9000492610434956,0.43194133438619686
-0.0005942224098919388,0.0005210346836651877,0.45822878073242174,1.8932397045645615,0.43151299877174615
-0.0001244264043626049,-6.904039807832134e-05,0.4582805533702094,1.894568769613473,0.43156153229669325
0.0012583932294376492,-0.0013927590700403634,0.45835353554507685,1.8988582918397932,0.4317444832134874
-0.0016256778397908279,-0.0033654590948108687,0.4590985873876834,1.8855612454451822,0.43090207714176765
-0.0004371773931994825,-0.001245807525651777,0.45854484472035073,1.892242193146969,0.4313764609313879
1.3769728090924714e-05,0.0010923823924869503,0.45804132207921716,1.896186509377841,0.43170576595830956
0.0016997693372046922,0.0005970242416249838,0.4579155223438305,1.9024427731582074,0.4320376255833904
0.00044734099479755874,-0.001418077556909686,0.45846368576385665,1.895606491752787,0.4315591816574504
0.000560189277040315,0.0026221880805205864,0.4576781194678611,1.899769091537944,0.43197796137741307
0.001293602495399858,-0.0037699346934279257,0.4588024696045345,1.896816610375301,0.4315211610952859
0.0008590201873172943,0.0030546744732227334,0.45755623633396136,1.9013566638097565,0.43208746196558695
0.0007969428235986342,-0.002882346438253196,0.4586975318688947,1.8956541546751808,0.43149554182379535
-0.0002959585664323124,0.0011321153773509104,0.4580738869662327,1.8949894574739672,0.43163977516003216
0.0004004421679474504,-0.0015638782239505273,0.45849753340086985,1.8952858847605054,0.43153441965009315
-0.0008578652773819309,0.0018613219347231378,0.4580075899727094,1.893421443022526,0.4315840129442918
-0.001285397209552866,0.002762695085863178,0.4578911072656531,1.892546864575575,0.43157532113740316
1.9355070206940976e-05,0.0005792459361534287,0.45813841978743364,1.8957371044775744,0.4316570676875352
-0.0012843716262970562,-0.0011476024027535715,0.4586344675990768,1.8889570606973967,0.43119486797911394
0.0006634684017301382,-0.002832147346847087,0.4587052056341342,1.8951688760327998,0.4314703340217081
0.00199326765921832,-0.0027020837437332595,0.45850761843124255,1.900580436594276,0.4317826916751211
-0.0011758784159236336,8.308101698031054e-05,0.45838676083996555,1.8905198274294912,0.4313391263021336
0.0004633852919302089,0.0014105347331552606,0.45792213039675256,1.8982693735365923,0.43183813576413616
-0.00035700634215281925,-0.000399077573270785,0.4583733953373457,1.8933392173699763,0.4314769484262861
-0.0002270947971838611,-0.001106011992409054,0.45849124883676917,1.893207340951167,0.4314374522231985
-0.0024790930353593274,0.0018490751485331937,0.45821741762511997,1.8869482281560408,0.4312168698762525
0.00024140324527392197,0.0003049583852363516,0.4581619167632024,1.8963692772108915,0.4316804419480734
-0.0006042847448903059,0.00048288085489452397,0.45823733995847116,1.8931645567838566,0.4315070144675372
-1.2671499201510976e-05,-0.00014767451959288929,0.45828109340998835,1.8949415960521958,0.4315790834996331
0.0010622003229472262,-0.0033095619827971244,0.45874465628724476,1.8963179951093039,0.43151378103539845
0.0002420264677933548,-0.0020491361620473877,0.45861041360643545,1.8942096053984567,0.4314514835467674
-0.0003053825393351817,0.002880238213015449,0.4577418636139504,1.8965595104652064,0.43180788883427446
-0.0010413547104331678,-0.00019188370976301128,0.45842182404374504,1.8908032354604865,0.4313427187955983
-0.0005682411278545391,0.001824366256783556,0.4579772193409753,1.8945413056183067,0.4316457582185827
-0.0009408962925156427,-0.0032329189368584836,0.45898681431842636,1.8884116004949647,0.4310695019450378
0.0004936825686240627,-0.0006801265401198078,0.45831701414547543,1.8964687353562921,0.43164144490453027
-0.00030672640317072977,0.0020754351875805436,0.45789549443384464,1.8958138997424276,0.4317292019420371
-0.0008526883638605816,-0.0007173796906659968,0.4584975928631494,1.89107222742655,0.4313341445052677
0.00014177783825815846,0.0007941105999406589,0.45808157836115215,1.8964221101304173,0.4317055951189472
-0.0004962097382673055,0.0019878713803899253,0.457936744599441,1.8949786010636103,0.4316779305792231
0.002152513345487207,-0.0007849567347913725,0.4581202381326542,1.902974238049106,0.4320051122811911
0.0017955114484728828,-0.0040516935336041135,0.4587910884095561,1.8985553622389866,0.4316068641642373
0.0013510225059230941,-0.0006609635067220799,0.4582017121585069,1.8998990533996167,0.43183657733572534
0.0001318653994476989,-0.000652319863657927,0.45835855993708297,1.895053594941548,0.4315625630904191
-0.0006111681761931704,-0.002453837348400031,0.45879683740227717,1.890440099452251,0.43121967547703766
-0.0003790056208707453,0.002489607377789867,0.45782591679534146,1.8959069180788581,0.4317532338872517
0.0010948894090211166,-0.0006689944651068262,0.4582366953024355,1.8988722691415507,0.43177806510190647
-0.000507018755577565,-0.0013480604485527395,0.45857325537102966,1.8918700967656459,0.4313507559410354
-0.0011520164856653982,0.003464283977655303,0.4577403218911346,1.8937238626576687,0.4316737620251327
0.000637111953506509,0.00022520759992903885,0.45812569265388026,1.8978715385459821,0.4317619042148559
-0.00047183145579936535,-0.0019630768824294696,0.4586857213679487,1.8914456025928703,0.43129885270624796
0.0012641890086289602,0.0014997115235910333,0.4578002227264182,1.9015391954801688,0.4320273510419663
-0.0009146987611613292,0.00189946168453564,0.458007657878143,1.893230073162383,0.4315749033021866
-0.001063053057060325,0.0012326747420618551,0.45815365987757184,1.8920259132244654,0.43147650090713074
-0.0009225662355880047,-0.0007959150442657027,0.45852146651644804,1.8907216894401135,0.4313107349306094
0.00047525087371256517,0.0008300901312209293,0.45803135358659386,1.8977830251955121,0.43178429591689255
0.0009711342344412948,-0.0016069204813715932,0.45843178730875195,1.8975182991487467,0.4316588947085541
0.001515713746769789,0.0025815755678612797,0.45756012701302673,1.9035351859987326,0.4321894012035916
-9.793912298805095e-06,0.0008932340976145108,0.45808234553456345,1.8959096083726934,0.4316810621616709
-0.0007470484431419534,-0.00029257080501498997,0.4584032586539055,1.891883315701084,0.43139932376583257
-0.0012679307851130503,0.00017110783133596528,0.4583817993887457,1.8902338897192943,0.43132692128125283
0.00019141097923356642,0.002579870303073506,0.4577344345310576,1.898261761916623,0.4318906817396694
0.000909864541680066,0.0015644630900221777,0.4578343579417927,1.900188398063886,0.4319537868691756
-0.00034741854860324947,-0.0004315583110153349,0.45837834430969615,1.8933475691313333,0.43147594985176807
-0.000327233822515598,0.00042681359366423096,0.45821229286425746,1.8942166340335602,0.4315640550973208
-0.0018532964579248956,0.0014802914027584936,0.4582077795178006,1.8891041106055706,0.43132225301437177
-0.0015043455680086987,-0.000989359439722854,0.4586323994645654,1.8882257435343812,0.43116062158696355
2.1386561066013915e-05,-0.000985909582711682,0.4584363723950115,1.8943072441724897,0.43150518272207045
0.001596429220479995,-0.00018763740021906646,0.4580791289312077,1.9013104929266216,0.4319379535058583
0.0015088410836654237,0.0022537018081127784,0.4576237777730462,1.9032062417981153,0.4321559181812552
-0.0004770546167879635,0.0007696879438974796,0.4581663295230902,1.8939349710007867,0.4315636380878867
0.0012464182174442785,-0.0006394956964689635,0.45821128343893275,1.8995024653393524,0.43181509054152095
8.47864049492099e-05,-0.0010715119617690377,0.4584444970672403,1.8944811045087968,0.431511150466609
5.634867215209774e-05,-0.0006793505179240861,0.4583734667869264,1.8947280411052487,0.4315429018400107
7.933933296234812e-05,0.0019237885576188108,0.4578742392910031,1.8972120471870977,0.43180151081850676
0.0013371518509430846,0.0002556972753627761,0.4580284111283359,1.9006860617591164,0.43192267638347526
0.0001938693075447777,0.0016438546984014492,0.4579127331551383,1.8974107241869547,0.4318000797341531
-0.000278497836718451,-0.0020323435729495557,0.4586741267100499,1.892152085783922,0.43133572380369023
0.001065871403337396,-0.0017947203516655659,0.45845530204234897,1.8977229560265367,0.43166197642684356
0.0008932141272706396,-0.0018521622561728137,0.45848867874442395,1.8969829686237332,0.4316174673699623
0.0017572430140366413,-0.0020044843357539233,0.45840521972679055,1.9002817310919327,0.4317973804294557
0.0008150257145039865,0.0028789751140185322,0.45759560839259317,1.9010198750246021,0.4320604289905888
-0.0009225937490179692,0.002851971858259673,0.45782728896541347,1.8940746727917128,0.4316658879985457
-0.000790254988801509,-0.0033874203042447643,0.4589970190507743,1.8888700155735318,0.43108846298165904
0.0006929586840863669,0.0013468063621960228,0.4579043188588191,1.8991247947550751,0.43188369236860524
-0.00019462291613806594,-0.00484821296875014,0.459198754857407,1.8899028478978661,0.4310807723141276
-5.260941518397448e-05,-0.0005871596806669976,0.4583699726737916,1.8943788068277243,0.43152730088816343
-0.00036415317553140856,-0.0005561489213836447,0.4584042156126118,1.8931664647259507,0.4314600490196423
-0.001718399475226399,-0.0010888888620196417,0.4586784687084863,1.887281208456277,0.43110262189187115
0.0017279660786443125,0.0029693157799445726,0.4574577968867377,1.904736529673862,0.43227500182907563
-0.00034709372547981195,-0.0013670419785574703,0.458556348529424,1.892489686667149,0.4313849843178334
0.00038046778029052127,0.00203882310719725,0.45781302615027475,1.8985169491978484,0.43188062111697845
0.0006942071078987856,-0.0022446615513707596,0.4585892863814644,1.8958304457437085,0.4315344159306044
0.00015559369671929764,0.00026943942508692996,0.45817981759417703,1.8959949387334498,0.43165763338280205
0.0013808788096433407,0.0022969450820415948,0.45763239374847753,1.9027367690679382,0.4321312903575473
0.0005028876141914006,0.0023350212985368034,0.4577404699641284,1.8992767998722335,0.4319370719736699
-0.000379456209169445,0.0029530730195379447,0.45773760549578374,1.896331463368729,0.4317982739712515
-0.0004088412157689897,0.0007599556768089315,0.4581593776208286,1.8941977443415985,0.4315780784280805
0.0008815032031229326,-0.001754093492106287,0.45847149596815184,1.8970263903382996,0.43162436943847626
-0.000674079092001051,-0.003375271968617493,0.4589799397746433,1.8893439777017795,0.4311158545773522
0.00015815057369730924,-0.00010548966471741352,0.45825095311212893,1.8956606177108726,0.43162171400946303
-0.00031366905534507833,0.0009567590347099007,0.4581095893591354,1.8947577240151166,0.4316187071719835
-0.002031637036808617,-4.5314747342279424e-05,0.45852014531758967,1.8869911210216659,0.43113347316931655
8.376547592824191e-05,-0.0005106425522952652,0.4583377832564306,1.8949921926525397,0.4315655045084779
0.0007622675123606512,0.0033643561153517154,0.45750976234290386,1.901256445737089,0.4320958166626668
-0.0004279110311139381,-0.001804340428669354,0.4586499066239349,1.891766273503429,0.43132420439237135
-0.0005802496637820144,0.00017815111264608615,0.45829225211697733,1.89298028201936,0.43148277284570596
0.0005626148951313417,-0.0016532257979113639,0.45849358777104476,1.8958495261151662,0.43156229162288123
0.0009593247249120448,-0.001966981559725686,0.45850199765483196,1.8971407112198595,0.43162119866191406
0.000794069845371723,0.0008203348612053138,0.4579916294976287,1.899043346122979,0.43185522788605407
0.0004450617098936424,0.004142588614559813,0.45740272129775417,1.900709772531673,0.43210011572224033
-0.0002530546435548874,-0.00031773287287096045,0.4583445157467673,1.893827988156888,0.43150831361754394
0.00045734480115674554,0.0016570948212814938,0.45787585677228326,1.8984720220401448,0.43186078252900495
-0.0012850321898420062,0.0005278605332771944,0.458316169873008,1.8904935601374515,0.43135778958908555
-0.0007119037556972685,0.0012101591296643983,0.45811274804900426,1.8934042850728632,0.43155354017309966
0.001314748527862913,9.897945545945254e-05,0.4580612907837702,1.9004528872525468,0.4319023712094752
-0.00010229140932114948,0.00035206514853622324,0.45819746445664356,1.895043863672285,0.43160751590163743
-0.002836890286690841,0.0014793076920829337,0.45833289215434736,1.885181447435608,0.4311000619316612
0.0005387977113864388,0.0003158733604447089,0.45812119137869356,1.8975634378140627,0.4317485636256891
-0.0003801337456388608,-0.001403195936700209,0.45856746877989574,1.892324886856023,0.43137401348435056
-0.00017203467985803413,0.0023295539005906453,0.45782954618485117,1.89658408886933,0.4317843318603354
-9.827472126296938e-05,0.0025872415614346857,0.4577707981340768,1.8971148818123345,0.4318260660925066
-0.0024691146324244974,-0.0008826082507991959,0.45873422320228513,1.8844778609538584,0.4309532095567572
0.00026314745654560604,-2.5871666870258332e-05,0.458222171222035,1.8961518700202062,0.43165314150451406
-0.0015937060127797363,-0.0012765672437379234,0.4586982728268752,1.8876058602497374,0.43111250461290895
0.0011998301692735889,-0.002479911987638729,0.4585686087451342,1.8976271281090642,0.43162550676854416
-0.0009510509591171947,-0.002106328391486375,0.4587741409591395,1.8894050008409558,0.4311768002111092
-0.0005297711394239999,0.0012341058279089641,0.4580846851832386,1.894151865638128,0.43159696173408396
0.0005704411107898619,-0.0038981014294068466,0.4589201985909577,1.8938205452143415,0.4313456826407756
0.0014013581327669746,-0.0011373963983379296,0.4582861232289184,1.899661769230851,0.4318015546558036
-0.0005649874625683956,0.0032018646619379836,0.4577142744264465,1.8958212956577862,0.4317806539465022
-7.838144014685776e-05,-0.002380000031722568,0.4587146005906119,1.8926299748151447,0.4313470367419734
-0.0006133865810146965,-0.0013951998281297126,0.4585958498880761,1.8914030954675687,0.4313221732701928
-0.0009691715640411743,-0.0006397873482186438,0.45849774517530906,1.8906794000295373,0.43131541341890145
0.0008423436076551195,0.0006725191082950109,0.4580135460541335,1.8990996527826633,0.43185171979098985
-0.0013255053094952574,0.005351680082669945,0.4574032167739993,1.8947699284160364,0.4318185112969856
-0.0009503227043826516,0.0002223384826547748,0.45833138911258947,1.8915465224157337,0.4314035787292931
3.0230012283889357e-05,0.0014619994281534932,0.457968705551774,1.8965918605229561,0.4317454672140377
-0.00031524146230704086,0.0008766038462224732,0.45812506363409505,1.8946777849329637,0.4316105486470688
0.002021649891555642,0.00018386665561928746,0.45795213895446524,1.903343752148909,0.4320699312194701
-0.0010392616106627605,0.000630486200182856,0.4582651642954151,1.8915672143151991,0.43142324177570196
-0.0007707692926017826,-0.0007103878701263038,0.45848577200943696,1.8914050173331078,0.4313533076813346
0.00018067987657332616,0.0006468666389180794,0.45810460465543235,1.896441691082101,0.4317000330950977
-0.00027305967007374934,0.0016287569361449728,0.45797627380991557,1.8955372558280357,0.43169329829974806
-0.0001850286250984593,-0.002504742894503947,0.4587520109354152,1.8920907503024718,0.4313108481134255
0.0008427796722556459,-0.0006990552166092378,0.4582752758652019,1.8978411351329747,0.43171830846979764
0.0011644427136704358,-0.0012570814975209938,0.4583398824615169,1.8986089656898577,0.4317365103914283
0.0005498796297215581,0.0006048859762750277,0.4580646052571002,1.8978731666652462,0.4317791978392947
-0.0025890217274752393,-0.002867045464974506,0.45912511991151744,1.8821781381461513,0.4307330672654984
-0.0010745989810816425,0.0027007886104882498,0.45787571467012755,1.8933299290213548,0.43161686260673604
-0.0018125278747818956,0.0017542082961574433,0.45815052714805715,1.889518457028446,0.431358127968364
0.0010484849721617364,0.0009507398322260136,0.4579334431048535,1.9001759527696767,0.4319252771908176
0.0006473620763921577,-0.0009518332508004649,0.45834888644567895,1.8968310133483717,0.43164965153175505
-1.023132842381172e-05,0.00043164788591906625,0.45817038431844176,1.8954836333541267,0.4316360262579489
0.0004039956608264624,0.0013577576920327525,0.45793994743364563,1.8979843829548193,0.4318196052275708
-0.00019837227990579588,-0.0013464818965037229,0.45853332675081804,1.8931009132634142,0.4314205305100357
-0.0005399327591049944,0.0007889974089442005,0.4581707644226952,1.893702244132199,0.43155133322343153
-0.001594583864247136,-0.002407122382447228,0.4589129149205058,1.8865645152592665,0.43100231155019303
-0.0003954263571895373,-0.001061544726905757,0.4585044240034248,1.8925777099031749,0.4314038098381272
-0.0002596357014838058,-0.005112281166476361,0.45925718680049465,1.8894018291630048,0.43104043516988466
-0.0003273426948075059,-0.00048210812726522193,0.45838538281089447,1.8933810976490573,0.43147555845210356
0.0007451526999178467,-0.003801002167893519,0.45887922613643417,1.8946051355508513,0.43139451431739356
-0.00029381771437900277,0.000911212491703941,0.45811569979939737,1.8947949283917997,0.43161875061644367
0.00046998554281974637,0.0022968747950045496,0.45775205883249115,1.8991107120514936,0.43192593792544437
0.0010134231027243287,-0.002015616592537535,0.45850425163343145,1.8973113956729977,0.4316286613658946
0.0006112169584181345,-0.0006434368386769118,0.4582947652510029,1.8969703792301311,0.4316715160130926
-0.0007714602722051041,0.0029475686470012727,0.4577895197336567,1.894764769919737,0.43170930030792487
-0.000604784622107099,-0.0016415748392011498,0.45864160042735336,1.8912111484133067,0.4313001409300003
-0.00039191006567139994,-0.0016379325302250214,0.45861363789238296,1.8920624503364751,0.43134851649746825
0.000967659249249465,0.0007305742165214349,0.4579860780992364,1.89965185387936,0.4318856219986735
0.0013462319505997571,0.0007907555239020501,0.4579249653947397,1.9012139572091131,0.43197681286828826
-0.0005914448567577177,0.0020140042772365447,0.457944091904441,1.894623253562308,0.43165899065489277
-0.0006296795771671945,-0.0008891993370214965,0.45850169810220787,1.8918028607079234,0.43136773707318526
-0.00016112779603448267,7.548874197663529e-05,0.4582577622891324,1.894555391881459,0.4315673226228927
0.0011493411844686837,-0.0011659846038142086,0.45832446291693885,1.898632520290916,0.4317419714921205
0.00033850918370630616,-5.317679034633631e-05,0.4582176029161092,1.8964268606967158,0.43166747758887974
-0.0012107084188013478,-0.002107008574241397,0.4588073000469044,1.8883697691585783,0.43111814261519904
-0.0002113618496905202,0.0007785666321677991,0.45813030749317096,1.8950014283367167,0.43162443547641016
0.00030841684066290316,0.0009224226833702951,0.4580354529821995,1.8972036120089613,0.4317556659959031
4.677661250170532e-05,-0.0008628863843554176,0.4584096643215177,1.894521344831127,0.43152288117134685
0.00041069824446724444,-0.0019307567523464456,0.45856610908615003,1.8949898825535492,0.431501035063522
-0.0012934825161667125,-0.0006410682345936322,0.45853940368525564,1.8893859518171958,0.4312421054043221
-0.00137709618454646,-0.000991468041817018,0.45861661551778476,1.8887309303114987,0.4311891355690364
-0.0007199413019508535,-0.0010679827716933914,0.4585472671966967,1.8912790889305153,0.4313299752357662
-4.324362783272349e-05,-0.0015420588333517782,0.45855060007785586,1.8935391503301233,0.43143648789576633
-0.000407413070970102,-0.0032960644493711237,0.458930914946415,1.8904788784292101,0.43118371428642616
0.00013985793185738212,-0.001697530414272784,0.4585566218999958,1.894125565641563,0.4314626538288676
0.00038969643327341186,-0.00545028672933345,0.4592386915497392,1.891677693733907,0.4311540074952112
-0.0007728605995045414,0.00046850756178494295,0.458261766895669,1.8924797700569682,0.43146758274472735
-0.0023532455722703916,-0.0006946615279495883,0.45868399113172054,1.8851124640667676,0.43099766309006726
9.109882223135097e-05,0.00019863376397480888,0.4582016717478285,1.8956730427493191,0.4316361960448804
-0.0014427371894263307,0.00044283390574017314,0.45835249284263424,1.8897869425182965,0.431313920582336
0.00014351397654060552,-0.0018759552198398697,0.45859012712693015,1.8939763142393433,0.4314461179104922
0.0007181471779365939,-9.46669689260983e-05,0.4581761772766815,1.8979002273025436,0.43174903690833627
1.796386145148878e-05,-0.0008674232986856517,0.4584142468278051,1.8944024355371893,0.4315159416071039
0.0005284667453344379,0.00018755391781344208,0.45814701546147013,1.8974043893128727,0.4317337429180611
0.0010971983020586673,0.0008714763386171966,0.45794220408203024,1.9002969882806797,0.4319285405681036
-0.0005957295262296881,-0.0004310484469251886,0.4584101790168644,1.8923589243297227,0.43141998445872587
0.0008864797922913462,-0.000705221467346432,0.45827076530535266,1.8980094280999638,0.43172755979873634
0.00036954526819706887,0.001008122585600587,0.4580111494527536,1.8975257902905807,0.4317777941079998
-0.0001734923069582101,-0.004498048087850048,0.4591295277260843,1.8903080719512708,0.431119585087835
0.00012740240910762303,0.00041335096322595477,0.45815603804525784,1.896014923893246,0.4316652851208419
0.00013095560228130047,-0.00146770542754123,0.4585140013189084,1.8943011346354355,0.4314830088511384
0.0011683685446413632,-0.0002604875733907302,0.45814910530938224,1.8995400106911349,0.43183438784870437
-0.0006026134234967762,-0.0013867097210624275,0.45859285563128793,1.8914538071714637,0.43132542979921923
0.0003466411735364611,-0.002109576928377617,0.4586084385155761,1.8945706743501036,0.43146919315932725
-0.0009675881617620758,0.003867925151785871,0.4576395548925609,1.8948302056068966,0.43175470300873964
0.0012670406666905954,0.002038148183685376,0.4576968963256791,1.9020456784707829,0.43208042796566604
0.0013200694903179743,0.001151144788550427,0.45785951339972175,1.9014411246982068,0.43200600524006383
-0.0016297941198361219,0.002310707058913789,0.4580213528744784,1.8907585604689587,0.4314535692669662
0.001198390753497519,0.0009487008277865824,0.45791418199137135,1.9007707412921175,0.4319588686122067
-0.0018930470876910952,0.0024051520891555296,0.4580371118810955,1.8897960827908309,0.4314033415144498
0.001321450721559159,-0.0009524285621902922,0.4582612391515575,1.8995136436824416,0.43180154608861077
0.00012352461847965051,0.001503669941238661,0.4579486296268449,1.897001704849149,0.43177056522834634
-8.248576011659496e-05,0.002126774489736544,0.4578565756734219,1.8967542457192723,0.4317847811366554
7.867415510090349e-05,0.0013388453898912195,0.4579858968197962,1.8966715590241303,0.4317444011403354
8.259489192124474e-05,-0.0028646756766190786,0.4587861677281073,1.892826227037584,0.4313361924621298
-0.0009639766740379608,0.006134946668199393,0.45720682123727735,1.8969320617044243,0.4319764423512846
0.00027040085557130354,0.0025397695786917246,0.4577317731009627,1.8985394197869836,0.43190458916354835
0.0011029427786582737,0.0033227020741398725,0.45747283923818993,1.9025742508827868,0.4321685588708856
0.0005372074613259345,-0.0011547831086883259,0.45840186618972895,1.8962060726458771,0.43160506547507793
1.799616576812457e-05,-0.003720733658754264,0.45895730241930655,1.8917835681371953,0.43123836115133035
-0.0001823675285532838,0.0017575713318557014,0.4579399549401886,1.8960169224525607,0.43172629853426464
-0.002096623012976105,0.0003817254513441717,0.45844734704805423,1.887124412064413,0.4311603688087829
0.0007990790093526369,0.002575073106294022,0.4576557865148322,1.9006768186647045,0.432027232820803
-0.0008984037411465024,-0.0012643712049142232,0.4586074303307158,1.8903877493702435,0.4312705998644417
-0.0018196083166329992,-0.001977637989114581,0.4588598934322,1.886061826014312,0.4309933013717873
0.0005180431515584332,0.004016238184533651,0.45741727501454627,1.900884056115235,0.4321042613355341
-0.0011119955399581328,0.0026758468335976015,0.4578852882994614,1.8931579711368605,0.43160599437103514
0.00041459989139304134,-0.0009604574774612527,0.45838070411346743,1.8958963844869072,0.43159633132319275
0.0021298172889115557,-0.004895299597388844,0.4589086120199017,1.8991117016997914,0.43160015075443875
-6.552703926265271e-05,0.00042502163517724433,0.4581788055879432,1.8952573267266661,0.43162290995779856
0.002068432295947443,0.0034911052722137437,0.45731257626661204,1.9065713261127666,0.43240254900501396
0.0021988473254567014,0.00026074980870223865,0.45791403144149145,1.9041193452032106,0.43211733747027814
0.0009526512462568425,0.002650425714795739,0.4576212018481798,1.9013574776377173,0.43206919346525957
0.0004973060078480049,0.0006994769385923144,0.45805340325619126,1.897750786385849,0.4317765527203943
-0.00017829221745087448,-0.0007933268239970788,0.45842543900253657,1.8936888872030322,0.43147888921417116
-0.0011943942261103426,0.0037882977676364,0.45768408902439894,1.8938531581044877,0.4316957637511947
-0.000433733193651746,-0.004042371534601296,0.4590760847687717,1.8896894509613986,0.43110519615662685
0.0002566114917152621,-6.598209319987743e-05,0.4582306652547724,1.8960889908131213,0.43164776334457816
0.00017110800672050217,0.0035283013165415024,0.45755601562000126,1.8990535181294521,0.431978489023824
-0.0001031750619176798,-0.0005160412391748971,0.4583629520774813,1.8942427533477955,0.4315228180063685
-0.0007255957004725877,-4.3606818564959897e-05,0.4583531395719952,1.89219750715096,0.4314283962904127
-0.00042653502127068993,0.0003981800075698098,0.45823055917970035,1.893794783319337,0.43153886778374634
0.0030374938454906975,0.0007649331152384466,0.4577060959245225,1.9079182771494525,0.4323553190418871
-0.0008331559638105599,0.0037537825415937293,0.45764387468065904,1.8952607883333117,0.4317739163193219
0.0008403814225054847,0.0015875802352799762,0.45783904540736087,1.8999330575250555,0.43194037386528933
0.0006954721062147171,0.0015940036357011825,0.45785678625887205,1.8993620821096657,0.43190832965331444
0.0006563224167574872,0.002743783736280036,0.45764228498346093,1.9002636889269426,0.4320114801175652
0.0009794209255068781,0.002623866987309969,0.45762275806604025,1.9014396061055543,0.4320726412784801
-0.0004882418384705135,-4.47149056424852e-06,0.45831517172981323,1.8931789984727119,0.4314857527058704
-0.000709432802174078,0.0018634602486243574,0.45798802240879577,1.894014775838685,0.4316177111811974
0.0008088809125357413,-0.0009067746080848463,0.45831931346291643,1.8975153981545192,0.43169045070042195
0.000568858132132012,0.0051105656424738025,0.45720133711681876,1.9020939025718626,0.4322223555943958
0.001203741015133912,-0.0021726106761177037,0.4585094756892748,1.8979247696998245,0.43165628503561726
-8.984451361488955e-05,0.0012362200329314287,0.458027342554549,1.8959060855528531,0.43169640172042123
-3.473367174080658e-05,0.0007526366653969447,0.45811237901706087,1.8956810563660909,0.4316617491051313
0.0011486738354677774,0.0006392430745694474,0.4579798280457491,1.90028841407214,0.4319175336126286
-0.0010687222562687797,0.001392103466904176,0.4581240539761531,1.8921498860191155,0.43149074463657483
-9.48452892592573e-05,0.00022178892824326816,0.45822132392248066,1.894953805460424,0.4315965135690915
-0.0005514217832703055,-0.0026932916243226275,0.4588347242825889,1.890458341680113,0.4312098600283528
-0.0012137976860959114,-0.0006882697947259629,0.4585382090073857,1.8896601347161814,0.4312554943300714
-0.0010413208799909235,-0.005288093305842896,0.45938948357551734,1.8861268045983808,0.43084700022390454
0.0011181560720022175,-0.0022624946146650093,0.45853774258867375,1.8975016277413037,0.4316282496347022
-0.0007058445536596748,0.0010353989721372814,0.45814523920381484,1.8932677787110712,0.43153789205395743
-0.002347545248945536,0.0026139313575494916,0.45805547714095773,1.888176127582565,0.43132105972752316
-0.0007486041485555488,0.0012856240507248856,0.4581031114284705,1.8933274463902254,0.43155260763567815
-0.00046910552921352027,0.0005956346185237935,0.45819844957577616,1.8938066690164777,0.43154848661860323
0.00010260840293207753,-2.1212039476728022e-06,0.45823844375496203,1.895534412705998,0.4316192499571208
-0.0017792661262931238,-0.0028630538434057,0.45902269655595995,1.8854100330142567,0.43091627533919646
-4.027060224984992e-05,0.0027468205465486927,0.4577327965881094,1.897492688733698,0.4318546916508629
-0.0005312736437166222,0.0010365872085500924,0.4581224979405076,1.8939643119343033,0.43157739164691034
0.00015825198144262076,0.0009421825084438749,0.45805120331292615,1.8966238158611868,0.43172372646211016
0.0009662451677768412,-0.0029196039184836687,0.45868273809409005,1.896293885434304,0.43153008281229566
0.0002674697796663061,-0.00034649819987727097,0.45828273174192874,1.8958745074848393,0.431622907969472
-0.0003042148683557227,-0.0016633474572173143,0.45860722321075,1.8923884122978056,0.43136582480077196
-0.0007657284398206049,-0.0020059973586591252,0.45873144788522924,1.890235436213896,0.43122837457962215
-0.001069470224973173,0.0048907611878779775,0.45745782940465674,1.8953658055912028,0.43183137470503485
0.0016560115491745901,1.940117025495299e-05,0.4580317281719871,1.901737819108514,0.4319715335850446
0.000723127437042398,-0.001901908608266623,0.4585202109358262,1.8962602225665999,0.43157428336617887
-0.0027104417259759092,-0.0035508141988413043,0.4592696617130172,1.8810666761869235,0.4306391451369266
0.00013760211533109864,0.002804954506976287,0.45769849714231814,1.898254539130195,0.4319004701968386
-4.103397711020776e-05,-0.0019500107120625988,0.45862797254609367,1.8931734097992434,0.43139729308129987
-0.00023546418332128904,-0.0019439510448055388,0.4586517900433753,1.892404627103977,0.43135403025643515
-0.0013588624571590864,-0.00045251204564304286,0.45851191617664533,1.8892986038863273,0.43124570133932566
-0.0003894284837257833,-0.0015823586239457688,0.45860274735585743,1.892123359501437,0.4313544836675886
-0.0008630438246948973,-0.001812837704260458,0.458707156806362,1.890025053933701,0.43122521144921805
0.00023023525646308286,0.0027152618589090325,0.457703518872903,1.898540910604818,0.43191262431147043
-0.00020497677125016982,0.004357166213107108,0.4574469599188735,1.8983186007238768,0.4319744214347243
-0.0015766091535431767,0.0005344851871250046,0.4583521680200761,1.8893376226208536,0.4312926271814788
-0.0011270345878123,-0.0003142050853946781,0.4584560374548548,1.8903494642285763,0.43131147922529506
9.955529854007012e-05,0.0010892197151408894,0.45803078784627355,1.896525232491644,0.43172480508912425
0.0011010065975241693,-0.001081695596885442,0.4583146732342476,1.8985175515918973,0.43173927936993933
-0.001210652933516699,-0.0003668544082803055,0.4584767282630655,1.8899679006756098,0.43128748539749606
0.0002862438302681351,-0.001361423088637997,0.45847371451930574,1.8950170812402807,0.43152836916804677
0.000870747070093397,0.0032817381901428405,0.4575112804905211,1.9016122741727877,0.43211222475506295
-0.0013861883293606425,0.000706280523409951,0.4582951932453605,1.8902544088959337,0.43135232944357577
0.0009907643147801855,-0.003745654523875673,0.45883700434940267,1.895633580290364,0.4314552642808508
0.00020054025547259477,-0.00043922226866573616,0.4583090706925116,1.8955228147558627,0.4315987901767431
-0.0013873689334756212,0.002564550470048299,0.45794193897093793,1.8919582256155212,0.43153300860751836
0.00021166210648882586,-0.000933323715162871,0.45840178665465153,1.8951132506911565,0.43155321054020984
0.00043237824204385113,0.0012527866329333942,0.4579562798056751,1.8980008873569845,0.4318157841580774
0.0007499999491932417,0.0011307030004694993,0.4579381270697519,1.8991532072264519,0.43187551079549363
0.00039834869180114954,-0.0022933826398631235,0.45863677968169503,1.8946078326663478,0.43146297012993867
-0.0004104881509981246,0.00025084375501352284,0.458256545581618,1.893723311981815,0.431528145145873
-0.0026975417968692814,0.004155167870380249,0.45780739597709263,1.8881985396108425,0.43139215505193945
-0.0003699120433197637,-0.00205557603800143,0.45869026198186347,1.8917666558239774,0.43131284375317563
-0.0017728025756896498,0.00048553657263609784,0.4583864747821378,1.8885106541681818,0.43124357704305644
3.150351194904342e-05,-0.001138005765416466,0.4584640345185886,1.8942078514135248,0.4314926632008829
-0.00040615519558027556,-0.001731325590134851,0.4586332301789865,1.891919964499558,0.4313362161075688
-0.0007304261365155856,-0.00019102162419164725,0.4583818065558792,1.8920428286250741,0.4314129579412006
-0.0006273709360732821,0.0013232131612860283,0.45808031607592603,1.8938449791951097,0.4315836193070641
-0.00013894861605924944,0.00025726402403820783,0.45822026707429864,1.8948107538190273,0.4315900195400531
0.0003951494782339943,0.0024773830447929047,0.45772737850023415,1.8989787688879904,0.4319266437492255
0.0005861556906543223,0.0004449559726237377,0.4580903976011832,1.8978706111911652,0.431771807450972
-0.0001591331673315043,-0.0015706407374737664,0.4585709469634498,1.8930513675212965,0.4314075690866076
-0.0003337044869706322,0.0013301741413016411,0.45804103234698024,1.8950211852806718,0.43165054505570916
0.0002207499561241041,-0.0007558126342288143,0.45836678787040863,1.895312477843102,0.43157253526649214
-0.0012980426291131794,-0.0029876613795841176,0.45898553887976545,1.8872135595962798,0.43101276647936415
0.0003135814538504894,0.0020019966475719204,0.4578287868161137,1.8982167516487005,0.43186195203119027
0.00036443764492359,-0.002676661644311276,0.45871414344692263,1.8941210327915516,0.4314180373471572
-0.00020733086678220204,0.00043266493797654564,0.45819568970490065,1.8946995839301402,0.431591670397583
-0.0008949277550924747,0.0006759443976616847,0.4582379841152853,1.892184074944531,0.4314602350471548
-0.0001951025140583832,-0.0016269600688532618,0.4585862882780295,1.892856401472009,0.4313939762949896
-0.0012102230058696293,0.0015807150852874617,0.45810635198518457,1.8917594408093379,0.43147717821257037
0.00034762573297125596,-0.001729709600379095,0.4585359511368432,1.8949233298393897,0.43150637457011476
-0.0009882310689983671,0.0017346168303963465,0.45804851378282013,1.8927855143883692,0.4315422589111273
0.0005808121936693983,-0.0005935599069028113,0.45828920089745584,1.896895146749579,0.4316695151672928
0.001552168969390712,-0.0005644078037214646,0.4581569370507266,1.900788221410606,0.43189130678262705
-0.0010290926665225274,0.0021277325321056605,0.4579789471970639,1.8929841898726112,0.43157132041557905
-0.0001834332856868686,0.0006728192105290365,0.458146843681681,1.895015472201917,0.4316204398895877
3.70513627603289e-05,-0.0019522030635711213,0.45861834837153315,1.89348236183722,0.4314146901906424
-0.0011562609540248855,-0.00037841743811058663,0.45847197791898137,1.8901740190241978,0.43129863433422294
0.001369014837101647,-0.0019549796347612014,0.4584464359757333,1.8987823183541002,0.43171470917693344
0.0013231540599107393,0.00042918476480819674,0.4579970952248379,1.9007897882659461,0.4319364104699169
-0.0010830517325969757,0.0005194411331381094,0.45829190110586493,1.8912906788913202,0.4314025502207402
0.0005524522725299404,-0.0017512471078363649,0.4585135845006163,1.8957190685456895,0.43155046272847547
-0.0020737533894051472,0.0006942875586275472,0.4583851173794261,1.8875028109497227,0.4311959588286683
-0.001080535995356488,0.0008581800643778961,0.4582271494463448,1.891612019078563,0.43143609486522055
-0.0018609383167686,-0.0002762787061109725,0.4585423219037692,1.887459400938723,0.4311495287107166
-0.0007878064382362179,-0.002882331524973207,0.45890077307251376,1.889343192307434,0.4311381428863662
-0.0002346625047891952,0.00033348347892838234,0.4582181154426792,1.8944995814935095,0.4315758505083617
-0.0005421017251826514,-0.002298108407237703,0.4587584130429251,1.8908581567480758,0.43125040604951215
0.0002065922137924661,-0.003403300342516831,0.45887275113935744,1.8928257757685205,0.4313117643841039
0.0005204857826059665,0.0009546407300584435,0.45800169240790417,1.8980776132871822,0.43180662169391937
0.0016319771553053694,0.001718650581755895,0.45770989749018476,1.9032041766042003,0.43213156059970576
0.0003450348699879224,0.0005127587431500289,0.4581088320716925,1.896972891382582,0.4317240400032338
2.682432429355732e-05,-0.0025779104019395555,0.45873875633761124,1.8928673029540029,0.4313515106259175
0.0014222463125139312,0.0010241750924477678,0.4578703564415263,1.9017310408174766,0.4320166712476744
-0.00027816133131028885,-0.002228223071727817,0.45871134565153815,1.8919736215931091,0.43131674273053155
0.001442734429929833,0.0010342951444512044,0.45786572741240594,1.9018218793966715,0.43202227406910365
-0.0011521052415218785,0.001306175034349299,0.4581511159782068,1.8917386342995983,0.4314635618035495
0.0018423916488937155,-4.4116460061904957e-05,0.45801936621737976,1.902421055742188,0.43200734865636753
0.0003888535826349143,-0.0008082766377600486,0.4583550308182436,1.8959336457141311,0.4316053360745227
-0.0006108432460538623,0.002085571712114377,0.4579329666270391,1.8946117902349122,0.43166158384894115
0.002991595314869348,0.00022665686031056277,0.45781542202536274,1.9072410158747195,0.43229257794557524
-0.00012042377579444307,0.0015414944394431596,0.457973111211518,1.8960649564181316,0.4317192293560814
-0.0002960532618903322,0.001415851339424945,0.4580198305404322,1.8952499223641537,0.4316673804188296
0.000804992478916746,-0.00197430433915465,0.45852340759258026,1.8965196516633684,0.4315856953331093
-0.0010416481125428638,-0.00014396603233846143,0.458412750865779,1.8908460882797677,0.43134731653946634
0.0008085535284863464,0.0005383683463432103,0.45804357082788694,1.8988418439945425,0.43183104194538546
0.001205104188943946,-0.0026731390983012657,0.458604781796493,1.897470771915129,0.43160789787271986
0.000478770331303735,-0.0012085123841144942,0.45841967685930873,1.8959240694733024,0.43158666097893367
9.71630887971915e-05,0.0006247787167763243,0.4581196527119681,1.8960888106141291,0.43167904822672726
-0.0009417530670780641,-0.00044404900088002816,0.4584570213096143,1.8909684396445638,0.431340650155389
-0.0011296065913903052,0.0005165641769045076,0.4582984153562013,1.8911025294816637,0.4313917646858753
-0.0008250578374714968,-0.0009588219097839638,0.45853996526314855,1.8909605606859234,0.43131688204542395
0.00021237353343495413,-0.0012678324908252528,0.45846542471016943,1.8948088803423608,0.4315208185723015
0.0011144766365863768,-0.001236732846027952,0.4583425079033194,1.8984287812980902,0.4317272281697399
0.0008241451977224677,0.0005488803348050107,0.4580395284116495,1.8989135731857436,0.43183558032923247
-0.0010034235105120994,-0.0004232173486800968,0.4584609528962229,1.890741858137394,0.4313287622753681
-0.0008116289351540774,-0.000701608733701086,0.45848933642299744,1.8912502965093636,0.4313449433413978
-0.00026298884219941456,0.003527591181450775,0.45761285696570575,1.8973239967892626,0.4318805113679025
-0.0004062895379534018,0.0030427071021321738,0.45772400112810074,1.8963070409458773,0.431800951785456
0.0004334812196356755,-0.002534183854603075,0.45867811423192745,1.894526694705377,0.431447465603222
-0.002242800749096005,0.0013149095310850043,0.45828878794156824,1.8873992873401086,0.43121821355561085
-0.0019296564457216652,0.001392702692471987,0.4582341585834252,1.8887191977643458,0.43129648657369596
0.00099709979866301,0.0007566451524107395,0.45797724685014984,1.8997930057773418,0.43189479680027576
-0.00020309099878998766,-0.00048645164724913276,0.4583702024377655,1.8938719962515047,0.43150316201912475
0.0002511764875715132,-0.0005872049443950211,0.4583307198744949,1.8955885086498836,0.4315958061328784
-0.0005184504505034277,-0.0007169797677030612,0.45845465985518885,1.8924041246106067,0.4314095900326449
0.0011337266909621127,-0.0012024075493739,0.4583334492510249,1.8985369226439375,0.4317349074982692
0.00036779899005154586,-0.002230604289350926,0.45862876186917195,1.8945438209670202,0.431462189236354
-0.0006902421653809721,-0.0026617065640024656,0.4588464291291331,1.8899343265682307,0.43118161520653686
-0.00019164183017913915,0.0013226012292788167,0.45802407518863364,1.895580061692591,0.43168185200339865
0.0002957196132885544,-0.0009543005713481043,0.4583949155670829,1.8954286935681781,0.431570124199292
0.0005922127302648955,-0.0006720570291745191,0.4583026907849602,1.8968684296157066,0.4316644458031695
0.00036051847285602397,0.0005298564516941332,0.4581035585051584,1.8970502568239331,0.4317291959443475
0.0005242666051094141,-0.004796561258701123,0.45909712483090503,1.8928127656709346,0.43124790557616793
-0.0012609506330629578,0.001498061527375168,0.45812858862557654,1.8914813027853263,0.43145768218412195
-0.00010363582509408331,0.004343083504939802,0.4574363922368874,1.8987092701427564,0.4319959076309156
-0.00022730650253486917,-0.0010673013449023023,0.45848390741417344,1.8932420480307757,0.4314411715344237
0.0014458328430628055,0.001075360252328596,0.45785746821606077,1.901871960810153,0.43202697072216645
0.0018368424540177429,0.0009865854596200427,0.4578229310104246,1.9033462674902264,0.43210644103850504
-0.0001970444807904861,0.0014012049215980382,0.45800979304559325,1.895630808044988,0.43168828700771694
-0.0007622360552857095,-0.0008639173644082577,0.4585138766343013,1.8912980027608932,0.4313402915884792
-0.0005369289086545023,-0.00042966350038845094,0.4584023608192902,1.8925944319405295,0.43143338436630524
0.0007533583334345125,-0.0009310999794532082,0.4583311689881514,1.8972720286808296,0.4316755662417752
0.0003115442067377438,-0.0009642582881242528,0.4583947662567111,1.8954825584870063,0.43157272351662174
0.0008543980933375036,-0.005330612110383106,0.45915641473839547,1.893637365332566,0.43127040863315547
-0.0002009812402573381,0.0003261954066959495,0.45821515221640563,1.8946270330464918,0.431582738100116
-0.0010429718244405336,0.0019594573609794295,0.45801276729321494,1.8927741421734385,0.4315518013400284
0.00020925172005811866,0.002477333387224469,0.4577516769777628,1.898238488742457,0.4318847182836242
0.0009298367117132494,0.0012398975534348173,0.45789374503915464,1.8999694908290372,0.4319266852911873
-0.0001444867347780733,-0.0021003475834496777,0.4586698724026739,1.892623397494605,0.43135933398050996
-0.0002129108866053221,-0.0008890157868230059,0.45844811528231777,1.8934631215328253,0.4314617685413618
0.00024164588047393768,-0.0008991428881848576,0.4583913977081086,1.895264038056782,0.4315632984339242
0.0029534759754610293,-0.0030888439427030666,0.45845550692213843,1.9040446453741733,0.4319613529403109
0.001135032861545614,-0.0009082121767634869,0.45827712489053274,1.8988123183991732,0.43176383218132075
-0.00023425678520972885,0.0017892874345439198,0.4579406416642293,1.8958394147067816,0.43171768290035206
2.7152268275594867e-06,-0.002343105715911149,0.4586971671775161,1.892986799555942,0.43136891578792685
0.0003995698681583027,-0.0003770983510437686,0.4582714431311278,1.8963723877117753,0.43164971735366064
-0.001988348817527184,0.000382387118505876,0.45843347438257837,1.8875566578675975,0.431184877537796
-0.0010193651132416584,-0.0014381510209426423,0.4586558967360323,1.8897462349597651,0.43122639676877395
0.00046607193503980717,0.0005787699874798118,0.4580804993219803,1.8975154873264322,0.4317577587108628
-0.000280483826653485,0.004191606229300723,0.4574884283508443,1.8978654456434454,0.43194125782234033
0.0004050517667985149,-0.0011854907166604525,0.45842483045845994,1.8956516994169295,0.43157227924134106
0.00022840886105282384,-0.00023418352408348324,0.45826638304300893,1.8958221528307004,0.43162503148779213
-0.002128085832566089,-0.0030432565520157754,0.45910073000745844,1.8838542220807062,0.4308200032188862
-0.001342468080771672,0.00398846323434915,0.4576651076671502,1.8934472844002894,0.431681847037477
-0.00017757383145136814,-0.0005335593212220152,0.45837588335008583,1.8939303532520768,0.43150433264215077
-0.0005452430176499139,0.0018942186246571698,0.45796093605353794,1.8946971535046802,0.43165774880532365
2.6940673487005954e-05,0.0032933856876559368,0.45761971815083724,1.898263220283879,0.43192309031792975
0.0007610502743639203,0.0031752535987833084,0.45754607151623033,1.9010775945884149,0.43207712070831583
-0.00011321038855214519,0.0007241201419167196,0.4581279792398617,1.8953423036313517,0.4316412730629111
-0.0004178202611010325,-0.000325853590255182,0.45836728453136466,1.8931642502737838,0.4314703571979601
-0.0016696664582040663,-0.001121515659015828,0.4586784802248997,1.887445486154267,0.4311104470283755
-0.0009177415655090767,-0.0012574624011532276,0.4586085873699793,1.890317047709564,0.4312669089244898
0.001173352120370986,0.0005048788289718911,0.45800226508618247,1.9002631452174306,0.431910015193148
0.0011818011256284765,0.0016551131380018599,0.45778134457933406,1.9013541763648645,0.43202391362981457
0.0008872805467742363,0.0019372019614198027,0.4577661026989852,1.9004412507295372,0.4319849933343908
-0.0005836512729714248,0.001547177187979501,0.45803201432754104,1.8942250503131126,0.4316152900704211
-0.0003105479691386586,-0.0010228131309500078,0.45848614536497556,1.892951359358109,0.4314267249322318
0.0011520187711137747,0.0041722261755180725,0.45730379849308445,1.9035514686373678,0.43226238812876777
-0.0009431388122187812,0.003349364652363186,0.4577351944123035,1.8944504275694896,0.4317097020778899
0.0008009517487915491,-0.001633744030241692,0.45845899568883636,1.8968162383880303,0.4316179206684696
0.0002633618404094536,0.0007158256583648175,0.4580807159772435,1.8968343130214806,0.43172539209129984
0.0003617494089493427,-0.0006874829470032679,0.45833551623129787,1.8959366773813038,0.4316109803501926
-0.0012388604185467752,6.0278075734282284e-05,0.45839914961498784,1.8902479025747787,0.4313226936819213
0.0008303431605515916,0.0015126847949257314,0.4578546664283142,1.899824232613422,0.4319308177851037
0.0006368645789852312,0.0021240070252402936,0.4577632338019144,1.8996161389746924,0.4319467292215927
-0.000955296614824871,-8.147772666692023e-05,0.4583898096484904,1.8912475588114657,0.43137288348794495
0.00032810310742324093,0.0019250279065378664,0.45784158247027285,1.8982037934735114,0.4318577311019788
0.00015032061513200562,0.0009986047666220076,0.45804147381073046,1.8966440955352293,0.43172743115576656
0.00012867295998721613,0.004043523432596939,0.45746317647423984,1.899358712895738,0.4320191149417723
-0.0021035898020809597,-4.7486867180213406e-05,0.45852967901085784,1.88670228161769,0.4311170173362751
0.0023851222699446,0.00045428947042950186,0.4578523335665122,1.905038202431214,0.43217814214563127
-0.0017648530157082796,0.0002576952993859642,0.45842873195731626,1.8883329804760496,0.4312231927010736
-0.0013811479701841714,-0.0013085739131071144,0.45867735163272594,1.8884235893913488,0.43115736381588304
0.00021636502496674985,0.0033021878965941373,0.45759327075285594,1.8990256709475206,0.4319666678709251
0.000445717972479819,0.0012881912527793313,0.4579477841488532,1.898086550059062,0.4318222393850541
0.0009808610745233402,0.00038598466083633734,0.45805015909040153,1.8993877008824678,0.4318550508897461
-0.0008255876689790205,-0.0001887654883993459,0.4583935875066224,1.8916657793193818,0.4313917072674517
0.00032426991243151237,-0.0005330622603504225,0.45831093590182037,1.8959292908335998,0.43161755810540936
-0.0006429719484905092,-0.0006914301337300672,0.4584657821289986,1.891931551761026,0.4313839850296773
-0.0014461784210184512,-0.001973464605775778,0.4588118352921037,1.8875540039508774,0.43107799480497544
-8.735689393679253e-05,-0.0006947655840767531,0.4583949497012041,1.8941415820190455,0.43150899136662046
3.610235649492725e-05,0.0027034585697331788,0.45773111344095957,1.8977569592877357,0.4318676931783623
0.00028849672894805476,-6.204323743416821e-05,0.45822578031335387,1.896219573654493,0.4316553369047766
-0.0011299938469750506,-0.002075937577494096,0.4587911409565698,1.8887199119522762,0.4311393794252056
0.0003615408094145185,-0.0016811990705316872,0.45852491243023413,1.8950232741662885,0.43151423235416597
0.00041334287695026016,-0.0020670364771946206,0.4585917297019747,1.894875305372937,0.43148837219340697
0.00012930917622117579,-0.00014039201618071557,0.4582613392652245,1.8955136997792332,0.4316118125589698
0.0009588783326470619,-0.000755000112908903,0.4582708380045069,1.8982518923061746,0.43173903569010347
-0.00035826296755500983,0.0004732198048578991,0.45820745988506656,1.89413568671139,0.43156157336931
5.2756092653604015e-05,0.0032520097335318444,0.45762424378884264,1.8983279586094792,0.4319248820022825
-0.00024770963739776785,-0.0010326365737982316,0.45847993375005924,1.893192620117764,0.43143994285076026
-0.00030720177861036157,0.0009124373636262009,0.4581171972401785,1.89474274446844,0.4316158508528339
0.00022519248982191256,0.0013346100920688126,0.45796765168637144,1.8972511301205872,0.43177703127161865
-0.001331513580811371,0.00476848583008932,0.45751511875511286,1.894208974884556,0.43176032186819724
0.0017707567132647828,-6.022412323519539e-05,0.45803186975309057,1.902121229847951,0.43198963928810524
-0.0011633730931340093,0.000297987966228242,0.4583443024893783,1.8907671231045748,0.4313628674525743
0.00039943902213247356,-0.004296265805136111,0.4590179328356113,1.8927745483232945,0.43126840727597604
1.305889164692283e-05,-0.0028447650719691147,0.45879130153904957,1.892567589512572,0.431322447471684
0.00044093576846889805,0.00265937155239978,0.45768663542299687,1.8993284819602458,0.4319546935781043
0.0009945601827398903,-0.0028984020386719025,0.4586750311784364,1.8964260462706173,0.4315385278423196
0.0013294665101285018,0.0017438784518000613,0.45774495005918614,1.9020235115111495,0.4320658406542411
-0.00034730269417051807,0.0009662251751135909,0.458112134752762,1.8946324576376599,0.43161204200802755
0.0014601377549187556,-0.0006383305899153858,0.45818311383968546,1.9003540821740454,0.4318633717126579
-1.5027790457436211e-05,-0.0010764573144336161,0.45845831253332026,1.8940790695787129,0.43148815855290323
0.0011128419494270687,-0.00414489689944154,0.45889731778597864,1.8957532665789925,0.43144395452822737
0.0013659744424519326,-0.001862046843965282,0.45842909333992676,1.898855539413539,0.43172306614216593
0.0008914928925333736,-0.0031278876430350985,0.45873210521048746,1.8958052100666152,0.43149297202130404
-0.0009013029904838177,-0.0011500405202710196,0.45858606831752574,1.8904811861142847,0.4312810711121343
0.0007970227201235855,-0.003120062303619037,0.4587428189290371,1.8954363386088389,0.4314724367859295
0.0005801509861584465,-0.0012228455376341641,0.4584092771791707,1.8963145380263455,0.43160812445329244
0.0011948205222794283,-0.000598576466125296,0.4582102090747112,1.8993346954056503,0.4318074433249943
0.00046786364752058023,-0.0003306597067778382,0.45825372784547447,1.8966869664709705,0.43166963635210936
0.0017255068004411042,-0.0006929891520279764,0.45815878183809344,1.901359844085554,0.4319178532542718
-2.4043600138331673e-05,0.0038180311223405274,0.4575262269440287,1.8985429756063137,0.4319627024863623
7.461307296254228e-05,0.0013202424863722937,0.457989972237703,1.8966382838063964,0.4317416739039242
-0.0007093298234325622,0.0003842256938671577,0.4582696368448974,1.8926554216447877,0.4314737117567041
-0.0021827192106912852,0.0002025514631994448,0.4584922650394785,1.886616538786669,0.43112348963400315
-0.0006222750883096925,-0.002892238177346435,0.45888157109291583,1.8899935338323723,0.4311745239149674
-0.001362619283841647,0.0021970497514851896,0.4580086774147254,1.8917188627967527,0.43150280340910296
0.0004104264409419854,-0.0029177730952255846,0.45875413390053926,1.8940828741354783,0.4314049527499885
0.0017454317302389927,-0.0013389824515262789,0.45827962313088244,1.9008458007606261,0.43185947529728197
-0.0003549515510753286,0.000474400401758347,0.4582068075861159,1.8941499616072346,0.43156243526609134
-0.0010940917759816246,-0.003112477859502606,0.4589833862992125,1.887911720272066,0.43104664956305716
-0.0007173826222113643,0.0022737083835434784,0.4579109060191192,1.8943603757173537,0.43165586943165635
0.0009158210778802439,-0.003040300409731822,0.45871226721330227,1.8959824187169152,0.43150697578373143
0.001158407386584984,6.545607268362743e-05,0.45808815902593875,1.8997998462391834,0.43186386969630364
0.0004816054055390954,9.932212307282969e-05,0.4581699387753182,1.8971367383071123,0.4317145880623836
0.000397921442828076,-0.0019250848175535423,0.45856667809249396,1.8949442179971592,0.4314987059770708
-0.0008748873490060354,-0.0013529931451232039,0.4586212713126223,1.8904000659134024,0.4312672823308021
-0.0003545037678839628,0.0011917237803600951,0.45807010409075566,1.8948110598343575,0.4316323727975221
-0.0011702057367706433,0.003068105722407347,0.4578181144480099,1.893286862724234,0.4316310650867686
-0.0006085441519997305,-0.0011325520267102126,0.45854527692514224,1.8916635678024614,0.43134882354632986
0.0006766911055013142,0.0008349345237078709,0.45800416760192275,1.8985894789131719,0.4318301861214259
-0.0003262058657577189,-0.00205960634329889,0.4586854285576456,1.8919370401717481,0.43132231028978985
-0.0009624840720198709,-0.0030757881234947993,0.4589597204593485,1.888469756457358,0.4310799142574789
0.0011002665015419296,0.002085005816575262,0.45770988196483575,1.9014249822191158,0.432047399868183
0.001797810161039958,0.0009599340422207445,0.4578331806444037,1.903166462770688,0.4320950509686524
0.00032019420231765893,0.0014573369139293602,0.45793186668341385,1.8977422562700355,0.4318104046778332
0.0009153872542989285,-0.0004982844697565846,0.4582275111820012,1.8983145906335228,0.4317542169587562
0.00033900362742339855,0.0041458472553673855,0.4574160349917945,1.9002904666561122,0.4320765174119609
-0.0016300423614770936,-0.0027053233492765733,0.4589739587753007,1.8861495326980442,0.4309653003748229
-0.0009269756367820029,0.001450141720380276,0.4580947728892857,1.892768030641605,0.4315283805650645
0.0011433170088239195,-0.0006521353793365295,0.4582271584999721,1.8990805070042744,0.43179062174089955
0.0006464584204024946,-9.317013794764813e-05,0.4581852217345396,1.8976162034965312,0.4317330200128085
0.0002886783446607508,-0.0010404797514168504,0.45841224835855077,1.8953215081148178,0.43156014975159607
-2.61711401937807e-05,-9.031289086302286e-06,0.45825642289372426,1.8950152160640172,0.4315895339807876
0.0010887733135019225,0.004296787777212841,0.45728832770508354,1.9034143945617317,0.4322602687044683
-0.0017470704589184424,0.0010253692739255094,0.45828065352469316,1.8891093514821817,0.4313019394552793
-4.755807891973555e-06,0.001864022333087216,0.4578965811435706,1.896822183086243,0.4317767244848065
0.001021925469315882,0.0015028183997626472,0.4578314432437618,1.9005777861472997,0.43197304569413913
0.0007786053967890716,-0.0018290099749229264,0.45849912545085575,1.8965480005609623,0.43159388337190074
-0.0016418295517048544,0.003214742091523881,0.45785095343254056,1.8915421772950183,0.4315389042342415
0.0011638015899131616,-0.0018337295822978823,0.45845001132368435,1.8980769184750343,0.4316802545480346
0.0012426493484318038,0.0012841323850928388,0.4578442638604533,1.90125525899684,0.4320015044118764
-0.002362854410111697,0.0017317070830441515,0.45822492788777797,1.8873037982290173,0.43123168897357866
-0.0009507007589313905,0.0022455708889712826,0.4579464035018021,1.8934049131429944,0.43160048532416867
-0.0006560654288558384,-0.0014315718214028869,0.4586082303270079,1.8911996807867666,0.4313090057384553
-0.0014879055019169135,-0.00041744289031373687,0.4585216969701428,1.8888165476151282,0.4312199905596827
0.0009801423559857377,-0.0012932066829270577,0.4583707678759792,1.8978422265945134,0.4316914521037587
-0.0017916586240486953,0.004130846351384282,0.4576959304435747,1.8917879822832324,0.4315943288800736
0.0017774008713185145,0.001329979337908031,0.4577650695331242,1.9034254543772906,0.4321264830585353
-0.0005178567495362882,-0.002334147527179481,0.45876216598031927,1.8909216558274202,0.4312523693399975
-0.0015785707434424893,0.0010757558485906841,0.4582495635742553,1.8898272706004193,0.43134487910744657
0.0012520096956822738,-0.0020422757325531038,0.4584783296968683,1.8982365233688427,0.4316798449871333
-3.0717714526477514e-07,-0.0005347016158490061,0.4583532284461126,1.894635286095631,0.4315442023333872
-0.0002470338877676343,0.0009667229748936633,0.4580990708025352,1.8950322933303505,0.43163470787803065
0.002015923354111515,-0.0012271833426506752,0.4582227743652509,1.9020246675816106,0.4319313014445288
0.0008188391130483584,0.0020983552538551883,0.4577442877444349,1.9003170031509444,0.43198525809004573
-0.0002739082240135553,-0.0002868277465385849,0.4583413189753811,1.893773321037062,0.43150661789782707
-0.0012927624738197803,0.002078897408407847,0.4580221782976569,1.8918885987799066,0.43150706290104385
-0.0005117179161475105,-0.0012610713700325997,0.45855731053634596,1.891931256629263,0.43135816058065674
6.484343840030357e-05,-0.0016541802750049703,0.45855803129617045,1.8938666461624918,0.431449954804762
-0.0010047345512824227,-0.0005740636758512883,0.4584897986748133,1.8905980721451787,0.4313137853213556
0.001433037970104309,-0.00039594978971146185,0.4581403560990451,1.9004689021403907,0.43188085526722286
0.0005080515744153431,-0.0028277047229827543,0.4587244060434158,1.894554212798316,0.43143572596103347
-0.0018773909819055148,0.003504457336068188,0.45782610508807375,1.8908697771115686,0.4315139507860699
-0.00038386596449959943,-0.0029668241264392305,0.4588653248720787,1.8908747547503544,0.43122104969131286
-0.0001021036733350009,0.0011708981293608578,0.45804138459911437,1.895797211275637,0.43168727657600664
-0.0016650889032848442,-0.0017011103283312012,0.45878789071151554,1.8869315653091963,0.43105508421375754
0.0002502146691820234,-0.0017782014541739466,0.4585577583375858,1.894490939600158,0.4314796907031837
0.000768578176090117,0.0018553700652577665,0.4577972966316747,1.8998934577828666,0.43195026355391736
0.0004268919345376146,-0.0008284795859285086,0.458353954702629,1.896066542986878,0.4316119469542493
-4.476345799942084e-05,-0.0012203087474564882,0.45848953686284477,1.8938285437333362,0.43146745366040157
-0.00012588174137723656,0.0006135614342411494,0.4581506883837849,1.8951902256147628,0.4316276517590982
-0.0002897304034429362,0.0018780124941096565,0.45793092403373103,1.8957000474140282,0.4317138100243128
0.0025036535012378843,-0.0010558147217672451,0.4581257642190587,1.904122208344782,0.4320578523370352
0.0003310531379952128,0.0015884621083903372,0.45790543001992134,1.8979060565813504,0.4318256216031296
0.000622056616487625,-0.000459222991022853,0.4582582228142571,1.8971827547600093,0.4316918890229466
-0.00046278622725231573,0.0019384435604829938,0.457941835192648,1.8950662897933157,0.43168065718890597
0.0006030760431325581,0.000977910770616355,0.45798648125421404,1.8984278258420881,0.4318275090303874
-0.0007758678137618653,0.001219799170449554,0.4581191568809301,1.8931583158064416,0.43154004729543555
0.0007673931553857453,-0.00035728953404009464,0.4582198770415473,1.897854989886958,0.43173457686372896
0.0006240566189805809,0.004194961894906255,0.4573691556856244,1.90147066027524,0.43214557876266646
-0.0018127201014858285,0.0011719717370619845,0.4582611769235805,1.8889824242897777,0.43130139323136407
-0.0011310862015567243,-0.002635626321218547,0.458897555086605,1.8882018727085415,0.4310846852220844
-0.0002273075655671327,0.0010549810992767149,0.45807969940953824,1.8951919900354706,0.43164775030665375
5.010747784909377e-05,-0.0022521750854506174,0.45867377055576875,1.8932589929438655,0.43138845015718114
-0.0013899293892970885,-0.0010753439695770275,0.45863417789890604,1.8886027619373886,0.4311780771753158
1.3271875047686135e-05,-0.0016050738998537387,0.45855532228628576,1.8937063596951504,0.43144310230916677
-0.0014532833831457559,0.0033927186861476125,0.45779282307427666,1.8924574112141093,0.4315987986274225
-0.0008108897296131291,-0.0003024414449058286,0.45841332500596205,1.8916199054718807,0.43138395924317335
-0.0005302056439639213,-0.0011319955918080206,0.4585351274436137,1.8919761426356978,0.431366550354641
3.888210781729901e-05,-0.0005758653244172832,0.4583560086258543,1.8947535405357052,0.43154903433436237
0.0005988512658055495,-0.0022917119340567305,0.4586105798092914,1.8954076393259545,0.4315083401165879
-0.0014376430290444753,0.0037722266670794638,0.4577185670539409,1.8928689694196956,0.43163929951032726
-7.272149512307142e-05,0.0014865922396410855,0.45797738712265695,1.8962044621143346,0.4317246424230404
0.0011415906674542412,0.0010720621153206182,0.45789805894454494,1.9006580694229545,0.4319580767422817
3.533539210855871e-05,-0.0030103650927908697,0.4588199524649729,1.892504342246889,0.4313113631313091
-0.0015498308176757974,0.0018932133952483594,0.45809048902266464,1.8906933440035172,0.43143096130477493
0.0006554215305858148,0.0011022182380376756,0.457955920540871,1.8987504959106298,0.4318514141183067
-0.0016059651748132292,-0.004128587132187225,0.4592407645776578,1.8849398512242743,0.4308323129187068
-0.001022802712310766,-0.0022884821669380126,0.45881787473791524,1.8889519241514061,0.431142889252342
0.0001542745477163309,-0.001979488208591791,0.45860845520252,1.8939241168293426,0.4314384713026656
0.0015328218237445888,-0.0012058957159465612,0.45828202318695965,1.9001220176950733,0.43182451586376236
-0.0005442414533746627,0.001674321106265518,0.45800270042882674,1.8944989454856478,0.4316365614662283
0.00031827619634236396,-0.001742881396255349,0.4585422491426233,1.8947943751468561,0.43149847491391163
0.0007961105070707319,0.003726572162899375,0.4574360527971234,1.9017245147390773,0.4321387344245892
-0.0011895057991815465,-0.00048164069655544546,0.4584958426068606,1.889946726793726,0.43128108586682984
-0.001044226519151087,-0.0037657698778596036,0.45910106221716596,1.887511093659277,0.43099436390061097
0.0006075878107456769,0.0013535439840890008,0.4579141867666958,1.8987911100306725,0.43186510053335275
0.0009451640948494061,0.0008314479965130237,0.457969755172408,1.8996550296756902,0.4318903719601824
-0.0019543576389761497,-5.244233537600384e-05,0.45851169416184945,1.8872926401439192,0.4311502257489873
-0.0006484300600507551,-0.002284032008631053,0.4587693190758988,1.8904475142411254,0.43122778846042703
-0.0010739484606005468,0.0014858866922090191,0.4581068807594455,1.8922152809620618,0.43149869692580295
-0.0002877326412671245,0.003817444189906155,0.4575607779135181,1.8974921862915761,0.4319031680622664
0.000457054469005119,-0.0037075044033729855,0.4588984887865928,1.8935439550925708,0.4313386539568395
0.0008683170631342957,0.002427152881563451,0.4576749634413925,1.9008163825383224,0.432028434978116
3.0463992813643928e-05,-0.002355971841744573,0.45869605104044076,1.893085494643368,0.4313739221412375
0.001718436984277681,-0.0025523284711364428,0.45851491668242994,1.8996244285403134,0.4317353361515123
-8.145104890797335e-05,-0.003706142261012426,0.4589672458453016,1.8914009186624,0.4312173521833497
-0.0012192899350684475,-0.00330561829305671,0.45903590385650395,1.8872356551617024,0.43099961267002246
0.0010591425774234193,0.0022923801162303675,0.45767564521819815,1.9014520231206493,0.43205832637975045
-0.00039423671004581805,-0.0026381016201303172,0.4588041531232989,1.8911351015583806,0.4312506863893009
-5.857951977539829e-05,0.0007373930292264251,0.4581183741465851,1.895572078110889,0.4316548868804094
-0.0014852020427917753,-0.002255232902640007,0.4588702544005834,1.8871398512990478,0.4310417751147885
-9.981825360756627e-05,0.0013701071149228605,0.4580031122053361,1.8959894500410155,0.4317071885679552
7.256687731589061e-05,0.0008759289990409973,0.45807496106701995,1.896221697177687,0.431697952224313
-0.001216604358208722,-0.004851249077045197,0.4593287398299186,1.8858288492996487,0.4308499178863978
0.00030369132136887257,-0.001788248475413462,0.45855277333363803,1.89469464996362,0.43149077195510754
-0.00012092003582614534,-0.0007354300230493221,0.458407021331178,1.8939705618121438,0.43149746391401655
0.0004685720354429911,-0.0015059167768553716,0.45847767957614094,1.8956103655889458,0.43155542146151665
0.0014083630470177095,6.070245364429108e-05,0.4580563363940291,1.9007902765923637,0.4319197439435541
0.000516059094706896,0.001228035742674958,0.457950091659884,1.8983113128486868,0.43183224269129156
0.0010122847322466654,0.0007883732593208638,0.4579691993023315,1.8998826123843748,0.43190130881140737
-0.0017079872136167033,-0.0012276853210146542,0.4587034892698484,1.8871952571843247,0.431091466130225
0.0018166842418088146,0.0009232928197954041,0.45783770116834244,1.903207877869195,0.43209573633056014
0.0005478416384074061,0.0009127743636732781,0.4580061162986798,1.898148044565666,0.43180871356079986
-0.000626450796031348,-0.0013249858893139167,0.45858416989635714,1.8914155252724347,0.431326058249008
-0.0006319479848715523,0.0022639736776468864,0.45790170758982385,1.8946917838368602,0.4316741965556109
0.0003562352023261674,0.003480056661484249,0.4575409781065429,1.899746309416405,0.43201553713589264
0.0004874528056430208,0.0036987190010890005,0.45748198014197566,1.9004700156735705,0.43206642829734065
0.0004476479955913146,-0.0023151394978307084,0.458634564994608,1.8947841479138596,0.43147196943683286
0.0017034666181107271,0.0006607973799690867,0.4579028384680859,1.902516100908272,0.43204466750550724
0.0011665665055603778,0.0004203894772991979,0.45801929437203304,1.9001584881575075,0.43190026049039226
-0.00032045548348656646,0.00033209866905568717,0.4582294573288259,1.8941565946667163,0.4315563638918315
-0.001099164802915239,-0.002341280993184052,0.45883761146095103,1.8885992022382705,0.4311205219981721
-0.0008704669261611333,-0.0010284031406036897,0.45855900301543706,1.8907157453766112,0.43129986537909887
-0.0013292482972860808,-0.00020228048455641395,0.45846059416156815,1.889646487447282,0.43127673932832916
0.0002986089784450841,0.003977688919012883,0.45745346832477063,1.8999748320467618,0.43205102407871626
0.0018051681202639381,-9.772226751081572e-05,0.4580345145721591,1.9022236940378552,0.4319937431319428
0.0008677574331727788,-0.0004300562852706829,0.4582206949527083,1.8981876710011425,0.4317501203971529
0.0003834229614930144,-6.640397420257748e-05,0.4582142968666041,1.896593541895463,0.431676317743578
-0.0005306931168227643,0.000148494794385727,0.45829151836690923,1.8931504435086532,0.43149106576872587
-0.001452200075245145,0.0008642455630452579,0.45827360892144153,1.890136513117873,0.4313528094670013
-0.0002844904762113471,-0.0021276581326115382,0.458693026990624,1.8920407231740184,0.43132509891652104
-0.00035352743627709504,0.0010885725627305675,0.45808963064492747,1.8947201263649365,0.43162254980264586
-0.0006678843848617284,0.0009340702334370252,0.4581596384842026,1.8933258670150166,0.43153659096170377
0.0005604702808769838,0.00306557653393306,0.4575933767447525,1.9001781201940675,0.4320212131283958
-0.0010689981307303964,-0.00021850159717078408,0.4584304220416171,1.890668635901034,0.4313338902833445
0.0005033592111615423,0.002952724057575228,0.45762242669794484,1.899846902163722,0.4319973429272727
0.0002581038650970848,0.0014843239002000448,0.4579348052804869,1.8975198291851416,0.4317990309381188
-0.0014442767987350134,-0.0011492764852657387,0.45865512873421643,1.888318283405599,0.4311586171829984
0.0016356876046745533,-0.0005600572220662058,0.4581451571773094,1.9011245602772677,0.4319105512798513
0.0021297365359916162,-0.0014343114015661898,0.4582474243603154,1.9022872312413908,0.43193678684563014
-0.00027381562890796976,-0.003141641056264319,0.45888449940361553,1.8911526777243166,0.43122886877785166
0.0006265301896991596,0.0005211521258738577,0.45807059776517467,1.8981013790134529,0.43178832827693686
0.001989271175968384,0.00032603854479536514,0.45792920747814925,1.9033455891525233,0.4320764763839823
-0.00024699206442781516,-0.0027774234182174062,0.45881181119978154,1.8915937174014108,0.4312703465096181
-8.110303284901561e-05,0.0018672060619984148,0.4579058990540644,1.8965210498641794,0.43175981508176337
0.0007303201865777009,0.0024225754069618784,0.45769395024472936,1.9002628127421937,0.4319968780760994
0.0008530791214552898,-9.154783746489089e-05,0.45815800389087635,1.8984402411410086,0.4317797600447976
0.0005967906052758099,0.00034060787494323916,0.45810892343448584,1.897817056810406,0.43176404706707217
-0.001315157183731062,0.0033795394251185332,0.4577775239647383,1.8929957637611963,0.4316286892797197
0.0003698904439189368,-0.0020758865706305713,0.4585990224806761,1.894694171673269,0.43147771335467006
0.0003805080274402164,0.0005687850636311465,0.45809353439711775,1.897165627034642,0.431737493209058
0.0009845372622946543,0.0028538241742593696,0.4575781187263234,1.901671523017594,0.43209619336034666
-0.0030045123400044707,0.001096964842370816,0.45842652726638056,1.884161463785786,0.43102497653526345
0.0015128147869876826,-0.0018745055999726235,0.4584123233452332,1.8994284537541704,0.43175494672523457
-0.0018370130994060053,0.0005525455941271359,0.4583819238256289,1.888316284995363,0.43123560547461004
0.0003323604120680969,0.0006929848504278855,0.4580761041669437,1.897088064031567,0.4317387275972312
-0.0010976272991788454,-0.0009241419322716694,0.45856820660600905,1.8899064068992826,0.4312587548620152
0.00019278008473244782,0.0014742881122147018,0.45794522394052173,1.8972504791288067,0.43178332255173735
0.0021694019078991973,0.0005818987775833522,0.4578564496378825,1.9042973650674289,0.4321419687444498
-0.0005964028856223671,-0.0046718502671381805,0.4592163021338911,1.8884642445134117,0.43100729212253375
0.0010634830457582328,-0.0002612124007513356,0.4581629435339788,1.8991218775569245,0.43181067548059365
-0.00010860312511153934,-0.001957257585242871,0.4586380348197706,1.8928976620000262,0.43138134873325584
0.0007273202904718748,-0.0035515655670689387,0.4588340154440293,1.894762968266009,0.4314147534155824
0.00010735126669590653,0.00023995194691667205,0.4581916907978242,1.8957757314838597,0.43164388339797216
0.00029734813339549036,0.0025862785031315985,0.4577193729915012,1.8986895050288561,0.43191519582236726
-9.80622700785067e-05,0.0001867240714481719,0.4582284207808212,1.8949087727168397,0.431592374672896
0.0008490316201033663,-0.0030744766982386948,0.45872741408984286,1.8956851983860104,0.43148859536909157
-0.00028967148641997453,0.00013443040660182962,0.4582631310831168,1.8940975736773082,0.43154406603253986
0.00094756043015017,-0.0015875183718243998,0.4584311488988565,1.897442279241787,0.431655468600313
0.0007974280654242098,0.0007625179638095927,0.45800222969113813,1.8990035718003753,0.4318503559956633
-0.0014754527225861577,-0.002935403496637642,0.45899806700904866,1.8865545151016965,0.43097781132089624
-0.0014216622663960207,0.000277283879199139,0.4583812618593046,1.8897188092697688,0.4313025618061574
0.000205133295216055,0.0014363771268363283,0.4579508484227761,1.8972648153583496,0.4317824168682647
0.0008150209994430369,-0.0010959056042691186,0.45835459340451834,1.8973661358761706,0.4316734291195353
0.001061946143883535,0.0016265731526934784,0.4578025423567467,1.900850876541029,0.43199411796710746
0.0004685580661684033,0.0009518476878643802,0.45800899231375636,1.8978682956333517,0.4317946411702142
-0.0012777561733655373,0.0007180043525217951,0.45827908844699333,1.8906972990876652,0.4313779421548127
-0.0010259685310178145,-0.0023685105898723063,0.4588334768836453,1.8888658583665343,0.4311343895058691
-0.0003474401881622541,0.0002769960604881924,0.4582434338461178,1.8939984765300455,0.4315449129787312
-5.308667165813575e-05,-0.0006563985155065068,0.45838322180689695,1.8943133065044289,0.43152045462068317
-0.0009939897496443317,0.0003707072376921249,0.4583087691065284,1.891508870330774,0.43140816831583007
-0.0007366339867761777,-0.0027993305757968404,0.45887848967979183,1.889623219233349,0.43115776162491287
9.284158020602163e-05,0.002890248668528187,0.45768806112196614,1.898154755689357,0.4318986835782183
-0.000402427198975621,-0.002111195840178888,0.4587050047757582,1.8915860876939368,0.43130009803045605
0.0013767948356406383,0.0034051805400093418,0.4574208672305526,1.9037401127972737,0.43223832015116553
-0.00029246705045058395,-0.0004197892246983199,0.4583690267553252,1.8935772557848436,0.43148949056547087
0.0002106081922421857,0.005871051707986867,0.45710315956673264,1.9013678353571224,0.43221569128573517
0.00013305750560148314,0.0019783405649900295,0.4578568368875142,1.8974761359291883,0.4318189380666655
0.00044131535773917483,-0.003620923936118735,0.45888403026375724,1.8935607153018579,0.43134352566275697
-0.0010964811528271748,-0.002452972006571719,0.4588584795922552,1.8885073861702748,0.4311102621228348
0.00043104618727406163,0.0002115050276368044,0.4581551123507256,1.897038518266316,0.4317141081826042
0.0017815474551833596,-0.0005379690827008343,0.4581217930710543,1.90172523260833,0.4319455689966117
0.00030693609881476643,0.0001496869597685546,0.4581830189272519,1.896487542361188,0.4316801048776193
0.00013854224820938806,0.004612581821930429,0.4573531764318791,1.8999218724320004,0.4320767888713073
0.00028352153575956926,0.0029314616802646456,0.4576552747206794,1.8989519948723306,0.43194569963849483
0.0012923577330001927,-0.0012092467043535887,0.45831407294944443,1.8991619913339712,0.43176999626064605
0.0006828262339089789,-0.0007588440771672269,0.4583074760470627,1.8971494577483103,0.43167642895495395
0.00010937446773146269,0.00031507224864319475,0.4581771095663679,1.8958528183015033,0.43165165228793845
2.094034593616078e-05,-0.0009354793722590582,0.458426825057811,1.8943517833018124,0.4315099897952206
0.0015510766464376109,-0.0005283088096504341,0.4581501822970516,1.9008170370268775,0.43189457412952525
0.0007001277722718708,0.003347008679536615,0.4575212511185197,1.9009930964689201,0.43208011685426145
0.0006239574835747038,0.0020455563786068603,0.4577799070536245,1.899492602896177,0.431936178955661
0.001384118006253575,0.0021695160245014684,0.45765634300974856,1.902632455147144,0.43211960969343893
0.0017134163747219242,-0.002847060902975945,0.4585718453202726,1.8993339508430913,0.4317055330230326
0.0019525411786914472,5.5516598650910706e-05,0.4579858050242135,1.9029508570167557,0.4320418660264852
-0.0017426994776384571,-0.0012769991593864244,0.45871724657387647,1.8870116186366532,0.43107883221820953
-0.0013906405349788113,-4.3257558946082706e-05,0.45843821190874534,1.8895479254079433,0.43127836217922677
-0.0014855252924392522,-0.0020071480356954777,0.4588232162892325,1.8873662762277927,0.43106583745606725
0.00029502091280393975,0.0003129882422327956,0.4581534266065981,1.8965901576993058,0.43169331454825527
-0.0007956621552698388,-0.00046743055727234195,0.45844275407221435,1.8915290102477875,0.43137133683327494
-9.873639380400088e-05,0.00014931943413654475,0.45823563447148064,1.8948717178253311,0.43158858157054253
-6.939120109551406e-06,-0.0004412908987138112,0.4583362905460281,1.8946946829095463,0.4315517980626671
0.0008767636687925303,-0.0032057085766445162,0.4587488388976058,1.8956751739852675,0.43148208217940603
-0.0004927749864668258,0.00026638432294514143,0.45826419204763313,1.893409814621094,0.43151109537203813
-0.0004002714712137901,-0.0011027014600048545,0.45851287792496603,1.8925206144410993,0.4313987118174819
-0.0004364274924404244,0.00041713061504208024,0.458228226340903,1.8937727932293382,0.43153848101264985
0.0012431833875977212,-0.0003705244976069883,0.45816034070800715,1.8997366824395037,0.4318405404259496
-0.0002668950950513776,0.0007106822192156157,0.45815042358293856,1.894717849593808,0.4316053004513071
-0.0002419146364858351,-0.003863738405926175,0.4590176980298404,1.8906172965998918,0.4311658345155256
0.0002678727909254288,-0.0007539643338499318,0.45836034005853077,1.895501815297997,0.4315833414787018
-0.0005718689556539994,0.0012555654162561343,0.4580860343606973,1.8940038927939638,0.431589554033694
4.409662088399152e-05,-0.0011277899273835778,0.4584604649589738,1.894267382973675,0.4314964973967475
-0.002175254583579434,-0.0034375270292875144,0.4591813249332493,1.883304472886151,0.4307710075468751
1.3905038988410927e-05,-0.00023445998356337038,0.45829419289908446,1.8949677029044787,0.43157663013464875
0.0004377172618021526,0.0004460243935690095,0.458109511857616,1.89728059351852,0.43173844223770386
-0.0004780006861364754,-0.0025281840584635575,0.4587939618070192,1.8909023285582303,0.4312424839342768
-0.0010940221348403145,-0.00027816031700699477,0.4584449646350914,1.8905141193010755,0.4313224369151359
-0.001148069055161665,0.0015104900325656706,0.458111727040104,1.8919425511162478,0.43148436647085175
-0.0013255829950099623,-0.0035812550689605965,0.459101639976521,1.8865592364552999,0.4309488182353682
-0.00019373356170262248,-0.0035480474383946885,0.45895153517788334,1.8910987713751428,0.4312074036371291
0.0016268843204674892,-0.0019835000336332607,0.4584182453877824,1.899782298177844,0.43177004746579095
-5.1846853586449764e-05,-0.0004879023067885532,0.45835096837910033,1.8944730204393576,0.4315371332310526
-0.0008197669936890199,-0.003533794472645271,0.4590285641374898,1.888618162824676,0.43106756865140783
-0.0018607164921366133,0.0017291298585935218,0.4581614480580827,1.8893033108894406,0.43134480772320277
0.0010209249644966482,0.004325847659263674,0.45729174152707674,1.9031710751073516,0.4322478057104294
-0.0014620473373147624,0.0011209319485077668,0.45822607522521086,1.8903332017530536,0.43137557748962846
-1.4058002257692719e-05,0.0016907787866033946,0.4579308313358261,1.8966258344460123,0.4317577561148088
-0.000513714338549994,0.001442843218989898,0.4580428501665643,1.8944077269720587,0.431620908457767
0.0008956833731780741,0.0012127637573557768,0.4579033998186658,1.8998085920233159,0.4319163440383509
0.0014464548154131355,-0.0003493226836955286,0.4581296904002376,1.9005651325006998,0.4318884173945941
0.0015437153732603577,-0.0014010000131730786,0.45831786439728645,1.8999861941393767,0.4318079847167764
0.001667054934221368,-0.005493030909308617,0.45908265418536437,1.8967226278933491,0.4314377734265433
1.3554630525298635e-05,-0.0016009586116110827,0.45855450236108286,1.8937112642186322,0.4314435665040969
1.636706121229041e-06,0.0020624925627776617,0.4578578932511207,1.897030155424192,0.4317974940239219
0.0007181487778097551,0.00018993951506905533,0.4581218671806869,1.8981617462854843,0.43177674130125376
0.0017016482871043148,-0.002951991378111938,0.4585934113474943,1.8991908312458894,0.43169267403688977
-0.0008142240894886907,0.003019949355858243,0.4577812662536114,1.894660982044646,0.4317067018648393
0.0003280684224394342,-0.004149031730161397,0.45899906752799446,1.8926254130301936,0.431266631988111
0.00034082790976109137,-0.00236852777241166,0.45865850654802376,1.8943098328642127,0.4314426894691518
0.001477390449341149,0.002287625843558356,0.45762143962526824,1.9031122846534978,0.43215213417874865
-0.0005469551969684203,0.0025869451675108028,0.4578291515298689,1.8953274295135356,0.43172482646095506
-0.0008333680068920204,0.0018403974235037114,0.45800841391723374,1.8934998044717704,0.43158750268493445
0.0005789999606771274,-0.00025392730427587976,0.45822465982538413,1.8971999387488656,0.4317021631501554
-0.0014216430091902926,-0.0005594092738079726,0.45854022341326706,1.8889502213527989,0.4312211288896677
-0.0022895289856820016,-0.0011269618690171784,0.45875790671497985,1.8849695031354503,0.4309699815177391
-0.0018504969616410572,0.002430978876223691,0.4580267585085288,1.8899894521937763,0.43141546241333983
-0.0009665188646618279,-0.004864078631183901,0.4592996257813837,1.8868135318960502,0.43090510074703264
0.0005842528674599918,0.0007378545882420117,0.4580347523127942,1.898132230296226,0.431799893191008
-0.0005067894095360225,0.004234853035233583,0.4575097005417049,1.8970037895282181,0.43189442020366997
0.0007735063142196662,0.00013282976827047938,0.4581255520585898,1.8983296446002689,0.43178366227290094
-0.0006449310654891174,-0.005911272843410837,0.45945767113587305,1.8871348312647915,0.43087585304055176
0.0004796752442046019,0.001920822970352239,0.45782259410497567,1.898803444384216,0.43189149975991037
-0.0005917218126150104,-0.0028258450253604195,0.4588650585537173,1.890176167901284,0.4311878747242607
-4.176509830000984e-05,-0.003344287329371417,0.4588933535414965,1.891890922598546,0.4312614957942603
7.31628665306714e-06,0.0015419630188898657,0.4579564336400765,1.896574127286639,0.4317480857232841
0.0015097806565482872,0.0005304498704855745,0.4579532418758938,1.9016255659455121,0.43198832969996037
0.00019647809724665703,0.001499746142284631,0.45793988607588054,1.8972886116410814,0.4317866354374736
0.0013999106014939127,-0.0006385441027918315,0.4581910359369359,1.9001142072520694,0.4318497775495433
-0.001228082347699495,-0.0015833065739700861,0.45871005811718757,1.8887813018426296,0.4311651747980209
-0.0012586792655616087,-0.0017777127825023597,0.4587508680681666,1.8884808979021308,0.43113935483498295
-0.00012077498989553027,0.0006857623011145658,0.45813626851405054,1.8952769217676042,0.4316358325749516
0.00015623452650627824,0.00013969684609465948,0.4582044668401882,1.8958782704580681,0.431645148257727
-0.0003571005681513815,0.0008469301767542077,0.4581361270916877,1.8944837795525555,0.43159821744784
0.0008854482962649484,0.0015194808560354382,0.4578461507771454,1.9000498439425026,0.43194390240272573
0.0014974587353859827,-0.0005802298918374002,0.45816712730117337,1.9005559730032913,0.43187743737058676
-0.000251531184904566,0.0033889095462949536,0.4576378228345454,1.897242018977237,0.4318695858315932
0.00020103061986621092,0.0008258454549298875,0.4580678321321384,1.896687231704737,0.4317220471213433
-0.0003362326519152986,0.001937662153391828,0.45792558436921543,1.895569674241313,0.4317091292311715
-0.00040247209650986967,-0.0020152724839794496,0.45868676696042215,1.8916739622931331,0.4313094203367283
-6.064402385120724e-05,-0.0008845763696403716,0.45842765263945484,1.8940736291575513,0.431496543666431
0.0008339439131028797,-0.0007554879507922476,0.45828719237169635,1.8977541260127664,0.43171082430921576
0.00012343103831482323,-0.00043414909225477727,0.45831807993158563,1.8952204181578716,0.43158189482863674
0.00034016869796851216,-0.0012606558413569469,0.45844754612370375,1.8953243311837127,0.431550334494882
0.0011046728638695472,-0.002847804511051986,0.4586511200228577,1.896910754283748,0.4315682699442126
-0.0003853467383596558,-0.0014170339847476897,0.4585707706184784,1.8922914163394389,0.4313714910608019
0.0006478556597290307,7.992847579162741e-05,0.45815201405750905,1.8977808146724,0.4317501844746309
0.00048488640631575575,-0.0006600614382192548,0.45831432917828574,1.8964521448517884,0.43164141441279946
-0.0007178751997070548,-0.002238913390460034,0.45876960754553797,1.8902122776624986,0.43121651075717127
-0.00033410565452071764,-0.0010709956877564205,0.45849834370095566,1.8928132786149192,0.4314167222825186
0.00028002431121847273,0.000709587033417349,0.4580797405569759,1.8968949279049414,0.43172854216398654
0.0009769575883592737,-0.00021320951353080483,0.4581650715193411,1.8988215736516185,0.431795843585955
-0.0007484735639250737,-0.00212221691251745,0.4587513337672813,1.8901974946028823,0.4312209605319327
6.121354546233445e-05,0.0007217774947173524,0.458105823052951,1.8960347982899146,0.4316803839781226
0.0019481873045884674,0.0003638243436872415,0.45792739673546295,1.903216861022441,0.4320708982046319
0.0017575339847748037,0.0037464587979379738,0.45730501427995474,1.905569340676244,0.43235737386536377
-0.0010487537447920207,0.002420746791622248,0.4579256991790715,1.8931753300513339,0.4315954200636896
0.001136613739872527,0.00269091114912112,0.4575892428095406,1.9021269801128602,0.432114605789566
-9.877122021087172e-06,0.0019100169281935048,0.45788847459634685,1.8968440826450792,0.43178004848723717
-0.0004810985319225263,-0.00014033244891126361,0.4583401140224591,1.8930826296134762,0.4314741399736293
1.9131098982120023e-05,0.0035657076936383963,0.45756875361102356,1.8984827087702205,0.4319478579071883
-0.00021525400940309458,0.0019102169264565982,0.4579151211890926,1.8960263026935906,0.43173374539782283
6.607459920481851e-05,-0.0014181564910810038,0.4585129292239011,1.894088263350863,0.43147319844591675
0.0002426265356072845,0.0013199138641745963,0.4579681864545612,1.897307042016412,0.4317795318330361
-0.00071205172463764,0.0012686116949255405,0.458101637881051,1.893457429963597,0.43155919805864407
-0.00071235805825177,-0.0017539318865236024,0.4586767193939782,1.8906794554351514,0.431264939966357
0.0002200328916056884,-0.0004706312452430409,0.4583125337713082,1.8955715812849285,0.43160012890977084
-0.0009826504686657926,-0.003259058188600219,0.4589970765045842,1.8882212609241462,0.43105753847396455
2.32733183838355e-05,0.00048631661535641116,0.458155625098587,1.8956673042174192,0.43164890460469496
-0.000459457439195625,0.00037492717711991145,0.45823923198921696,1.8936422739806955,0.43152917746757224
-0.0015271400916666209,0.0007851624916855547,0.4582982181225506,1.8897651601937038,0.431328196295563
0.00041626404018155357,0.0005561539953862171,0.4580912938659144,1.897296387279632,0.43174432611144753
-0.0006128541122308985,0.00015859561172379982,0.4583001694431884,1.892832429093824,0.431473513737864
0.00013000688955907964,0.0021388644281312517,0.4578266062868259,1.8976116129766796,0.43183388291534625
0.0002760893687780352,0.0005076080349777126,0.45811877169936477,1.8966936272085613,0.4317079914846836
-0.0007235834351627304,0.0017240000193508233,0.45801641020273515,1.8938301659682728,0.43160093815742173
0.0011725210592218897,-0.0009871235942366331,0.4582872998763611,1.8988890478715896,0.43176460238963643
0.0006388812689784962,0.0006162117413407249,0.4580508464285953,1.8982379171753767,0.43180036734445854
-4.669561655755445e-05,-0.002571284533876289,0.4587469317526403,1.8925806011101722,0.43133557444122045
0.0017564601414348554,-0.0037307201757682982,0.4587349134393992,1.8986944169830737,0.43162928082695995
0.0003029158780646957,-0.0007521073285889639,0.45835545133950306,1.8956430572021286,0.431591424359455
0.0011443703149825715,-0.0008452816543532505,0.45826389416232877,1.898907284490342,0.43177206134142365
3.941886048000209e-05,0.0012209331277732562,0.4580134815229283,1.8964068293539877,0.43172406704361793
0.0004558741492471269,-0.001038593718214285,0.45839025298412533,1.8959889575927948,0.43159803390068086
0.0006806581224808558,0.0007830693464929853,0.4580135502467134,1.8985575995385582,0.4318260309783527
0.0009876267793217054,-0.0010206467876055843,0.45831778792752487,1.8981223314325362,0.4317196632689122
-4.6043267687627936e-05,-0.0007812348792616741,0.4584060890266478,1.8942266928571245,0.431509893813213
-0.0008367613765770762,0.0005089273020331036,0.45826228898725097,1.892262329908803,0.43145709999719273
0.00040848395896829725,0.002834145922936764,0.45765750518714027,1.8993600498518435,0.4319643995124132
-0.00032489522148486226,0.0007731626183007345,0.458146017681319,1.8945442569981237,0.43159830032239005
0.0011406162201438488,-0.0002274681300271263,0.45814642628065466,1.8994598893060806,0.43183134640401283
6.300200825631354e-05,0.0002676533314776297,0.45819215595448914,1.895624575274823,0.43163657820477996
-0.0006884780792296318,-0.001971601815297247,0.4587150463315378,1.8905747611008281,0.43124914937414144
0.00111404201233846,0.0003453295577806488,0.4580405072370165,1.89988044958231,0.43188111412552577
-7.43767563310842e-05,-0.002477962476672169,0.45873272669210124,1.8925560114384592,0.43133840986845173
0.00011735399930007277,0.0023396649295009324,0.45778993968330217,1.8977459058763735,0.4318505854468215
-0.001147117898000311,-0.0017779404712519782,0.45873672291585477,1.8889252346814163,0.4311645080022887
0.0011055568257227915,0.00285188093654375,0.45756255017949365,1.9021514516914098,0.4321232844286241
0.0015471819530765284,-0.0011013569254697255,0.45826017609112746,1.9002751703701029,0.431837925293336
0.0005978292594716711,-0.0014959529121323428,0.4584590510302988,1.8961341295953862,0.43158553444703135
0.0005186690554271262,-0.0007269188124013286,0.4583226953098774,1.8965252360605123,0.4316425246919578
0.00019533446216503606,0.002671507413549122,0.45771643045636656,1.8983616810218034,0.43190049195563723
0.0003369966592520755,-0.0004794823655350559,0.4582990735607387,1.8960291851690778,0.43162564272718595
5.572693365635861e-05,0.0005292737213854799,0.4581432315114389,1.8958360253241988,0.4316604057255242
-0.0005103452568955797,0.0004114414570099779,0.4582388387530175,1.8934731209269449,0.4315212523554509
0.0005971261594355757,0.003103213991217162,0.45758137489409373,1.9003586921196371,0.43203314437153756
-0.002051133599609268,-0.002367401388325552,0.45896299145928965,1.8847811742687135,0.4309031177459538
-0.0012308097663490999,0.0017418195535862586,0.45807834727822194,1.8918255284883176,0.4314882197378631
0.002427174334150508,0.0003854400557784297,0.4578599481818764,1.9051421946346556,0.43218091214629506
0.00012067643252044906,0.002264491221883061,0.45780385120613404,1.8976899960952094,0.43184401342579654
-0.002427627686978798,-0.0003561254532576235,0.4586291964430185,1.8851268338582348,0.431013814333199
-0.0030978166909052646,0.00030765166149873414,0.45858780631838864,1.883063959922558,0.4309270631584413
-0.0005053799895489809,-0.0009638561995855192,0.4584999544650117,1.8922294468966518,0.43138851296505737
0.00033794648025608945,-0.0011607849260698796,0.45842880250077445,1.895407197567059,0.43155955202323043
0.001104414431535764,-5.80454856588676e-06,0.45810882777944273,1.899519464519181,0.4318447627636385
0.00037850869432029885,0.005042223980402802,0.4572395056560372,1.901273052203948,0.4321727733258732
-0.00044560365544627954,0.0018400971811905556,0.45795835097316695,1.8950443002896427,0.4316749562823986
-0.0008212254819993972,0.0024777889701179854,0.4578854576416216,1.8941343595962512,0.43165231570802726
0.0009577533447336575,0.0002782030885585634,0.4580737591080675,1.8991966704483894,0.43183934946875274
0.0009846601240583927,0.0031945498772007583,0.4575129483733313,1.901985504594544,0.43212941128645965
0.0013677095547510302,2.7134894289971205e-06,0.45807274497757255,1.9005752035182786,0.43190493681673015
-5.423342014333074e-05,0.0021981054181792275,0.45783929528492606,1.896932367160147,0.4317981000959729
-0.001459557667306434,-0.001195711312054674,0.45866588790127494,1.8882147448795081,0.4311506498940913
0.00048098829117545767,0.0011290383720097346,0.45797355901433223,1.8980806694963974,0.4318146958995359
0.0018455301526683478,0.003489596748216951,0.4573425290849311,1.905683076765345,0.43235217771910284
0.00032152310172615516,0.0008751998400266314,0.45804275623518614,1.8972123926999338,0.43175402381764383
-0.0013069252780780556,-0.00036708071701539957,0.4584890602889955,1.8895840538860862,0.43126573730391177
0.000258982127977525,-0.0004478935186941431,0.4583031576965648,1.8957475628121694,0.431611125155579
5.959615387712561e-05,0.001205149197757824,0.4580138709704736,1.8964726731160213,0.4317270807834538
-0.0009425843122044773,-0.0011243189241325448,0.45858645364763256,1.8903403321640495,0.4312742596570814
-0.0017605149095014292,0.002267862592898651,0.45804624697558594,1.890198116480933,0.4314198893733861
-0.0010449604033443845,-0.0033724995497753387,0.45902651404902156,1.8878689241184847,0.431032445604183
0.0007627171003033727,-0.00042316442268514287,0.4582330544215688,1.8977758568992602,0.43172711096166677
0.0009563691788021043,-0.0007294153371128641,0.4582662822635529,1.8982654053976986,0.4317409600820029
0.0021036455451389933,0.0014136739274434298,0.4577059018992258,1.9048004198908375,0.43220814129758706
0.00014915630183906693,0.00022871596478530457,0.4581884151110387,1.8959318826277494,0.4316522174311687
-0.00020357423542039836,0.001600797146875068,0.45797259369591137,1.8957883074568893,0.4317062490188237
0.0019781494229918913,-0.0008350455702975827,0.45815275978577297,1.9022345537857477,0.43196095352415387
-0.0010762258017280614,0.0011817930670010896,0.4581650330042646,1.8919266516253597,0.4314685743617035
0.0010552910826857715,-0.0029509188808163433,0.45867717921499235,1.896619579982407,0.43154710866903123
-0.0006839268763809479,-0.001970194241118646,0.4587141973735441,1.8905941839858904,0.43125031309281886
0.0005557213940738034,0.0009998577668006083,0.45798846890968165,1.8982594655691323,0.43181896884033144
-0.000725086283493268,-0.0022266036630251957,0.45876818821695,1.8901948490157012,0.4312160814410058
0.0006749738104587982,-0.004062086558967026,0.45893797731325947,1.8940862838757713,0.4313533024481027
0.0006360824703597408,-0.0003064752395640885,0.45822726354695786,1.8973789203390965,0.43170991845891066
0.0018957023832562965,0.0019625751377339677,0.4576283420018119,1.9044778632118595,0.43221474251455694
-0.0005721759071781615,-0.0005412604131813066,0.45842812454774584,1.892351512828408,0.4314145715538488
-0.0002734335348679687,-0.0014363032268109794,0.4585600683808607,1.892719477915785,0.4313948598558351
8.058153360781206e-05,0.0019034341008804156,0.4578779605454311,1.897198276387923,0.4317998087931038
-0.001487342016531011,-0.0004494117359683864,0.4585276972748881,1.8887894276227053,0.431217006355982
0.0014724776720506261,0.001464007746164682,0.457779640902681,1.9023353118897692,0.43207081878393366
-0.0008025364379573223,-0.0015900292105507639,0.4586570848684234,1.890470674424426,0.4312605420237844
-0.0008428885710621537,-0.0031650565527723425,0.4589614786219295,1.888864333921113,0.4310982154648825
0.0011337268464367174,0.00013708466017595277,0.458077706501532,1.8997674326241312,0.43186527921351636
-0.0006874890827554284,-0.002826352596299081,0.4588773631026062,1.8897942035495132,0.4311662204934009
-0.00037849618155606616,-0.0010084520735437461,0.4584921456319504,1.8926939045825057,0.43141279549913186
0.001695819846470713,-0.0009052423635827906,0.45820324055453754,1.901046753099462,0.4318905062412841
0.00011377244889889625,0.0021104882541030834,0.4578341359299098,1.8975208659225027,0.43182745817905677
0.0006576627105962099,-0.0003562358824638611,0.45823395017344704,1.8974191193107182,0.4317099405711149
-0.0021481422063393154,0.002760011749180709,0.45800228639641827,1.8891055187954506,0.43138031080500594
0.0005887864028128834,-0.0008545288814827033,0.4583379320132254,1.8966871839440396,0.43164591464712043
-8.727902311290115e-05,-0.001880374044863342,0.4586206624685495,1.8930531677164584,0.43139363849136747
-0.0008840265910467439,-0.002919526050482227,0.45892007761848086,1.888925722684877,0.4311128158253761
0.0004936099298329131,0.0010195512320262878,0.45799280812438004,1.898030275291047,0.43180688165571796
0.00017184207067738575,0.0015349779807207495,0.4579363713000103,1.897222900764312,0.4317845103153748
0.0005271759850802223,0.00024034296975701877,0.458137112865856,1.8974477590043268,0.43173859063201564
-0.0008685390007414027,0.0011624246939549315,0.4581420124877209,1.8927363600176077,0.43151355191826773
0.0011667105767942847,0.00124100398403493,0.4578624782327674,1.9009133639074802,0.43198018841854724
0.001226676769807256,-0.0009291662807523885,0.4582691705018551,1.8991578209113047,0.43178244919507885
-0.00096221715906856,0.0024591664415909986,0.45790721796934003,1.8935554755034891,0.4316186889034297
-0.0005733967681500744,0.00047739059267547717,0.458234406818784,1.8932825577664225,0.4315134483090136
-0.00018727812324885348,4.324811795237105e-05,0.4582672809727233,1.8944216170261627,0.4315582860754629
-0.00026574734923087267,-0.0010589051585648192,0.4584872539787066,1.8930966530958833,0.4314333179844281
-0.0017506304564027717,0.0037422672356519186,0.4577645835767437,1.8915939036214955,0.4315657332319638
0.00019993148498964036,-0.0037789952186492197,0.4589450881391792,1.8924546052339297,0.43127372347145826
-0.000890068499512693,-0.002210186118245916,0.4587861039044683,1.8895526357464718,0.4311804557057353
-0.0007281997546638101,-0.005000620230344033,0.459295404710376,1.8876377999107106,0.4309455942760468
0.0005643448996585089,0.003217463757658188,0.45756384679424694,1.9003332988025257,0.43203688242205524
-0.00024140395301333123,0.001459481769880985,0.45800443491593407,1.8955077055276752,0.4316839557675603
0.000589382460057321,-0.0024420060683977007,0.4586404396931437,1.895231991345758,0.4314915837858783
0.0011953920629399863,-0.003305748379253585,0.45872668439307757,1.8968516064128829,0.43154417304957976
-0.0005640451748925579,-0.000704091954752189,0.4584580622145236,1.892234335835941,0.43140055851580805
0.0012317589383488555,0.0002329453159500664,0.4580465663302199,1.9002456998940735,0.4318967072231755
-0.00012168798420204572,-0.001576457935361461,0.45856723988732007,1.893195157796144,0.4314154486039106
8.82806849209618e-05,8.315275932131915e-05,0.45822404675045914,1.8955557082236396,0.43162431931312134
0.0007158397514621838,0.0027337009599735463,0.457636401125736,1.9004913632678966,0.4320239168669088
0.0007227252915577644,3.574992240951017e-05,0.4581506952700053,1.8980382832233251,0.43176276379891565
-0.00014961940574510272,0.00313748966796809,0.4576725092233832,1.8974165938946224,0.43186808164169194
0.0001968787005411452,-3.171663487324924e-05,0.4582318748253894,1.8958826183324604,0.431637628555021
0.0017593825045200788,0.003071991646023877,0.4574339663387582,1.9049560111902453,0.4322920831638387
0.0005571864724823538,-0.0002128650017241853,0.45821966234703776,1.8971508180133159,0.43170124170415314
-0.000621128418693032,0.0020898303058536107,0.45793348595482997,1.8945747329704752,0.43165967817505707
-0.000443518785954916,0.0018801643354568814,0.4579504457250798,1.8950894486868037,0.43167932835854395
-0.000766613273861852,0.00020503260954666603,0.45831109970735506,1.8922625485753781,0.43144334435740256
0.0003939752411746141,0.0002835699599169513,0.45814618471188495,1.8969571375798377,0.4317127643871203
0.0002288575715471393,0.0007464982793817601,0.45807934923702576,1.8967251091844166,0.4317205973387655
-0.0010986295151274212,-0.0021712656886872226,0.4588052566879455,1.8887573835503237,0.43113718263672973
-0.0001439814430341962,0.00353112034399352,0.4575966607147939,1.8978012498211587,0.4319076988388466
-0.00012160817629142816,-0.0018126181626312138,0.4586121785455258,1.8929786529204475,0.43139248829937377
-0.0006452671315328681,6.661964822626315e-05,0.45832184270791776,1.8926187952051796,0.43145724832505156
0.001156482126369711,-0.0011067292342379642,0.45831222201795185,1.8987153618591426,0.43174934751793814
0.0005484562962802921,0.00036595967762473634,0.45811037857244497,1.8976479200487237,0.4317556171588415
-0.00034790705252686215,-0.0018460643376449442,0.4586475892896025,1.8920466359002706,0.4313381914390165
-0.00014857486794414362,-0.0014129856282866728,0.45853958125005034,1.893238176530154,0.43142529097448884
0.0005254184533020044,-0.0034425882803395067,0.45883926344486803,1.8940591630545442,0.43137983307454253
0.0011024443658879026,0.0014824838991689545,0.4578247635852001,1.9008795865491364,0.43198921586071304
0.0005655275894762047,0.00292612763934775,0.4576193562095999,1.900069956383241,0.43200876987737674
0.0005892643434377334,-0.0033383787362897908,0.4588112001334667,1.8944089541331905,0.4314043635261161
5.2046105559530344e-05,0.0008791543770710283,0.4580770087510212,1.896142940810811,0.43169363825532153
-0.0006675820360015508,-0.002208421480289634,0.4587573927311186,1.8904406200050352,0.43123082358255765
0.0004227490035141802,0.0009989184393775377,0.45800597780699703,1.8977291707748807,0.43178889486501204
-0.00041508705318742145,-0.0004734853328944434,0.45839503426165323,1.893039518447165,0.43145660494851334
-0.0004946494442112382,-0.001107475603021938,0.4585259014878953,1.892140295375111,0.43137695746362514
-5.624093092519881e-05,0.002096010024611101,0.4578590299438361,1.896830477269735,0.43178770445630443
-0.001570851640006192,-0.0006640518167091369,0.458579085263171,1.888259451650095,0.4311772686712384
0.0015752319711023126,0.0006195642101136297,0.45792759982196873,1.901967928630816,0.43201175557814625
0.00015032779574863318,0.0016305255758020422,0.45792094412898554,1.8972250786926397,0.43178896246195947
-0.0009787221786761186,-0.0023598971194805705,0.45882583096419394,1.8890620094970751,0.4311458880848052
-0.001618640252514714,-0.002843935344733087,0.45899880719015734,1.8860677837114619,0.4309543909522978
0.00024276257875438322,0.0016570968742592909,0.4579038388078909,1.8976175969776188,0.4318123952020062
-0.00040611740769281684,-0.0013257537871652829,0.4585560691857564,1.8922924999478397,0.4313756878988621
0.0003938772963013986,0.001196715893716973,0.45797199684858525,1.8977960421390596,0.4318016431563049
0.0002502219034155134,-0.003712798113801018,0.4589260464624414,1.8927155764767036,0.4312915017547662
-0.000530919753092729,-0.004936544978496961,0.459258251927264,1.8884824055338174,0.43099632855085623
0.00023685465594700021,-0.001655411636413427,0.45853609395996625,1.8945504776268958,0.43148862545689004
-0.0006389387240000011,0.002929987085516264,0.4577756965213609,1.8952765566204444,0.4317374870477323
0.001287863334403159,0.000939338864781372,0.45790422951017506,1.9011182375873465,0.43197812372177885
0.00026877208325430934,0.000337061337569373,0.4581522436425962,1.8965077595505573,0.4316897388504141
-0.0005705676978028902,-9.877213659459263e-05,0.4583437136654994,1.8927644135829205,0.43145800180505406
0.0018624236870313606,-0.001705391609419955,0.45833431330623253,1.9009748278943084,0.43185018204818054
-0.0006446793366669965,0.0003159331251262464,0.458274317864207,1.8928502209658211,0.43148164953369134
0.0008688493301894025,0.0016232993747182691,0.4578284924768117,1.9000792264268616,0.4319502699018369
-0.0009409694103808019,-0.0002533092214004979,0.4584206511736817,1.891146781058186,0.43135939141924706
-0.0002578220655405174,-0.0024003612802584295,0.45874148290875794,1.8918966317469021,0.43130458391226045
7.53929857758163e-05,-0.0009357300024442266,0.45841984596691654,1.8945684004626284,0.43152224580703774
0.0008950737914554215,0.0008431184237513532,0.4579740778666881,1.8994663649211585,0.43188021631329476
-0.0007590109927816413,0.00015767687722763527,0.458319133595725,1.8922493229616502,0.4314404499073186
-0.0003469600874323496,-0.0012351014780170818,0.45853122501662924,1.8926113755947525,0.43139785334762365
-0.0004732902452532955,0.0020706998061867246,0.45791799211181355,1.8951460705852625,0.4316911672007142
-0.00040214071384657657,-0.0033349223435266214,0.45893762780239306,1.8904642287051792,0.4311811241833932
-0.0007532236442556699,0.0015708432067749634,0.4580494009172166,1.893571260533401,0.43157933713324387
0.0020937803400499486,-0.0020492060906483265,0.4583696985252069,1.9015796013277415,0.43186885470920955
-0.0003458046779922156,-0.0006392747151178393,0.4584176777537603,1.893163193749514,0.4314560977447853
-0.001368540794863614,0.0007816461392274567,0.45827860903312023,1.8903940031979671,0.4313636493436034
-4.9318509220124575e-05,0.0005431581918215294,0.4581541937388508,1.895430446232041,0.43163806619014033
0.0021774137511353362,-0.0005180530527256916,0.4580658971000209,1.9033184812931023,0.4320366994478945
0.0007719982734367587,0.001622644733862862,0.45784130215449315,1.8996930719728022,0.43192837171593
-0.0006180290005657338,-0.0011512131881568747,0.45855004176021225,1.8916086468594013,0.4313448678394425
0.0015145649582607344,0.0013916034422812385,0.45778794479628837,1.902436227914612,0.43207325352069526
0.00013951292294620308,-0.002126728689840557,0.45863839007773427,1.8937301707989596,0.4314208170714173
0.0008590477304380335,0.0010263143647921476,0.45794380380023036,1.8994913523438877,0.43188993112672563
0.0021370462174224595,0.002867176443056961,0.4574230251970127,1.9062701727867954,0.4323572269759452
0.0007819521092974491,0.0005214976173158212,0.4580502635814505,1.8987204416243548,0.4318234024078722
6.053945594260347e-05,-0.0010704802259275793,0.4584474289794188,1.8943854944535137,0.43150578266353895
0.0003001537705773967,0.00047507747180810096,0.4581218498548023,1.8967595528504628,0.4317102511512011
0.0006339325818007146,0.002112899413256532,0.45776573923084685,1.89959425032407,0.4319449864001968
0.00030355302329253855,-0.001055231802138584,0.4584131360294359,1.8953671880919947,0.431562068334482
0.0007851058380180788,0.0030196861598762235,0.4575726453111793,1.9010302238963595,0.4320673900115676
-0.0008113577417026495,0.0008167637064778168,0.45820044197331616,1.8926464558996636,0.43149280025285114
0.0005331146907348872,0.001043290146281421,0.4579831275729749,1.8982093841039176,0.43181810036362794
0.0004909785159380873,-0.00017615380228556482,0.45822126184729345,1.8969209463806675,0.43168988692597343
-9.871823182897985e-05,0.0032799062354179416,0.45763869556450565,1.8977503621174854,0.4318934356725461
0.0016840801615461139,-0.0027246975423542343,0.45855230876631187,1.8993295221454842,0.4317108259209197
-0.002466505552511229,0.0008523641119206134,0.45840493507192914,1.8860821871620705,0.4311226683911885
-0.0006552234436828531,-0.001004035797735299,0.4585268153469682,1.891595636359768,0.43135079894221195
-0.0015490561735529013,0.0006877590792593969,0.45831952721620794,1.8895882948043667,0.4313137672481467
-5.291063318598006e-05,-0.001048592571524001,0.45845788921735264,1.8939537926582977,0.43148232634506045
0.0008736721266256392,0.004727985469491553,0.4572342612473575,1.9029551394260702,0.43225379588864327
0.001433646531612833,0.002282386864765302,0.45762821636091566,1.9029333805141693,0.43214176520591124
-0.00039986885522580435,0.0012805287235245367,0.45805905237114064,1.89471199746192,0.43163078607094457
-3.646509082973625e-05,0.002249858636749718,0.4578271111287295,1.897050729575696,0.4318071478358305
0.0005660726541165686,-6.716680378894999e-05,0.458190715925915,1.897320060565906,0.4317174270655156
0.000537491656449174,-0.001394380297566914,0.45844750251133776,1.8959871786658107,0.4315818141594607
0.0007704329622757697,0.002923974619231691,0.45759286788209635,1.900883752109292,0.4320547588517769
-0.0003507736810324032,0.001081284299988904,0.45809066308514645,1.8947243954736832,0.43162246137239063
-0.001618292400538444,0.0018214289497931202,0.45811290671388893,1.8903544730323625,0.4314085183028767
0.0008529533762882028,-0.001983224557933115,0.45851889216497743,1.8967023813451402,0.4315956394664624
0.0016943026001932863,0.00022207183693485379,0.45798794498233786,1.9020764231514369,0.4319998913025815
-0.0016807599092875027,-0.0026594953182472953,0.45897167188287946,1.885989445648162,0.43095831064636786
0.000849917013698856,-0.0005285526058497496,0.4582418137225759,1.89802616973086,0.43173651192922075
0.0010724050353196,-0.0030116295942775495,0.4586865375180775,1.8966319862754504,0.4315450607430076
-9.564723548520741e-05,0.0018992158728681479,0.4579016848218539,1.8964925599164977,0.4317596518640158
-0.0006582602626081283,0.0013223356872203323,0.4580844695290843,1.8937211163536705,0.43157656500755726
-0.000348661141141668,0.0006694680612053043,0.4581688409916223,1.8943542896046688,0.43158284426626076
0.00031374650994708846,0.00433918246162282,0.4573824079323144,1.9003678665134174,0.43208965978495384
-0.0012027943928461897,0.0015145322632197332,0.4581179884515869,1.8917281955200373,0.4314724103143398
0.0012750090115388924,-0.002183705223679407,0.4585023249062368,1.8981982243477185,0.43167126855639226
7.937350901948767e-05,0.004487660568913479,0.45738480491009215,1.8995712286878668,0.43205127178293107
0.0010204840255841462,-0.005762517085647617,0.459217306615347,1.8939025620710526,0.43126585957653946
-0.00023039615462294415,-0.0033218096622949964,0.458913205972743,1.8911603067118337,0.43122113823660646
0.0002947194452531625,-0.0014101092893873321,0.4584818953860075,1.8950061230022512,0.4315255428457776
-0.0005454691070784594,-0.0016256692883123737,0.4586309827459677,1.891462036301699,0.4313150697061416
0.0002861090880342241,-0.0009054085444621889,0.45838684154358733,1.8954353306689706,0.43157271513384304
-0.0008784120557251485,-0.0004407741718072854,0.45844828774140595,1.8912238134447943,0.431355260737759
0.00039506570778802497,-0.0016625435992425476,0.45851702763933155,1.8951738862041279,0.4315236069387662
0.0010793174638490525,-0.0032256454931755304,0.4587264439956015,1.896463120297222,0.43152580155751963
0.00039622000020601833,-0.0007550781746077995,0.45834393605935864,1.8960118392874614,0.43161217446753736
0.0015286579109315846,-0.001249519134702193,0.45829090004790507,1.9000653854131788,0.43181933231993525
-0.0006442594987631127,-0.0026066605414200206,0.45883010512411876,1.8901680225535509,0.4311973436470956
0.0019293967104959708,0.0012004269703423092,0.4577697835602228,1.9039111082491014,0.43214811699090355
-0.001053641947178571,-0.0006521907677018692,0.45851090237663616,1.8903314411050747,0.4312951460239502
-0.0009301484205390436,0.002959525329136483,0.4578077788858381,1.8941435156065356,0.4316746594104567
0.00040624007440875676,-0.003956295593558141,0.45895236698459885,1.8931134314288576,0.4313030011866582
0.0002039047462442067,0.0017785214414526435,0.45788573284061107,1.8975745138740905,0.431815456508509
1.8937487072504502e-06,0.0009200021080547079,0.4580757269428739,1.895980758858961,0.4316863042556011
-0.00010692053419151559,0.00040611927105047404,0.45818776357526836,1.895075100863589,0.4316117338475722
0.0002069475443144155,-0.0013745849630009712,0.45848646103580804,1.8946892453439614,0.4315092070094892
0.00033804076018430153,0.0003215381137793157,0.4581462099223851,1.896769312265117,0.43170384770393816
-3.71495112626952e-05,-0.0013281740187855303,0.4585090941818005,1.8937598144190422,0.4314586745500064
-0.0009851516725450221,0.0004786859982445846,0.4582870965414721,1.8916433110839732,0.4314206739088554
0.0008025241002117418,-0.0046976637387742244,0.459042586458562,1.894011170444944,0.43132025367844173
-0.0005197584938028453,0.002631223320885549,0.45781718521197645,1.8954764995776232,0.43173527456304966
0.0008898447339197994,-0.0013852386893574396,0.45840006201171124,1.897398280508542,0.4316621412140138
0.0013141043407009995,-0.0019179810706566498,0.45844652672367525,1.8985977584938267,0.4317059334940141
-0.0007672978177914836,0.0037700583956912837,0.4576322246286031,1.8955381581853914,0.43179036158692624
-0.00042386203583473476,-0.00042038118904867103,0.45838605523364284,1.8930533474230928,0.43145979400112433
-0.001603105753977762,-0.001964419794640098,0.45883000308405353,1.8869368888099132,0.4310434563922415
-0.0011425965321617685,-0.0002673405873847097,0.45844911849660885,1.8903305065234737,0.431312528828495
-0.001783346983283615,0.0020667984325194633,0.45808738847391633,1.889922204801834,0.43139515480506563
-0.00034559349304875026,-0.001177769803158608,0.4585201395367252,1.8926694668526352,0.4314037405714185
-0.0006164695577522058,0.0014461195530888111,0.45805550157537867,1.8940014007255186,0.43159804600566254
0.0014912407297092444,-0.0007925376454761351,0.45820850214814857,1.9003362047489307,0.43185537289798104
0.0015689548518338097,0.0031322961423028693,0.4574476640707763,1.90425373693242,0.4322550443904328
0.001304967074274883,0.0005814138795611211,0.4579703899985898,1.9008573153131998,0.4319471314088146
-0.0014485326127193457,0.0013110888370596748,0.45818819406011446,1.890561863472707,0.43139714206265456
-0.0003974810864880295,0.00037825652245783583,0.4582306057482565,1.8938922045915294,0.4315434822635347
-0.0018326789241521803,-0.0005494188107885338,0.45859057818434856,1.8873211485369719,0.4311293245830978
0.00022708885291534818,-0.001822580487327399,0.45856919280599917,1.8943581110790817,0.43147015781454406
0.00028591376379406033,0.0032556328448910617,0.4575930572964434,1.899259781924959,0.43197781675166336
0.00022450784903955154,-0.0013326319723396287,0.45847620232619024,1.8947976939201159,0.4315172493114873
0.002319850866610787,-0.004189411232365146,0.45874905612962347,1.900514968139075,0.4317116003597906
-0.0008944831087522795,0.0007946852858134846,0.45821533315232194,1.8922949777437197,0.43147189523005836
-0.0005752081728365489,-0.004463653348165488,0.45917408213055544,1.888739574785189,0.43103231691622246
0.00025317080821360123,0.0016177765041784364,0.45790998537012145,1.8976228883701451,0.43181091344282974
-0.0007733922257171663,0.00285441783262272,0.45780751884284565,1.8946713784630513,0.4316997911841176
0.00048650019937195455,0.0023207426423731492,0.4577453407952003,1.899198419367208,0.4319319862657779
-0.0014859018110324955,-5.756105652601753e-06,0.45844323805028697,1.8892027342709545,0.43126051248082636
0.001557258404568676,0.003925555021394192,0.45729731201493307,1.904937227549677,0.43232969031412344
0.0012833358435503583,-6.428472057034273e-07,0.45808443701694734,1.9002363278858063,0.4318855937030265
0.0001783795529056303,-0.0012218857947009726,0.45846106089533234,1.8947157095168878,0.4315176237898475
0.0010698893469065223,-0.0013543038476853198,0.45837074940921274,1.898143345160317,0.4317057368944483
0.00012047906397390766,-0.00402120849051823,0.4590013366386213,1.891916061803397,0.431232251388095
-0.001465783960389112,0.0034670253048626337,0.45778029095857675,1.89247596281964,0.43160321571319116
5.759082886331184e-05,0.0004199346297377676,0.45816383162939633,1.89574296505269,0.4316501819433956
-0.002139532374062615,-6.46118738311504e-05,0.4585374821267588,1.8865432578846075,0.4311072357223662
0.002018679940218727,-0.0029158186419957046,0.4585451260190004,1.9004853797469343,0.4317676251462984
-0.002317371643961561,-0.0003149290894829787,0.45860746169421174,1.885604283677515,0.43104271947026435
-0.0005179105850751243,-0.00040984546553822103,0.4583961449203944,1.8926883961627918,0.4314396035672421
-0.0012258201192817022,-0.0026461966800715732,0.45891158173426383,1.887814687981435,0.4310622794561885
-0.0012051779478322983,0.0012501467991786364,0.45816858706465513,1.8914756424523238,0.4314461297933892
-4.6144901749146705e-05,0.0016047828214493971,0.457951399740254,1.8964189749634703,0.43174214527243343
-0.0010525149651637222,0.0011525889888265098,0.458167543061288,1.8919942845202002,0.4314710814198245
-0.0004315279767791517,0.00017427042969614065,0.4582738377862483,1.8935691427412698,0.43151594512883823
0.0009113717474553866,6.498009938301769e-05,0.45812052296818867,1.8988161100853058,0.43180813762401243
-0.0003429583332256727,-0.003250764534461142,0.45891407779952426,1.8907771664784694,0.4312026591262261
6.243568925970669e-05,0.0015316845959156345,0.4579512299879859,1.8967841865428416,0.4317595160391649
-0.0006177645509135839,-0.00012996259664763043,0.4583557173565056,1.892547743330923,0.43144431834033325
-0.0017283299221373036,-0.0026096789468684385,0.45896822981149,1.8858455595340162,0.43095241909483073
0.0003942526964921566,0.002534546686765964,0.4577165806486675,1.8990277794950412,0.43193200910887153
-0.00030352841330888236,-0.00327059755926816,0.45891281280245794,1.8909160177459203,0.4312096239494
-0.00037158943881931733,-0.003060484246088441,0.45888156202329733,1.8908377131328287,0.4312147086723274
-0.00026944852494030074,0.003779985395937306,0.45756554061160537,1.8975305399930504,0.43190364301222106
0.00029287241834976684,-0.0002980064051398389,0.4582701969096732,1.896020206509326,0.4316333560644022
0.001015274822416092,-0.0007436469544040941,0.4582613243715628,1.8984868043437362,0.43175285348172004
0.0003253948005413515,0.0003923011495286055,0.4581343573816635,1.8967839874390138,0.43170788471846394
0.0004366905090703168,-0.0028798771280745096,0.45874353594991546,1.8942222194227354,0.4314145609763436
0.0006962002672551931,0.0017292414554070817,0.45783086378434473,1.8994893334870542,0.43192166307913576
-0.002236538038985772,-0.00531860641731576,0.45954502266649344,1.8813353134743946,0.4305742682263304
-0.0008779806111032203,0.0029250759126406506,0.4578075934865513,1.8943196787519654,0.4316830750641113
2.0426455430046995e-05,0.00133124305874569,0.4579949135971274,1.896432604162363,0.4317305243294461
0.0005438433272279188,0.0017434840326631086,0.45784806734474637,1.8988958539389305,0.4318886986728429
-0.0006261177162529451,-0.0011497060005246649,0.4585507915572923,1.891577808447199,0.4313431896957061
0.00036905764635836413,0.0011948295202327196,0.4579755899737017,1.8976954827073398,0.4317958628566953
0.0005639127602564616,0.0006668403239515435,0.45805095494256687,1.8979859792012552,0.43178839344548736
-0.00047608004201018156,0.0021706863357695114,0.45789929855909406,1.8952269099766843,0.43170027517529164
0.00046320993182210707,0.0020901528615153947,0.457792416605323,1.8988936087985202,0.43190427744295684
-0.0024977119433065836,0.001984155406775245,0.45819414564547734,1.8869981899621424,0.4312258191350981
-0.0023981369625620716,0.00041544685218056454,0.4584791564424128,1.8859532816206497,0.4310955736268203
-0.0006535402626978653,0.00023721046200630874,0.4582904407970912,1.8927425834814902,0.4314719873060989
-0.00046825059308704066,-0.0006106910648306744,0.45842798419270886,1.8927017188897624,0.4314312586950899
0.0001896990186933924,0.0006818821868272491,0.4580967569043541,1.8965097885091968,0.4317054759462373
-0.000786177919715071,-0.004981584087087257,0.4592991270082973,1.887424281150488,0.4309343648137285
-0.0007679725073573782,0.0010666098944595607,0.4581473017262301,1.8930489531225194,0.4315269136390354
-0.0008304181888522307,0.0008440496646909021,0.4581977010611927,1.8925955958154814,0.4314911561641881
-0.00036309118773830907,-0.0018580083280626651,0.4586518079445019,1.8919751912325464,0.4313336042909784
0.0011511061706539346,0.0032681338966322132,0.4574769214536828,1.9027157445116023,0.43217409965052145
-0.00010183642624812083,-9.989258582621512e-05,0.4582835126065277,1.8946303918999732,0.43156362429671036
0.0009449863484921571,-0.0026186226860179904,0.45862811254705005,1.896485484366674,0.43155456938599274
-0.0008605330911160308,0.00223404086714407,0.4579369604191377,1.89375356749412,0.431619707791813
0.0008888222205239291,-0.0009739441329230077,0.4583217330856182,1.8977719295267983,0.431701935339249
-0.0007671721359222303,0.0006920263242589223,0.45821849732176534,1.89270784941255,0.43149062580541153
-0.0013896427140684864,-0.0009852482843387147,0.45861703089587647,1.8886866423546171,0.43118690926079656
-0.00022904781483958263,-0.004862678861552265,0.4592058831508442,1.8897524821999498,0.4310716014900163
0.0005834750554886913,0.0015106167746648468,0.4578873488107169,1.8988395241495601,0.43187495852130997
0.001054178841761117,-0.0028423278102033315,0.45865661921369094,1.8967148046758486,0.4315574211364642
-0.0012696659612632805,-0.0016120667185688781,0.45872080913569624,1.8885891918310425,0.43115299232394305
-0.0012906235008876951,0.004064063796516584,0.4576440089684515,1.8937234785375707,0.4317009134429031
-0.0009664521988250971,-0.0006198555158869826,0.4584936079996629,1.89070854258128,0.4313179668234551
0.00020405326794262007,0.000902532919091804,0.45805281442791435,1.8967697566900317,0.43173019498387727
0.001436006582279465,-0.0021556543689084523,0.45847601191710174,1.8988646911084932,0.43171028245630116
0.0008711766029048229,0.00029562769069501927,0.4580817373221714,1.8988680521170502,0.43182152872746665
-0.0011605326852920784,0.00029883979074238115,0.45834377689560735,1.8907792241968444,0.4313635913483655
-0.001388870561086125,0.0032133869021803516,0.45781865628327945,1.892549120990285,0.43159586762442115
-0.0007232924612968066,0.0019952867951324497,0.4579647046837704,1.8940807822939538,0.4316274216632721
0.0012895896957895127,-0.0012258085808105946,0.45831759603539934,1.8991357651159426,0.4317677606892793
-0.000889885604973686,0.00025998751401761644,0.45831647354013016,1.8918219155180467,0.43142088036749693
-0.0010401660011440548,0.0017853947894933462,0.45804553619396243,1.8926252673076351,0.43153548437757555
0.00017409706940962067,-0.0015146330516096667,0.4585173753936568,1.8944298380123048,0.43148817145605484
-0.000680240324654145,0.0014399486897717102,0.45806490905096436,1.8937416779635776,0.4315830579292895
-0.0014389218436384496,0.003354151317429276,0.45779831320340186,1.8924791620035535,0.43159828310440007
-0.0007794563907136237,-0.00038923858427384245,0.45842580395673205,1.8916654012810645,0.4313826033760134
-0.0009183729319922545,0.0032263570218799605,0.45775542369153654,1.894435925690013,0.43170330792318024
0.0008182094314756179,0.0025866247121561683,0.45765106665647837,1.9007636019411445,0.4320326708410278
0.0006490429927400819,0.00017858216286663377,0.4581330357583644,1.8978761932352317,0.4317600554403401
0.001684904775157432,0.001321410596786271,0.4577789164696816,1.9030495284026074,0.4321048055770776
0.00043413137290368464,0.001147236919048727,0.4579761934045409,1.8979108345527034,0.4318059023721793
0.0007320079476031046,0.000554136401907096,0.45805054990091937,1.8985516126627993,0.4318153200693354
-0.0001659600966879444,-0.0031745043923524733,0.45887695706500353,1.8915520868728388,0.4312499990575918
0.002048798564301086,-0.0025885382883197704,0.4584786604635107,1.900905570947554,0.4318062487437364
-0.002143999030044044,-0.0014199365026099221,0.458795093598603,1.8852806928147885,0.43097433138592706
0.001925358322047399,0.0024299094185009362,0.4575349209161781,1.9050256987888627,0.4322669399888811
-0.0005993104682005905,0.0005273508076448217,0.45822823369483184,1.8932252400062757,0.4315124657748551
-2.4234742640291126e-05,-0.0039556757915842015,0.45900738071961,1.891399890764757,0.43120598879439853
-0.0003331384389195207,0.0005817777136906735,0.45818353920927973,1.8943355271670335,0.4315778088876422
0.0011679318157941543,-0.0023975072762539816,0.4585570323056135,1.897575809552145,0.431626333884423
-0.00224956706631679,-0.0031406335080293806,0.4591344150660993,1.8832805758923221,0.4307831050563993
0.0003296532436358129,0.00016090075934829915,0.45817793211910507,1.8965883020960166,0.43168631910202143
0.00014915970634403773,0.0002954486462784229,0.45817569347877785,1.895993218226029,0.4316587143019057
-0.0003654182669136206,-0.002724353395800142,0.45881686822944256,1.89117073419049,0.43124879666292043
0.0004525318372071485,0.0007713854492025516,0.45804551301340146,1.8976386095877795,0.43177345780649795
0.0005764967721197878,0.0024876254096791108,0.45770168662223787,1.8997102388349352,0.4319685320626729
-0.0012367952269922988,-0.004670826393664527,0.45929707435188016,1.8859138116846383,0.43086290353209344
-0.001780529850081986,0.004269437679944607,0.4576681262974036,1.8919599083384804,0.431610344233913
-0.0009125110002375152,0.0007971649371422456,0.4582171784522292,1.8922254287260831,0.43146806890224243
-1.5148289746147219e-05,0.0014551735595062655,0.45797590214093153,1.896404866250417,0.43173456818994344
0.003207500702287569,-0.0010321818424332725,0.4580280080051572,1.906942932592518,0.43221866503106643
-0.00016984107537329794,-0.0011935501129836936,0.45850054611098395,1.8933549813586905,0.43144184739315344
0.0002450407597612876,0.0010397619847982945,0.4580213130904779,1.8970591128945025,0.431752798872032
-0.0009693262537212358,0.0026328244911377773,0.45787506606448236,1.8936868804456217,0.43163399818997233
0.0011458886897219862,0.000889693066781034,0.45793234229738655,1.9005075333693588,0.4319412893772105
-0.00011019435122648608,-0.0004737978814520369,0.4583558121881429,1.894253602970534,0.4315253462830089
-0.001643221593805809,0.0013112628739099614,0.45821306820520225,1.8897860762614695,0.43135321591123554
-0.0009744884131404923,-0.0010036397265522717,0.45856759129962793,1.8903240407487034,0.4312788044493975
0.000996166062910234,-0.0018387956976149663,0.45847276594675757,1.8974050399929148,0.4316419755031613
-0.0005218244856882183,0.0017156145603224313,0.45799193437159436,1.8946262133553697,0.4316456396536203
0.0018567404681805772,-0.0013804182878292355,0.4582729553008526,1.9012506258630886,0.43188052391170145
0.0011035183597966156,-0.0013083202275732287,0.4583575968336072,1.898319423841084,0.4317177918030935
0.00038797053565623905,0.000968160192821949,0.458016375131304,1.8975624203779027,0.43177805802084945
-0.0011383080727841108,0.002050345287682511,0.45800774414915857,1.8924778347704998,0.431539138690715
0.001799134106111447,0.00010406099352334113,0.4579967208646223,1.902385100629143,0.43201202567810404
0.0002695014149416927,-0.0023442747370293077,0.45866307640155823,1.8940480901763392,0.43142896536338854
0.001787686775231739,0.00012609251870206097,0.4579940139389078,1.9023597983317042,0.4320115909132781
-0.0012762227699416855,0.001528979986332819,0.4581246677609096,1.8914488683958455,0.4314572461425366
-0.0014613888782875667,-0.001372683036892749,0.4586997209512456,1.8880449464598836,0.4311330161983446
-0.0021313963260746463,0.0027511105666870738,0.458001838362771,1.8891640938627046,0.43138322473190926
0.002210368091799779,-0.0012692529855350592,0.45820525597940986,1.9027595716604333,0.4319710142299244
-0.0006534793108248612,-0.0011551093926498103,0.45855532461362813,1.8914638468690608,0.43133649107231514
-0.000565300904317299,0.001108109447646205,0.45811326901191074,1.893894506415966,0.4315766787843517
0.0014584847788181876,-0.002015187392836661,0.45844626850839,1.8990830946896355,0.4317290148813776
0.000440359143009285,-0.003605283748608646,0.45888117593186456,1.8935712559364593,0.4313448311777988
0.0015237321066398012,-0.00017669120878752954,0.4580865742503153,1.9010312636712672,0.43192263623877203
-0.0007002058454946114,0.0030618112653026976,0.45775851611164187,1.8951537524025408,0.4317365047805404
-0.00010598969899802128,0.002739723544118453,0.4577427136123519,1.8972244206051232,0.4318391776781299
0.0010742074559620413,0.003313796961999083,0.45747833422437495,1.9024516778827032,0.43216121392299817
-0.0008001631659330338,0.00011338647730806475,0.45833284565157395,1.8920446772642807,0.4314268539158527
0.000368316211400626,-0.0003876835275722733,0.4582775138819699,1.8962382217994602,0.4316416397653982
0.0015228234032973436,-0.0014282492309715723,0.4583257991195711,1.8998780349067204,0.431800624958769
0.001002425694182312,0.002726283869790131,0.4576001500476953,1.901625395084283,0.4320878028191253
-0.0019531981827450072,-0.0019389767241942241,0.4588694298721822,1.885564809592012,0.4309669061169247
-0.0009035923007246171,-0.0010922318844982094,0.4585753719521921,1.8905251517395372,0.4312861799882171
0.00039042510620538115,-0.0003475062276084867,0.45826698706133195,1.8963631621372812,0.4316505355734055
7.89143177108042e-05,-0.000918589541164173,0.4584161264386923,1.8945981657165045,0.43152470801243475
-8.183957220465054e-05,0.0009688671285505131,0.45807726826155226,1.8956922019023617,0.4316721766680939
0.0007454474189171191,-0.0015625316088626838,0.45845261487400746,1.8966606710154876,0.43161233694237156
-0.00011388823282897129,-0.0015232623117474393,0.4585561111059433,1.8932750641418115,0.4314223838652403
-0.00017836674980564794,-0.0028709979500746493,0.4588208234338488,1.8917811658280816,0.43127672258851635
0.0009544489570699421,0.0013429764760945588,0.45787082947996127,1.900162230596204,0.4319422704596828
-0.00012246392390306886,-0.0013680327803064216,0.4585276651121779,1.893383444962991,0.43143555435149766
-0.00045643976315863367,-0.0013309339659802195,0.4585635112743005,1.8920872968132383,0.4313638322369721
-0.0015436065178044622,0.0032663886212054537,0.4578284945324222,1.8919811869605472,0.43156610589293865
0.0032897616242052495,-0.002458794140589927,0.45829044606814384,1.9059600330105961,0.43209836888085423
-0.0011668661780655368,0.0011568102916087938,0.45818142413352836,1.8915425097774625,0.4314456879607401
0.0006056797195760136,-0.003146536285478982,0.45877254815612806,1.894650324996833,0.43142672420253986
-0.0019209693361930838,0.001084422589819909,0.4582916047996082,1.8884704462898787,0.4312684326855665
-0.0019915728975608204,0.00284615568667875,0.4579658978708292,1.8898089505936457,0.4314240500137608
-0.0004951583598542885,0.0001710849107541086,0.4582826421512858,1.8933127521607303,0.43150128101083546
-3.124217971107412e-06,-0.0011190243038294567,0.4584648842236051,1.8940873826178886,0.431486700825395
-0.00014208467681196653,-0.0005994592726264747,0.45838385705967205,1.8940111634248995,0.4315059234345225
0.0012444915400576298,-0.00018353529314332182,0.45812445612874453,1.8999136845440647,0.4318590359219362
-3.200767827826146e-05,-0.0010585968520830352,0.4584571001481639,1.894027850659547,0.43148606711846643
-0.0006342561335591777,-0.0014731973393237563,0.45861335427589595,1.89124834149473,0.4313098756157702
1.0356491163135774e-05,0.0036736538866956863,0.45754929264256866,1.8985471036071482,0.4319563952155683
0.0011152991005869532,0.00047305763891907344,0.45801594521119493,1.900002837673803,0.4318938319053651
0.0016688341185222414,0.0020277208806306164,0.45764588522310334,1.9036350708825456,0.43216996531810226
0.00020729236311550016,-0.00032901820868117,0.45828719331283596,1.8956509419960892,0.43161103904344456
-0.0010974232742331214,0.0004970217483290073,0.45829800714415536,1.8912128108158017,0.4313971247148298
-0.00031584958261243924,-0.0031702038992650478,0.4588953007913904,1.8909590536961804,0.4312166095014593
-0.0012846228009951845,0.00387269783659244,0.45767967878711147,1.89357126576948,0.43168362351561634
0.00021432307776107044,0.0009957565584879332,0.45803370013137934,1.8968963430683596,0.43174158728707385
0.00019999693383513487,-0.0009292303339786065,0.458402514348745,1.8950705595206923,0.431550978324471
0.0004613560743775555,0.002167053066789723,0.4577779761085479,1.898956951759596,0.4319113486359173
-0.00030880482471582903,0.0010245025834535791,0.45809605333842307,1.8948393684329372,0.4316263999603409
0.001025223721956314,-0.0009662611060081114,0.45830251420602897,1.8983219328911125,0.4317334309664914
0.00016954113110306847,-0.0014793433652808311,0.45851124163664203,1.894444099380601,0.43149057790737205
0.0006030951461882293,-0.000738010743061992,0.4583138557793856,1.8968511734115154,0.4316604805083852
0.00114638125305639,-0.0015280881425607097,0.4583939558077877,1.8982882163065324,0.43170606783285104
0.00168910542560913,-0.0006211055191351262,0.4581498182771256,1.9012810350703306,0.4319166468827173
-0.0008400813383464917,-0.0018076904800832293,0.45870324855969796,1.8901212633132822,0.4312308931322469
0.0006627254537348709,-0.0017124562506349,0.45849191793770905,1.896193699663585,0.4315790992560356
0.0018045257673933999,0.0025648689662687322,0.4575250965117101,1.9046690734651754,0.4322528581174646
0.0005180910287889678,-0.002844616482778646,0.4587263330417082,1.894578663384304,0.43143634444433576
-2.4074984269808954e-05,-0.0014524981361575913,0.45853108145767363,1.8936977231863998,0.4314495256924608
-0.0018115350499244797,0.000850002054971581,0.4583221858931924,1.888691211219249,0.43127031446727976
0.002201532303506006,-0.0010717990889237401,0.45816865191114176,1.9029057691070608,0.4319882393156598
0.0008091795509003704,0.0025678397408203696,0.45765584254859143,1.9007103745811285,0.43202880543514466
-0.0009608962994967325,-0.000679850442760925,0.4585043033052897,1.8906755734434941,0.4313133816451062
0.00026833413320349,0.0009442571406607628,0.4580365009452344,1.8970640764897988,0.43174875309787786
-0.001145543812403777,0.0004329096545533388,0.45831636495776795,1.8909621492923459,0.43138002474889503
-0.00010712813555980062,0.001902819216838295,0.4579024895157031,1.8964501482167198,0.43175741327388095
-0.0015973915410917882,-0.0011283521663710654,0.45867060643282903,1.887727270734207,0.43112609519770695
-0.0005034387805138642,-0.0006334967725177255,0.4584368459888212,1.8925406029032923,0.431421101228071
0.000722467060397193,-0.001256589561525029,0.45839725674778675,1.8968501244144875,0.43163692676210597
0.002738023133338417,-0.001414167507885944,0.4581634010719339,1.9047252260229082,0.43207576690545924
0.0008400857664223163,0.0020397965346703826,0.45775268988882345,1.9003477282626355,0.4319843450838357
0.0009647392013288625,-0.0004082351097903173,0.4582038925228734,1.8985937640138693,0.43177410668966115
-0.0008296076962942421,-0.0005102317348102211,0.4584552445834914,1.8913544536364657,0.431359512303127
0.0006656311012066024,0.00024238595255289807,0.45811870058086657,1.8980008635434766,0.43177000636003615
0.0005819221567306753,0.0011492154131124092,0.45795654314985434,1.8985010797039925,0.431839418509145
-0.0008839046738693575,-0.0018702499131016694,0.4587207280058436,1.8898892361481114,0.4312149188026747
0.0014411947275890604,-0.0009721271237431046,0.45824935337713163,1.8999720919160046,0.43182661627687224
-0.001584418243848212,0.003718719914587525,0.4577476716789553,1.8922347414732155,0.43160095805894694
-0.0008336450794262751,-0.0018678444269309927,0.458713859242303,1.8900916824761074,0.431226492634192
0.0009673925645311473,-0.002263445743690633,0.4585574878314287,1.8969006733752571,0.4315941735632747
-0.0008708592222199664,0.0020960941965233603,0.45796456284985887,1.8935855627884512,0.4316039437164837
-0.0008198613675434277,0.0050163664901394745,0.45740141383495003,1.896476032127431,0.43189993913917446
9.760201607022948e-05,0.005368784417923412,0.45721405483164984,1.90045516959726,0.4321412502622946
0.00012929053311593774,0.00011070099214903199,0.4582134848360935,1.8957443317259592,0.43163624943479884
-0.0006412788795470271,-0.0004450692397883338,0.45841869579676714,1.8921645917661503,0.43140834388800087
-0.0005009413227122512,-4.701809226632896e-05,0.4583249054064783,1.8930893201247365,0.4314787464973906
0.0007717440158731798,-0.0025424940041579376,0.45863602162698885,1.895865740641608,0.4315229213635905
-0.0009179250203811767,-0.00418713072359176,0.4591650361485072,1.8876278541747515,0.43098188637421436
0.0015040530614179276,-0.00014909763168290872,0.4580838817251225,1.9009783053090552,0.4319208872581101
-1.3663039784154098e-05,-0.00011604931410769213,0.4582751960967433,1.8949667030762072,0.4315819381371005
0.0010045167228743032,0.0006421947554399655,0.4579981360724489,1.8997173336925612,0.4318853261692668
0.0008501942233069814,-0.000334731283137483,0.45820479124704094,1.8982053306935962,0.4317554392154879
-0.00012112970146122225,-0.00011117400850789615,0.4582881536397394,1.8945431883726929,0.4315581747177419
-0.0018624705673315658,0.0021795584923898366,0.4580760770425948,1.8897104993449434,0.43138827421785336
-0.0015778191532578002,-0.0019888944388501187,0.4588314451015276,1.887015202956628,0.43104678261442675
0.0006708750361839049,0.00011042301611586024,0.4581431985904336,1.8979004786399098,0.43175834279379327
0.0008127578089296637,0.0034120070816849963,0.45749400764136094,1.9015012974662526,0.4321118418355193
0.0018619740723131734,0.0027652625996349815,0.45747910086253096,1.9050820097193444,0.43228532222216853
-0.0002255693281289869,0.004097672140133618,0.45749918440318016,1.89799771211378,0.43194449257140594
-0.0008798661804302933,-0.00017261468013504515,0.4583974752023202,1.891464364270047,0.43138103253629734
0.0009965083716689635,-0.00042704948366830857,0.4582033413732052,1.8987029362079033,0.43177943689098247
-0.00012105703003706195,-0.0007061123349704965,0.4584014560579313,1.8939969448462513,0.4315002862712807
0.0013646819054799297,-0.004934414741261316,0.4590152522625699,1.8960315349540287,0.43142394400051076
0.001272741444124322,0.0021193715882821024,0.4576806126809971,1.9021430688959262,0.43208962318306443
-7.234075425442492e-05,0.0011223556014336212,0.4580467787212035,1.8958711233281489,0.43168926309940514
-0.0009684325682545815,0.002218569253710441,0.4579538322212382,1.8933094290498311,0.43159385459580923
0.0030604827762710156,-0.0018388427953244242,0.45820206325464097,1.905617563123314,0.43210706132557786
0.0013962026213215728,-0.00011267915606013039,0.4580910594657681,1.9005825697261378,0.4319001260845673
-0.0003379899158480468,-0.0009739606774107621,0.4584803755504576,1.8928869223917573,0.4314252890389528
-0.0001896520142016329,-0.0025033376118778427,0.4587523361337791,1.8920736264108373,0.43130994202748524
-0.001357716461043122,0.0033247256575467325,0.457793447719548,1.8927757200335587,0.43161374451011414
-1.7602361428269385e-05,0.0011049136279374977,0.4580430037142044,1.8960730896356346,0.4316999105526098
0.00031029999911929933,0.0009534366624556283,0.4580292918825921,1.8972396185757445,0.43175911019966634
-0.0015256767266259195,-0.0018972230441975809,0.45880744351185504,1.8873071645938286,0.43106747005088175
0.0006332180629986596,0.0019965680564773543,0.45778805107365284,1.8994844196011986,0.4319334960950493
-0.0011445262051784446,-0.0011560828932480314,0.45861826173003706,1.889506531029163,0.43122560112779273
-0.0010687327013342422,0.0013061816060214704,0.4581404039133705,1.8920708554002574,0.4314823762988489
0.0003444149891273909,6.563103183721178e-05,0.45819418263502554,1.8965595398112034,0.4316803740308457
-0.0006499961884512243,0.000686608633913955,0.4582044444626596,1.893169685318592,0.4315165348411894
3.1941301623682415e-05,-0.0014871347248997541,0.45853046218109117,1.8938889973906603,0.43145878862899195
0.00033325371123485794,-0.0013292140785178834,0.45846150349705705,1.8952338407572613,0.4315421038336418
0.0009519292863438976,0.0012520265375880074,0.45788853448201267,1.9000685839140499,0.43193284659327896
-0.0006876134390141744,0.0011742029420006603,0.4581164622138449,1.8934680016788854,0.4315555195397262
6.723059237018375e-05,-0.0014118912850546552,0.45851158714039036,1.8940986197599292,0.43147406879215566
-0.0009140321975285836,-0.0033255433143546454,0.45900099046601756,1.8884336537352386,0.43106655448429915
-0.0011306583007903099,0.0006937152150748184,0.45826486033526603,1.8912611419287846,0.4314087730264381
0.0012075317613728079,-0.001256549884541305,0.4583341654464997,1.8987809499883344,0.43174627421456
0.0001596352280956469,0.0006887322115512201,0.4580993535554645,1.89639636653657,0.4316993630255867
0.0007806909490873419,0.0008862627148191303,0.45798078961397976,1.8990506858226945,0.4318586304221627
0.0012270761424681125,0.0015326485806733674,0.4577988047112862,1.9014217697820575,0.43202219326348373
-0.0007618730926360789,0.0007934577795924308,0.45819851011829676,1.8928221842439377,0.43150169614155687
-0.0023420702817214946,-0.00035874815347626326,0.4586188912312783,1.8854655573158159,0.43103287794727796
2.0454862422510225e-05,0.0011587997897314036,0.45802779097004154,1.8962741878327962,0.4317137403819561
-0.0003017301777914662,0.0016648689096935528,0.4579731069811486,1.89545626249648,0.431690347583205
0.0013210294084040899,-0.0016788316720068523,0.4583999781694893,1.89884488969547,0.4317307636401554
-0.0005432404967395504,0.0005209465298493531,0.4582222290734132,1.8934427149203954,0.4315244915700688
0.0004903907733167287,0.0002877254592590126,0.4581328585083635,1.8973448421923005,0.43173490896815647
0.0008309285232140336,-0.002364723111464873,0.45859447880261994,1.8962645061054317,0.4315535580256121
0.0007758754985428593,0.0023329555159853823,0.4577050981241546,1.9003617379247097,0.43199842011198875
0.001110015857482934,0.0008530545626027943,0.4579440441255179,1.9003310725076021,0.4319296362078199
-0.00023755263483155525,0.0007994040834323911,0.4581297253272069,1.8949162645615236,0.43162055656519815
-7.485459335909776e-05,-0.003173270860300024,0.4588650623168756,1.891916051282386,0.4312706668135772
-0.000605334543279287,-8.105160454521237e-05,0.4583448116079033,1.8926421967384768,0.43145188330812323
-0.0005158073189495245,-0.001865258152656043,0.4586727483607762,1.8913602302539756,0.43129844963936176
-0.00023182151208143474,-0.0007432031275047856,0.45842279021546817,1.8935217276584975,0.4314716935755178
6.921848044082399e-05,-9.716362855455688e-05,0.45826087799365245,1.8953141207490491,0.4316024685607773
0.00017191489593630386,0.001986632609801915,0.45785019222933876,1.8976385001815805,0.4318285086798857
0.00013661919597255997,0.0008127729022939567,0.45807868954313596,1.8964187206428178,0.4317062486671567
-0.0012223884245937127,-0.005895595981815568,0.45952742539457914,1.8848485733641933,0.43074708894431646
-0.00040038765528652647,0.0013546467422626638,0.4580449981789275,1.8947780695630059,0.43163788577170775
-0.0003392683324385034,-0.001246554750855263,0.4585324165171824,1.89263149499514,0.43139847384723384
-0.0012397596594777391,0.0017835232472778733,0.45807156310212577,1.8918282088245144,0.4314902609254919
-0.000527587641842898,0.0004907964460026396,0.4582259521770118,1.8934773608521704,0.4315250876661554
0.0011308409003887474,0.0010721987307000763,0.4578994426644115,1.9006154084447657,0.4319556669741378
0.002243348607517264,-0.00026509738933477584,0.4580087966668257,1.9038131733708699,0.4320761748476272
0.0009562322520580184,0.001387282376839278,0.4578621313524331,1.9002100640279125,0.4319469866309539
-0.0006550716988369203,9.530434742991564e-05,0.45831764439602085,1.8926060922818142,0.43145782850604586
-0.0005647628066855375,-0.002049247046611101,0.458713996169395,1.8909963184559684,0.43126950508657147
0.0002999217127117795,-0.001549846808981616,0.4585078453508399,1.8948985274303973,0.4315131186987887
0.0016795814868442083,-0.0014815193667943054,0.45831547668599626,1.9004528907416844,0.431830766522157
-0.0005443413197543418,0.00018287119072418789,0.45828673163924105,1.8931276625024989,0.43149133307594734
-0.000518570709852312,0.00010675021962703527,0.4582979041506696,1.8931603764898934,0.4314897370407518
-0.0006077607832595408,-0.0028437713927656,0.4588705105712566,1.8900958264511714,0.4311825127045508
-0.002412608372096655,-0.002579771910300292,0.45904864225860964,1.8831451561234365,0.430800845995877
0.001521506246251146,0.0008887648749433501,0.4578831926076664,1.902001575288636,0.43202585724252973
0.00015380603269848382,-0.0009293177684192081,0.4584084991433618,1.8948865444853198,0.43154055330561697
-0.00014538725838081712,0.0005979138093071963,0.45815619422603066,1.8950981593111875,0.4316217289816872
-0.0013893483127505619,-0.0015965354364586087,0.4587330704445226,1.8881265141321735,0.43112749381487175
-0.000890460673984154,0.0025179995042532485,0.457886746635402,1.8938954945706479,0.4316406101582314
-0.001056496985491399,0.0023451280350686356,0.457941094088853,1.8930749270994618,0.43158630816216537
-0.0004656457885671451,0.0054519989508334645,0.4572720449910118,1.8982883785279547,0.4320223115691823
-7.85479303552184e-05,6.456258668506317e-05,0.45824917278898825,1.8948742422318445,0.43158488460194766
0.0013508366608870049,0.001749628994971878,0.4577410368488428,1.9021138496303147,0.43207121717217645
0.000939246797429233,-0.002138264330535435,0.4585372667370602,1.89690355122896,0.43160000791508274
0.0011358662257565646,0.003359831531112685,0.4574613905314137,1.9027394647047042,0.43217959734565603
-0.00010233115851382084,-0.0009681459678813935,0.45844893924971775,1.8938308544517182,0.43147900881625395
-0.0010914799657102871,0.0020348010463026723,0.45800467372744247,1.8926501384651329,0.4315481922812422
0.00029400162297877236,1.3385963402470275e-05,0.45821068543568133,1.896310798534724,0.43166392044996293
-0.0012351877114036677,0.003242011612627743,0.45779338921605095,1.8931879120580841,0.4316333402054698
0.0008751956387594665,-4.012302535146458e-05,0.4581453049197546,1.8985755309167944,0.4317897515288545
0.0014762005496488102,-0.0019025723545802239,0.4584224588971366,1.899256982791688,0.4317439644868062
0.0008816447177056966,-0.0019972649428612946,0.4585178494643513,1.8968037016858474,0.431600741291854
0.0014108633644397072,-0.000550237502017456,0.4581727342724522,1.900238915830543,0.431860840742379
0.0012230396020472681,-0.0008316541485193219,0.45825102767233883,1.8992329101141971,0.4317911194243618
0.0003986570760848433,0.002283646688559551,0.45776391073979117,1.8988145387406894,0.43190856586768245
-0.0009020764973282655,0.0001938319724611992,0.4583306225126026,1.891712556177991,0.431411689985047
-0.0008382706619229336,0.0017041487047417113,0.45803498853033786,1.893354991689969,0.431573128930443
-0.0006037180362988551,-0.0007456057842390786,0.45847105214254213,1.8920381658940715,0.43138756831275793
-0.000202668642341979,0.0023296406784732195,0.45783351199679134,1.8964621563388884,0.43177743056301204
-0.0010414445273336282,-5.09176093172314e-05,0.4583950325808068,1.8909323855418525,0.4313564192691357
-0.00032894214997709334,-0.0010990973872589546,0.45850302819866917,1.8928080378142056,0.4314151523334691
-0.0007873249033751946,-0.00031916557108690053,0.45841348422758543,1.8916984246144886,0.4313876482137059
0.00019596270699766947,-0.0030946597912564246,0.4588153806856249,1.8930666278824237,0.43133938724937243
0.00023384754360351507,-0.0023684782315052297,0.4586722755754728,1.8938839063345594,0.431418570831881
1.4859612584441473e-05,0.0045591832896179655,0.4573796023919673,1.899380146907988,0.4320436908789037
-0.0009675845617281886,-0.00013187782701653194,0.4584009684815296,1.8911522954067248,0.431365205184342
-0.0002546473997553892,0.0019632379698296177,0.4579101256466007,1.8959181565084242,0.4317300230424899
-0.00047434431338667433,-0.0035713633489381368,0.45899176561554234,1.8899597201880263,0.43114184106404324
-0.0016110765812205848,0.00035417780440701036,0.4583908194759245,1.889034559300647,0.4312672953643772
0.0002532543230411901,0.002134415986402536,0.4578113847382471,1.89809831159897,0.4318612438774545
-0.0005366977077779186,0.001332156524882602,0.45806690415555806,1.894214411937256,0.43160494603902827
-0.0010642648860328544,0.002590745676189176,0.457895333554744,1.893269885435858,0.4316084767231175
-7.111900804189067e-05,-0.0013561016541133106,0.45851878544800395,1.8935988860740605,0.43144829565923487
0.00017794433952481197,0.0034853546347364457,0.4575633219351002,1.8990412209468812,0.43197584690534996
-0.0008472644924853164,-0.00247969533256437,0.45883185401438736,1.8894758084591978,0.43116389467624566
-0.00101530508481281,-0.002310178014689487,0.45882104168756843,1.888961884317167,0.4311424703763402
-5.0581273917451766e-05,0.0007015581196648889,0.4581241680075565,1.8955709959984108,0.4316532020893727
-0.00016426510527900708,0.00039401987620982286,0.45819748511711456,1.894835593976692,0.4315976220340729
0.0011851673519632298,-0.0005772627383450164,0.4582073999548951,1.8993158544117292,0.4318073419538483
-0.0012527476518604988,-0.004571364845215541,0.4592802255650065,1.8859414403477797,0.4308689743159818
0.0002419676044207846,-0.0013599580502944876,0.4584791536493184,1.8948421245970377,0.43151852747518415
-0.0002489932253339944,0.0008193925669648564,0.4581273966840946,1.894889069082337,0.4316199220260453
0.00046255371603577905,-0.003135649234710133,0.45878891012224476,1.894090493291353,0.4313955133029553
-0.0009571861061434041,0.0001486966925658296,0.45834627601664757,1.8914515108385177,0.431394861716648
-0.00014383546822386412,0.002293524311255009,0.45783275090855935,1.8966632643422505,0.4317871833611538
-0.0005017434279019689,-0.004129438905932818,0.45910127603797024,1.8893386996696744,0.43108138795701256
0.001170242469097919,-0.0032712581421656187,0.458723366175975,1.8967831576305259,0.43154185927719974
-0.0009705363036759606,0.0007791094654777905,0.4582280689036167,1.8919776410722404,0.4314532182945193
-0.0010592225202462275,0.0049770302758576105,0.4574400526096343,1.895486073817891,0.43184209412382923
0.0002382570714360387,0.001070895904687798,0.4580162566735192,1.897060719922297,0.4317543004103549
-0.0004363262988531055,0.004433334772643472,0.45746264157829797,1.8974671947928832,0.43192965582800985
0.0005398964507931202,-0.0014337941432273275,0.45845470389564635,1.8959605608533676,0.43157852109745076
0.0012546578080402401,-0.0033785729162498523,0.45873289109432,1.897020659877793,0.4315504474767693
-0.0005864084209291346,0.0005770911290196057,0.45821710231886004,1.8933223489561648,0.43152021870310225
0.00013794621716665457,-0.0019181760875790184,0.45859888358015166,1.893915382246855,0.4314407544102838
0.001580061060525418,0.002942894620504032,0.4574824537148142,1.9041236647391637,0.43223909731767846
-0.0009348267847668866,0.0007466269068563587,0.4582296618641363,1.8920900669724063,0.43145811351783275
-0.0006342708704405789,-0.0008653029243025778,0.45849774128739446,1.8918065176501135,0.4313690268043193
0.0009863380714633726,0.0002522902272326817,0.45807497266947306,1.899286639914773,0.43184327059103855
-0.00010834855298248936,0.0002053374897742934,0.4582262043362647,1.8948849095392686,0.43159186654950094
-0.0011722369926524814,0.0024417352859725946,0.4579376204865623,1.8927025841575522,0.4315695986174159
-0.0007512435793752616,0.0026167746325302574,0.4578499293210092,1.8945410155086215,0.43168164204409587
-0.00045816063374262163,-0.0009113402420109293,0.4584838997388004,1.8924657699221874,0.4314042755537761
0.0014856734131597504,0.0003825487117631697,0.4579846816547377,1.9013937022715877,0.4319684982014383
-0.0006393617897973385,-0.0010712836604829295,0.45853757305686577,1.8915970664003499,0.4313478332467982
0.0006054111341091061,0.0037417363075836554,0.4574582549593806,1.9009792582006197,0.43209721640314225
0.0006137088350772702,-0.0007868569439226783,0.45832179319926214,1.896848562263336,0.4316581196459507
-0.0011212736004795648,-0.0013452357394045473,0.4586512351468638,1.8894254937951922,0.43121244224734784
-0.00011903142208720993,0.0004898228586264805,0.45817338087177034,1.8951037893572251,0.43161715073304596
-0.0006555366737373234,0.0025598089229939666,0.4578483930231723,1.8948699080871476,0.43169768689690463
-0.0009576738876486623,-0.001427856727717646,0.45864607019553255,1.8900014866209538,0.43124131845275676
0.0004972702223840375,0.0009618600105456317,0.45800334048422353,1.8979918172576682,0.43180209000261094
-0.0003901065755071047,0.0019235872175807616,0.45793525068738655,1.8953421382585862,0.4316956058462255
-0.0014080499601539737,0.0032675420269717725,0.4578108199756852,1.8925225105002756,0.43159681414213685
0.002186697496456347,0.0039049391713958112,0.45721746137676067,1.9074227181082695,0.432469513503533
0.00011906516606608786,0.003934360836249825,0.4574852841663488,1.8992199747381393,0.4320063123460833
5.370991130074386e-05,0.0026585036322240916,0.45773739581904227,1.8977857268420382,0.4318672856352824
-0.00019943796509582455,0.0003879638329426859,0.4582031855558357,1.8946899414794383,0.43158909913613047
0.0005242097705393803,-0.003493713221185628,0.45884915330606585,1.8940074476693187,0.43137458812393076
-0.0002080204566622211,0.0034353851355354444,0.45762328341025005,1.8974580898727236,0.43188392785033136
-0.0029220271067372265,0.0007700364130068965,0.45847808710094856,1.8841899774905049,0.43101177973841376
0.0009217614751078858,0.0006555917208208611,0.45800639988789327,1.8994002348852013,0.4318679753234714
0.00019444975863452824,0.002773818984515207,0.45769701567755494,1.8984522763771245,0.43191025776218916
0.0003354262421123709,-0.0037841071946210264,0.45892868597409225,1.8929894234586033,0.43130377945989956
-0.0009444016355037668,-0.0005921396544190366,0.4584855176177075,1.8908218567697537,0.43132563965603227
0.00014426912241158305,-0.0008947931654276852,0.4584031537265951,1.894880276394773,0.43154176247946713
-0.00010482893863007545,0.0033365827827334213,0.45762867694788,1.8977781751447707,0.4318975785123432
-0.002931767415723564,0.0023033760905042354,0.4581886226019848,1.8855607491488142,0.43115887699746386
0.0009363680357869052,0.001204112695213561,0.4578997254479617,1.8999625911950777,0.4319246733124503
1.528370112795402e-05,0.00012734929988008888,0.45822507306471905,1.895305619103998,0.4316121587124194
0.0003635407462382577,0.0004842006276614035,0.4581118738061001,1.8970203317450673,0.43172543279234316
-0.0007235210205011541,0.0015618695452720933,0.4580472772225669,1.893681344571669,0.43158516480959824
-0.0008254366950747632,-8.085488608511036e-05,0.45837304154268477,1.8917655204793895,0.43140224468062754
-0.0003580730687413406,-0.0023009200391293414,0.45873540837014704,1.8915886074163428,0.43129164522511265
0.0006049644810618576,-0.000138766731587266,0.45819931739188463,1.897409114391064,0.43171922646991695
-0.0011641635116891133,-0.0001553149008456393,0.45843058105296497,1.890347483244921,0.43131856559770326
-0.0013768171587575215,0.002866186102365051,0.45788318337882183,1.8922777381718574,0.43156476877640443
0.0005157457615935068,0.003967367249119731,0.45742691830387794,1.9008299258069277,0.43209898174233907
-0.0005664908674283208,0.0014092056852471418,0.45805607723080255,1.8941665625026034,0.4316057269821498
-0.0009666146143446381,-0.0017004883866321662,0.45869901755030845,1.8897155513366044,0.4312127738490938
-8.902203191163581e-05,0.000821086230039872,0.4581063663530722,1.8955277612592192,0.431656168889073
0.0009225140024280834,-0.0005332348939216942,0.45823325284333055,1.8983108526133534,0.4317524218313634
0.0011002801768417118,0.0019251124765943355,0.45774044608507225,1.9012779883590376,0.43203183137050133
-0.0008729520320112122,-0.00035582846113466066,0.4584314338477175,1.8913235992159485,0.4313647602473123
-0.0009136142955553982,0.0034024375217633017,0.45772125964500976,1.8946169002689723,0.431721534165046
-0.0005493630924867049,0.0017649298764458043,0.457986101031877,1.8945618561588458,0.43164422924793305
0.0009116836100677057,-0.0005062720763615821,0.45822951806706813,1.8982925101179422,0.43175260462435455
-0.0004853718011584552,0.0006865786722735361,0.45818322958099356,1.8938254556684457,0.4315536707784723
-0.0007726750042809233,-0.002521087199047272,0.4588302161023682,1.889734981595135,0.4311766967853606
-0.0009630209113085323,0.0006752579267725945,0.4582468614932687,1.891912139164129,0.43144480380029143
0.0001914259041072041,0.003512436036390868,0.4575563855890347,1.899119828689843,0.43198152551358904
-0.0018208218155002947,0.001002269118234822,0.4582944469970679,1.8887941435101265,0.4312830421794492
-0.0011495497016729274,0.0023007344725097627,0.4579615360233342,1.8926633079514923,0.4315609862685185
0.0006929326548901152,0.0002531859188891341,0.4581130829734398,1.8981194783924409,0.4317772129985022
0.0014682241284998399,-0.0007422262470993656,0.45820190321027404,1.9002908246492962,0.4318550823225516
-0.0005276479779576211,-0.0020937975439843056,0.4587177204939379,1.891103268386737,0.4312735434563115
-0.00065341602077892,0.0002294079985557148,0.4582919097854802,1.8927359089301043,0.43147125582336326
0.0006697283854408355,0.0025487993738666725,0.45767778059654185,1.9001376937286747,0.4319955109994205
-0.00026739029344440116,-0.0014522301248355975,0.4585623229717765,1.8927289234096039,0.4313946731968363
-0.0003327864558339179,-0.0008532112466817629,0.45845672447198316,1.893018547418558,0.43143821375134284
-0.0004652800058818474,-0.0008003452017579616,0.4584636934193008,1.892539353741601,0.4314134713772904
-0.000866612324441934,-0.00010394255959639097,0.4583827144637533,1.8915802602045373,0.4313907071104802
-0.0005095039121049482,-0.00033570104273809035,0.4583809534028418,1.892789995510487,0.43144871642747173
-0.0013771195490168062,0.00028867609250965784,0.45837340776310587,1.8899067906086737,0.4313137236087145
0.0005692180986203626,0.0012872921261405678,0.4579318442552065,1.8985774377956683,0.431849998385807
-0.0005450073856243537,-0.00226548770759003,0.4587525827520611,1.8908765235403424,0.4312529240782801
-0.0012928064529489434,-0.0023291651915684566,0.45885989908866975,1.8878387129486638,0.4310780032164123
-0.0006386142463189943,-0.0006155135672809233,0.45845078084063473,1.8920186422126617,0.4313923565159608
-0.001761534212525078,0.0013306889445751989,0.4582244904007383,1.8893323536204614,0.43132840099536307
-0.001527953552780303,-0.001361010794189811,0.45870595719863905,1.887790379480389,0.4311191284882227
-0.0007163709989274307,0.001645537456276546,0.45803042144343686,1.8937867565593232,0.43159492504951547
0.0018250448646175458,-0.0007011568545830392,0.4581472775435686,1.9017483925965042,0.4319394873209218
-0.0002720849507687173,-0.0007776285199078684,0.45843452752339015,1.8933297424363997,0.43145926150302827
-0.00019826010081281452,-0.0003358999855295792,0.4583409101242313,1.8940295387177644,0.43151890467376486
0.002447525992217199,-0.0021581748790423503,0.4583440739718321,1.9028867114888366,0.43193794153276716
-0.00010829155519789034,-0.0015634051594900452,0.4585630325193757,1.8932604951778857,0.4314197401206418
0.00035367107336907547,-0.0010295422049692241,0.45840175764868746,1.8955903389297708,0.43157586958691785
0.000570038316630937,-0.002141001525229908,0.45858558519596204,1.8954312716814545,0.43151650642548817
0.0020919424979044744,0.0004155199386974001,0.4578985322665203,1.9038362949278533,0.43210831979152853
-0.001751018275611267,0.0013858525873400723,0.45821266587383275,1.8894249813596151,0.4313361458505769
-0.0004650454443185481,-0.002285130256242623,0.4587460940390759,1.891177011183431,0.43126905125033616
0.000437319625575128,-0.0010249792284157463,0.4583900606664856,1.8959275861311775,0.43159517514715395
0.0007310643791667745,-0.0010826135050609135,0.45836296241095476,1.8970441233308117,0.43165579525012815
0.0008938165188827776,0.0002950613348756309,0.45807889000177004,1.8989576544638938,0.4318265773888206
0.000354097417913823,0.0003122278176821294,0.45814589990399096,1.8968246904790143,0.4317065620530728
-0.00036073396982233975,-0.0007138053668643342,0.45843378490486697,1.8930352707014602,0.43144547663427163
0.00044722364466688694,0.0014032231585139239,0.4579256339805502,1.8981983021320328,0.43183377962729885
-0.00040383663394598715,0.0044231376027013365,0.4574603471856815,1.8975872286140387,0.4319359915446936
0.001673643698600033,-0.0022630767158503674,0.45846552928310724,1.8997117018299534,0.4317533831949979
0.001074968586820477,-0.00013788586689419228,0.4581378965389422,1.8992809024488404,0.43182526864624105
0.00023052601635830655,-0.0015575189974707945,0.4585182642473311,1.8946151593309914,0.4314967235322808
0.0016333545754276789,-0.0016259493752321572,0.45834911212927204,1.9001363271543836,0.4318062955971343
-8.038415575918918e-05,-0.0014285649153173681,0.45853377357041014,1.8934954485053237,0.43143915486312545
0.001910608131053461,0.0024754036902166127,0.45752816424676823,1.9050088608698692,0.43226804756042825
-0.0013033950792782783,-0.0008863510309142908,0.45858726491968915,1.8891211712337956,0.4312159978711668
0.00036010277596182735,-0.0008488573465144572,0.458366488654877,1.895781896676633,0.4315949037716288
-0.0003496626041201637,-0.002121293529717238,0.4587001676178257,1.8917869856359737,0.4313110177150413
0.0002478972717413405,-0.0021502739899723353,0.4586289170402054,1.8941401409157852,0.4314429675911092
0.000822437032014968,0.004727267206845935,0.45724117132791986,1.9027505137511378,0.4322421750773935
-0.0003215856080564794,0.003242475353613339,0.4576748822518071,1.8968282418551992,0.43183951875286497
0.00036866875537014334,-0.0013168946923505843,0.4584545779296458,1.8953861653458568,0.4315512883447715
-0.00034001550856550345,-0.00189003674322975,0.4586549424383274,1.8920377000105517,0.43133569320511767
0.00011351045108917058,0.0013813782577129618,0.45797325708723463,1.8968493910689093,0.4317563990075365
0.0009186729422550838,-0.0005456617787238825,0.45823612480810944,1.8982841472338896,0.43175034646114563
-0.0011773124515194358,-0.00014587882915796665,0.4584304683492365,1.8903037567006555,0.4313165167990332
0.001650406221200977,0.000556255455369684,0.45792981636929153,1.9022088792520109,0.4320225327679412
-6.232800213872074e-05,-0.0040840894655592005,0.45903666306935687,1.8911304112325726,0.4311849099365797
-0.00042711319794506807,0.001073958052150038,0.4581019273743768,1.8944135807200067,0.4316045275320946
-0.0009328348465004498,0.0026569067189230458,0.4578657658674526,1.8938544302079088,0.43164457784477556
-0.0005577969240767469,-0.0017097204996305918,0.4586485451553699,1.8913357604866412,0.4313041105497189
-0.0005715921927669953,-0.0001784799170101234,0.45835901499307863,1.892687102570223,0.4314500123817315
0.0009851246424882629,-0.0011067544327640105,0.4583345443371769,1.8980332890362108,0.431710719531657
-0.0017570176187449017,-0.00015042333680158492,0.458505229264084,1.8879892494024504,0.43118523676141174
0.0005152311915783203,0.0030319973850586636,0.45760572599719973,1.899967105808938,0.43200774174408113
-0.0011058065749051525,0.002915177529867488,0.45783892088976985,1.8934027922187406,0.4316307019052347
0.000666504773663963,0.0008979995789261708,0.4579934585458012,1.8986068941935286,0.4318340295535547
-0.0007556494072127421,-0.001727537877012444,0.45867723351430656,1.8905312215557537,0.43125774103829106
-0.0009405862215887717,0.0018372409179590512,0.45802284048113473,1.8930697143287083,0.43156300300504447
0.00021586071842233696,0.002101126755548797,0.45782261537517205,1.897918792569462,0.4318495692589138
0.001790301177771694,4.277128533088834e-05,0.45800960394277535,1.9022936356392388,0.432004069128299
-4.6466987681800216e-05,0.003768375614469706,0.45753863837113995,1.8984079705766779,0.4319528072866833
-0.0012843608452400698,-0.0008730731147863048,0.4585823174122977,1.889209216754688,0.4312215855851659
-0.000363730081188956,-0.000736985756011107,0.4584385823362479,1.8930020456004817,0.43144254485194655
0.0001415007520038965,-0.0016380060502708333,0.45854507466393624,1.8941867591254167,0.43146881607686033
0.0011433251183329018,-0.0026681664996256182,0.4586118505661866,1.897229454650436,0.43159445698554394
-0.0008016420043586868,-0.0033070277130450372,0.4589831986152099,1.8888984046953026,0.4310937129077396
-0.0013790596211293608,0.0011591641037798014,0.4582081822680573,1.8906990775855537,0.4313980297241237
0.0006191969584328869,-0.00037844000878547437,0.4582431857818906,1.8972455823187415,0.4316991069380288
0.0008309066050779906,0.0012189519296350827,0.4579106951223753,1.89955641901042,0.43190234344513123
-0.0005672525048041683,-6.823392142367706e-05,0.4583374752295475,1.8928056769271373,0.43146172215369794
0.0003613321230481363,0.00394847473180156,0.4574508172154641,1.900197702817704,0.43206232204117934
-0.00043295160931788575,0.0007349396153931045,0.45816725500988476,1.8940787130116405,0.43157020413999064
0.0005367149114538953,0.0023958094186470485,0.4577244332788234,1.8994673956654875,0.43195061973045673
0.00041823018215313336,0.0021108934515208454,0.45779433492906463,1.8987335896531061,0.43189615496739847
-0.0010462358528888947,-0.0005053844209419321,0.45848204939458076,1.8904957969794902,0.43131110485008134
-0.001903629197699396,-8.86537606381679e-05,0.45851212812683995,1.8874615904527765,0.43115815310025285
0.002293174487197994,0.0004836552013903998,0.4578588842924288,1.9046994402167885,0.43216028793622724
8.764242287930503e-05,0.0005308197549622694,0.4581387995323627,1.8959645439791164,0.43166775398024043
0.0001429248542988973,-0.0025824579393491235,0.4587247070845636,1.893325461525503,0.43137725083101275
-0.0006808188350608213,-0.0003305648562603821,0.4584019867150131,1.8921122612681718,0.43141056797956523
0.000165961522474795,-0.0016783112820599093,0.4585495974296292,1.8942471577042694,0.43147041050394275
-0.00010399200766411028,-0.0014246471698291646,0.4585360657210485,1.893405025963327,0.4314342115883715
-0.0012967633882046206,-0.0012773549098165802,0.4586606894363035,1.8887885328565492,0.4311794455164059
-0.0007913814877149478,0.0016508634493922986,0.4580390865916687,1.8934928109680165,0.4315785197489823
0.001317003398122155,0.0011445088462117962,0.45786118483400806,1.9014228214413533,0.4320046680551774
-0.0002081463996966665,-0.0010764710275617399,0.4584831876952633,1.8933099384189063,0.431444600837969
-0.0015435574200208563,-0.0010177382105122125,0.4586427706239369,1.8880434058661928,0.4311490098141229
0.001538159907683124,0.0022678268335508734,0.4576172025504382,1.9033359083893935,0.4321639013396893
0.00022095430107993644,-0.000468188139685801,0.45831194889267723,1.8955774946293609,0.4316005744771555
4.184467445098701e-06,0.0008380950909614703,0.45809104419518587,1.8959145955464731,0.43167884650692273
-7.146516762918301e-06,0.0008495496323324102,0.45809032981185305,1.8958799985531813,0.4316774061761834
-0.0007574776734323213,0.00010146110646373814,0.45832963282606787,1.8922037788906152,0.4314353238065345
-0.00034463739862336626,0.0021158220698189577,0.4578927139947845,1.8957000351256423,0.43172458334927494
-0.0012190476371976683,0.0025462785489030345,0.4579237519429652,1.892612203189493,0.43156921656068725
-8.396087360882835e-05,-0.0009699673010263958,0.4584469189041056,1.8939023430388853,0.4314829748101746
2.1379027704765914e-05,0.0002540532238624814,0.4582001378592506,1.8954463197513203,0.43162586716108337
-0.00022859911643741845,0.0008405584296458932,0.4581207255407195,1.8949897521444383,0.43162658278899957
-0.0005674664613146924,-0.003291961799461914,0.4589505399471532,1.8898451051036098,0.43114800858897045
0.0006845581693006673,-3.6155342705833155e-05,0.45816938550352615,1.897820268899413,0.43174715962313104
0.0016374362611458115,0.0007681313369943763,0.45789100474345457,1.9023520133170908,0.43204023776116696
-0.001966385583058315,0.0024355646275770683,0.45804071063901064,1.8895316982502945,0.4313897468542505
-0.0006754133458697633,0.0010828032981863127,0.4581322916015907,1.8934325869191517,0.4315493730636369
0.0021817231357946954,0.0021439794615495337,0.4575556625458029,1.905782633207527,0.43229685223563064
-0.0010748877007247342,-0.00016415294324665842,0.4584208428736035,1.890695097930513,0.4313378511482566
-0.001578954351392016,0.0013176686861648592,0.4582036338687606,1.890048115131515,0.43136834579683125
0.0005528318112075888,-0.0019868173872890542,0.45855842843538364,1.895504308673453,0.431527627973928
0.0004454203452899583,0.0018378278199001454,0.457842913254852,1.898590733644496,0.4318756935043842
0.0007939480268016861,-0.0012917469381003234,0.4583946839898572,1.8971023962423843,0.4316496204945013
-0.0006800976464195144,-0.0021708099293726068,0.4587518417354819,1.8904252850380738,0.4312316591400258
-0.0012694883614723716,0.0006289571820033594,0.4582949602896702,1.8906484093549796,0.431371139149427
3.921809903734427e-05,0.002552425958679991,0.45775952744443227,1.8976304365821361,0.43185368543148034
0.00026929311022594283,-0.0006129364359445936,0.45833327903005033,1.8956370109614311,0.4315973871227022
-0.0014013974036432596,0.003024631420600123,0.4578561945299124,1.8923255390482707,0.43157465421818725
0.0001620181632814549,-4.456341397145194e-05,0.45823883968491785,1.8957319970289996,0.43162851660991175
-0.0009870006465294756,-0.0020252462084436465,0.4587633160598583,1.889336194872372,0.4311765770702014
0.0006221003773219549,-0.0018790452426705974,0.4585289308792416,1.8958790207891478,0.43155373114707274
0.0005746636533084784,0.0012389606554274405,0.45794035942841527,1.8985546852971107,0.43184652020735376
-0.0003748783060153241,-0.0031405325549875695,0.45889719901336623,1.8907511660880936,0.4312061807704215
0.0004038690467421234,0.002753010446023659,0.4576736044311046,1.8992670333147594,0.4319554559786826
-0.000809802629877892,-0.0024404424812907127,0.45881962446224245,1.8896610816094104,0.4311761653428688
0.001069354641136195,0.0002961510206681951,0.45805574552046957,1.8996573866664448,0.43186625368008713
-0.0006121706543699546,0.0024032555659424144,0.4578726082702287,1.8948986738737046,0.43169222326007806
-0.00027147647793116636,0.0008958174143840757,0.4581157434410107,1.8948697639109813,0.4316222911905362
-0.00039461523464751026,-0.0014430902909691819,0.4585769172926727,1.8922305731754703,0.43136686493049575
0.00021588934859516088,-0.001653051434458412,0.4585383487499437,1.8944691623028227,0.4314841273731598
-0.0017422197907177017,-0.001032346301918876,0.4586707583819755,1.8872381878829554,0.4311027472443889
0.001211921065622859,0.0021525102898350846,0.4576822846509674,1.9019314783301173,0.43207914183724005
0.002134739361109197,0.001948362084246302,0.45759937559933694,1.9054158062665751,0.43226721576248567
0.001584686930622416,0.0005051758290408852,0.45794822796065926,1.9019004186812056,0.43200274999119026
-0.00042709440847682207,0.0009245999124570707,0.45813037508349086,1.8942763661468096,0.4315899901504573
-0.0009319095296216749,0.001446576527678097,0.4580960866964908,1.8927450945903281,0.4315269201388872
-0.00043964546467535403,0.0005205100981364191,0.4582089552610975,1.8938549787185386,0.43154781893742483
-0.0008361507939788972,-0.00024095260358598423,0.458404868504746,1.891575751237785,0.4313842444871965
0.0009621465674037072,-0.0004017534242340799,0.45820299335727455,1.8985893986126063,0.43177415312454515
-0.0006608963420059593,0.0005688297389102565,0.45822826835472685,1.893018018499258,0.43150260971176724
0.0008643400391673185,-0.0003432700898712849,0.45820457802730497,1.8982537966945003,0.43175779706776546
-0.0011469656444000604,-0.003005897690195249,0.4589698596255162,1.8877988315553778,0.43104508514006235
-0.0013140369911377287,0.0020869711552544933,0.45802337657198916,1.8918112418628394,0.4315030478416039
-8.662875756122261e-05,0.0009476391613253238,0.45808193519979423,1.895653615644108,0.4316690297300469
0.0010535993923996823,0.0005721081850065003,0.45800510049625354,1.8998482873365448,0.43188956698859154
0.0004731900869828606,-0.0009590917727694189,0.45837285498573427,1.8961309170694005,0.431609675141646
-0.0015791825718169932,0.001239460527307182,0.4582185281781494,1.889975311674696,0.4313606795841285
-9.421596970374512e-05,0.0011356042179433718,0.4580470897208757,1.8957961808301784,0.4316856192210065
-0.001044967134176086,-0.0002540157413929438,0.45843409929589574,1.8907317625272129,0.431335856265381
0.001976507912019342,-0.001608535771925863,0.4583008494311793,1.9015176543475512,0.4318853112317369
9.620227598574634e-05,0.0025585771101776416,0.45775092298351167,1.8978630292265999,0.4318671361940617
-0.00022694637325459868,0.0002637137064332189,0.4582304090485659,1.8944662013473232,0.4315707992022012
-0.0020891231707044987,0.0015237596449064928,0.45822958631030086,1.8882039662792551,0.43127324578067616
-0.00043248734546857975,0.0025118498375223857,0.45782861811479136,1.895714340278924,0.4317433356070303
-8.901387063063728e-05,-0.000699609123164964,0.45839608581871505,1.8941305340581682,0.43150814626569467
0.0004272621725169184,-0.00044128087202220364,0.45828008881209803,1.8964236857000534,0.43164971463373175
-0.0005048074438812221,0.003007812113436985,0.45774345536120226,1.895882493678979,0.431775328087537
0.0009631484502417094,0.00023515251492821186,0.4580812743534739,1.8991785845440943,0.4318363748191209
0.0007924715549373269,0.0016180119756582583,0.45783950662245665,1.8997703154115317,0.4319325362437455
0.0005695974224062349,0.0001134916457649204,0.4581557942494726,1.8975000901504935,0.43173580719600774
7.101187288832851e-05,0.0008123210268738578,0.4580872901585673,1.8961570391466536,0.43169140876476114
0.0005541091026519935,0.0007085079891782182,0.4580442809522336,1.8979852444425418,0.4317902395987022
-0.0005393997330569867,-0.00012019920487015295,0.45834378307112505,1.8928688865897585,0.4314629475153393
0.00044889404073389,-0.0018731521845716408,0.4585502012821788,1.8951948438250408,0.43151525212806563
-8.759715953319647e-06,0.0014851007366680129,0.45796936560858414,1.8964578240776142,0.4317389231321185
0.0001654164065622403,-0.0005243182320185799,0.45832983173800834,1.8953047785102386,0.4315825871516946
-2.2218116363501964e-05,-0.0009052518142628469,0.45842663509783294,1.894207670734431,0.431503197943313
0.0009627978685180994,-0.0006993647518158891,0.45825971003596333,1.8983185980697104,0.4317453339148407
-0.0016310888420493993,-0.002297026263166737,0.4588966459557908,1.8865200676244844,0.43100478234307116
0.0002936775104172919,0.0004292085685451984,0.4581314383832198,1.896691611514978,0.43170432542585874
-0.0004621660833682868,-0.002496367380323469,0.4587858891078061,1.890994602600079,0.43124915101913125
-0.00014611314032967072,-0.0015869482076585016,0.45857237704099907,1.8930882492623582,0.43140891894304173
-0.0006426678820977489,2.5130134600454218e-05,0.45832940422223223,1.892591029300202,0.43145379620613217
-0.0007506548530292478,0.0006263539585709116,0.4582288711944754,1.8927132980926666,0.43148795907008286
-0.0007237976631946649,-0.0008644525281408156,0.4585090546076293,1.891450645458756,0.43134891173611073
-0.0002227208180649414,0.0028337641374135826,0.45773997289689095,1.8968460050082667,0.4318220079464377
0.0015439145831229603,0.0018406805054911222,0.45769817179037,1.9029659614107433,0.4321235986983314
-0.0007207197445739054,3.845681424026896e-05,0.45833689896310525,1.892292330655408,0.4314374842058444
0.0008947269728971399,0.0015763192233760278,0.45783407667424025,1.9001390411872923,0.4319515288575146
-0.0015940191248178081,-7.776575881628747e-05,0.4584706935364059,1.8887056746284923,0.4312291008053822
-0.000723794713307772,0.0014683311300509713,0.4580651241957431,1.893594255613331,0.4315759950457227
0.000624534693400048,-0.000999684744267785,0.45836097327215913,1.8966961856157651,0.43163984810399536
0.0020972796021241627,-0.000501690041456866,0.4580733266552555,1.9030147254464185,0.4320202386121448
0.0023910932271923708,-0.0002943015632876783,0.45799487121898613,1.9043740448639517,0.43210661477026396
-8.282921311303762e-05,0.0036664525729405233,0.4575628463056276,1.89816934892579,0.4319346761232383
-0.0005152781418129099,-0.0008736039251257895,0.4584840535238387,1.8922729074670086,0.4313950631060657
0.0014442651506918456,-4.510806141862061e-05,0.45807184893044994,1.9008359270580764,0.4319175354292072
0.0004681116589994559,-0.002378151690953359,0.4586439280082283,1.8948077853383103,0.43147045327814854
0.0017510991235662897,0.0019118026771985182,0.45765719599463445,1.9038558069790814,0.4321772142440163
0.0003496325165555928,0.0013821310483112473,0.45794238139903665,1.8977903307714503,0.43180971999151085
-0.0004893066127862054,-0.0008760718054601667,0.4584811886252209,1.8923740960711464,0.4314006817661557
-0.0015377653378268307,0.0007372725435209549,0.45830867629727445,1.8896787995232485,0.43132113589070475
0.0012108745168338732,0.001667687034451727,0.4577751192358343,1.9014814544981282,0.43203169125187957
0.0009000744215501539,0.0013871131000970718,0.45786952111207485,1.8999863633028926,0.43193431044189434
-0.0009005220265726785,-0.002461102231801745,0.458835102796265,1.8892806903212769,0.43115368719763475
0.0006275166920807062,0.0003486456875426878,0.4581033883389748,1.8979467713523648,0.4317717571583644
0.0009649478781947611,-0.000493447551300646,0.4582201297304811,1.8985163129696634,0.431765859946122
-0.0008628153171256256,0.0008815608836132868,0.45819472944097034,1.8925009978289613,0.43148749838803097
-0.000544832706688984,-0.003098802027398684,0.45891095154444894,1.8901124872168158,0.43117190200446803
-0.0005952831248176621,-0.0016433299668560106,0.458640718209627,1.8912473868847222,0.43130211365450427
-0.0010906430619627458,-0.0010186519309087518,0.4585852753321028,1.8898474409790673,0.43125113373169893
0.0009289586125072559,0.004519189582124696,0.4572669045934076,1.902982984058849,0.43224591322485834
0.0016914106116244728,-0.0007591284855506005,0.45817589505332057,1.9011634199959964,0.4319037329939719
0.0011182212983262625,-0.0001045782311931793,0.4581258855798942,1.89948366277468,0.43183826028937167
0.000394059992621062,-0.00125748011987764,0.45843997201205905,1.8955418245328792,0.4315627953583065
-7.24145299976534e-05,-0.003165496396298959,0.4588632711392665,1.8919329019788014,0.4312719733187089
0.001753932380324831,-0.001425268465921062,0.45829499692108866,1.9008003859791562,0.43185299417863965
0.0005730527203936066,-0.0010856238934269903,0.4583840356925463,1.8964122975026054,0.4316198775845432
0.00026470581666843834,-0.0022089029871864008,0.458637916242851,1.894153252300423,0.43144105390818177
-0.0003668022800430385,0.0017715700461201406,0.4579612031886862,1.8952951794511597,0.4316860593208775
0.000581576985541763,-0.0036669294179088184,0.4588747532137491,1.8940769328216172,0.4313706755740905
0.0008336400966422926,-0.002465065356661626,0.4586132554365747,1.8961831994882372,0.4315444074755299
0.00027929583130058543,0.0010206267209962097,0.45802050799382865,1.8971779255751104,0.43175866049110356
-0.0006282895896272202,-0.0005720534779244682,0.45844118771349995,1.8920996922650153,0.4313989154764229
-0.00024062755741851747,0.0007958017534816938,0.458130809437873,1.8949007063113685,0.4316195122728595
0.0008949790863798814,0.00262597166951543,0.4576334594827335,1.9011054055098167,0.43205381033216833
0.0003198845634704609,0.0038284057831032073,0.4574791975744365,1.8999221506361268,0.4320412773395973
-0.0009267350593170239,0.0034176258794269463,0.4577200649695494,1.894578597363048,0.4317200531241697
-0.0002561581747997401,0.0014926015829697704,0.45800003445487825,1.8954793897193385,0.4316838527005161
-0.00012311409222408561,0.0001914326368002998,0.4582307623230826,1.8948133261317832,0.4315871827070576
-0.0008985422733319321,0.0007704086688021307,0.45822047430327795,1.8922564926012522,0.43146861589853286
0.0019822408477730706,0.0003154439667813115,0.4579321619394868,1.9033078822545297,0.43207386099376793
-2.0690174764016156e-05,4.1295976517998886e-05,0.45824612479463883,1.8950832853635085,0.43159566894012474
0.0006979529956822816,-0.0003549857219819221,0.45822847227437835,1.8975806668353312,0.43171914589748245
-4.1662499138884445e-06,0.0004434688953690699,0.45816734596429703,1.8955186507237918,0.43163854489976705
0.0012752034352029775,0.0018417977518400874,0.45773336845435675,1.9018975935145255,0.4320631459800655
-0.001030540612272345,-0.0011670752453350965,0.4586058107672726,1.8899506192940863,0.43125025252564375
1.975569372580903e-05,0.001643677320666876,0.457935419073598,1.8967171886575456,0.43176079570246223
0.0009479855767094798,-0.00036059447660978565,0.4581969834730306,1.8985708427532895,0.43177496699354406
0.0020823355510991744,-0.00027649481617841024,0.4580322152140126,1.90316216864188,0.43203879107424037
0.0013762833501692322,0.00273901235963413,0.4575484233765945,1.9031251305049102,0.4321733118355769
0.0015619410328009265,0.0004152378614319267,0.45796841333060817,1.9017272467606932,0.4319888683344568
0.0005640139423162989,-0.002870579549727624,0.45872535778825385,1.8947376685376036,0.43144417289035114
-0.001741933454273174,-0.0011268113268939944,0.4586886492748168,1.8871525819444417,0.4310936194859512
0.0007042715377033435,0.0020553826146868857,0.4577675138220243,1.899821386722889,0.43195524367508426
-0.00010035347847553492,0.002008782097399617,0.4578814018839309,1.8965745729586665,0.4317692603146781
0.00056605841401235,0.0029282355624873427,0.45761888386588834,1.900074009153589,0.43200909489203637
-0.0015579683781698859,-0.0015414543009438764,0.4587440165235963,1.887505081177042,0.43109479656451954
-0.000936551953283119,-0.001950783287393251,0.45874274227412554,1.889605550661757,0.4311952046682434
0.0016137633270413901,-0.0017243031908516161,0.45837045817719385,1.8999680624650155,0.4317923105624835
-0.0008114762570329879,-0.0007236552418388563,0.45849350938149724,1.891230655357999,0.4313428322100197
0.000865810750040589,-0.0008436856571002911,0.45829987429109564,1.8977999678360586,0.4317094245843458
0.0007213648555364505,0.0010778126329067017,0.4579519674535026,1.8989905887659102,0.4318639052481728
-0.0006263800583167411,-0.004455955216648617,0.4591791143033532,1.8885427928249383,0.4310215216135247
-0.0008983236298980373,-0.0023370450581060983,0.4588112561737826,1.8894033086634263,0.4311662517055692
0.0016018716633869976,-0.0013312628958595952,0.45829693951079165,1.9002816545052996,0.43182787655389127
-0.001048353732791978,0.0007482488470561137,0.45824393051191903,1.8916392155536,0.43143265458326224
5.29436391397367e-05,-0.0017456068304134969,0.45857697125837116,1.8937353173342215,0.4314383753465789
0.0010724810387706802,0.0017699064018230231,0.45777376505484685,1.9010246101343933,0.4320104505185101
0.0002735358637625351,-0.0014082926845933597,0.458484285269147,1.894923441826922,0.4315209427839646
-0.0008548543320805123,-0.0038630750782844376,0.45909553467156305,1.8881763352585228,0.4310276291310395
0.00037552142326598603,0.0007765328847422758,0.45805455362735337,1.8973367120104496,0.4317565940830356
-0.0009013188223177127,7.929237579937045e-05,0.4583523126247284,1.8916103328355989,0.4314007116738157
0.0032119374998665776,-0.0021132872826085686,0.458234571473552,1.9059677920313314,0.43211446155879735
-0.001672554579803933,0.0011895081988800744,0.4582399542030253,1.8895572382558539,0.4313347403338406
-0.0004176385283221354,-0.0009089345372649877,0.4584782366915812,1.8926293901934301,0.4314136506152236
0.0006095791496222051,-0.00021830658184193998,0.4582138903936341,1.8973544083614944,0.4317125248100589
0.0009748884843514173,0.001009072109250548,0.4579319382293576,1.8999366254865746,0.43191436647264553
0.0011376978333636314,0.0002560133739186317,0.458054471861796,1.8998925255785506,0.43187775151646196
-0.002114774619496684,0.00260800967026817,0.4580269046130602,1.8890987354215545,0.43137304016070727
-0.0016674079564008917,0.002010863173872195,0.4580831823192142,1.8903328970270878,0.43141587878390447
0.000247070079679622,-0.0026108402750876893,0.45871671763278266,1.8937141144542893,0.4313979749821168
6.529563377173937e-05,0.0017005425753987345,0.45791865165206863,1.8969508350724562,0.4317766037565282
-0.0010012189580820559,0.00010726612008363486,0.45835979976541397,1.8912379992023334,0.4313808931984596
-0.000723703561799185,-0.0018805493737246155,0.4587022380566009,1.8905180169526472,0.4312500610178767
-0.0006050652171153319,0.0024501830765478664,0.4578627457274759,1.8949701425656307,0.4316983967055651
0.0006726822687085492,-2.926413851373207e-05,0.4581696164826329,1.89777932159933,0.43174515292153803
-7.978927099207091e-05,0.00026731251152309376,0.45821070283036536,1.895055599785695,0.4316043407970842
0.00028084759178259784,0.00037543090141588546,0.4581433594985256,1.8965911034209815,0.4316961970858599
-0.0016841047686368014,0.0017730505725800417,0.4581305264433978,1.8900476754432607,0.4313889520841162
-0.0008394222943057393,-0.004925092476331931,0.45929514078678835,1.8872639528574142,0.43092784453937866
0.0006898924545772684,-0.002269095208060481,0.4585945011396023,1.8957908409989386,0.43153106607953845
-0.00013897485204829156,-0.00015373069248421115,0.458298564352628,1.8944330175970103,0.43155000753443323
-0.0005794721346628684,0.0010409587812321075,0.4581278855608946,1.893776327248716,0.43156694383699745
-0.00026715747409865917,-0.0005062419017214884,0.4583822264319463,1.893598647121677,0.4314867852305074
-0.0009364036908187408,-0.0005098002965492918,0.4584688386281087,1.8909293554919515,0.4313354578805477
-0.0010167143592309906,0.00010253298208199994,0.4583626854085344,1.8911719096114659,0.43137693600618027
0.0012987932593530385,0.0019420994326128378,0.4577110828049924,1.9020837203000502,0.43207823082150526
0.00042015421749370057,-0.0025666765213503365,0.4586860204783345,1.8944438118067597,0.43144129972758405
0.0010097804338070613,0.0017985115661753109,0.4577765308487767,1.9008013380964774,0.43199910223974497
0.0020240065717703017,-0.00425667088824203,0.45880048051719047,1.8992764206504098,0.4316384122743128
1.6344087303911572e-05,-0.0006113076779984164,0.45836567110232596,1.8946312296432581,0.4315405019538373
0.0010684852719805686,-0.00204518503027229,0.45850274166326166,1.8975034146947194,0.4316381960964153
-0.00037332978067118155,0.004433494711967742,0.4574543879724342,1.8977182840729754,0.43194388265050115
0.0009770251423421997,-0.003771207216603057,0.4588436474424205,1.8955554535853076,0.43144968217306745
2.053904001746413e-05,0.002623127344315129,0.4577484716790958,1.8976210826674031,0.43185635884827583
-0.0006066862597497698,0.0011554988264668193,0.45810958518794664,1.8937732037918673,0.43157195621548533
9.771875259680735e-05,-0.002762151512993963,0.45876471551102044,1.8929805361285525,0.43134957610817515
-0.0006153847318633803,0.002179498026760532,0.4579156590518983,1.894680077227102,0.43166970640211294
0.0011644710426966024,-0.0011257161917275608,0.45831480487462467,1.8987297208200857,0.43174930047948257
0.001105996674649307,-0.0013362093611384985,0.45836259640487204,1.8983036769359625,0.431715636507365
0.00024287876422641314,-2.3790414443037585e-05,0.45822440216681426,1.8960730735554667,0.4316487734298285
-0.0012278427206402671,0.000630935872658276,0.45828925173091073,1.8908161837557984,0.43138073011971484
-0.00038218113348478414,-0.0052092099468167155,0.4592911560597519,1.8888248915007457,0.43100337091082186
-0.000814872878620405,-0.0015952438270365205,0.4586596518929451,1.89041673849755,0.4312572512988968
-0.0008208755422031393,-0.001844699767991562,0.4587078310785314,1.8901638038113293,0.43123162555198413
-0.0006768385879950105,-0.004653967765972378,0.4592231050274692,1.8881602236975616,0.4309908851220287
0.0008755340975962811,0.00015355983922701899,0.45810828956962013,1.8987548469914464,0.43180868132647116
0.00025011312429984916,-0.0004917506947957884,0.4583126650571854,1.8956719586993676,0.43160485661703085
6.273639862740876e-05,-0.0004850355658442563,0.45833562233569536,1.8949319718277169,0.43156325424029
-0.0010715861560389127,-0.0028801242334689924,0.4589364216006926,1.8882145894542859,0.43107432835357967
7.324824878127159e-05,0.0019541108857170993,0.4578692476720896,1.8972156745527757,0.4318030900023416
0.00023063609545200353,0.0030898315775634675,0.45763195278118507,1.8988871085429333,0.4319492000116085
-0.001341864469390463,-0.0004908174542140739,0.45851702647381376,1.8893311568541782,0.4312458094286333
-0.0006071700314798631,0.002365206732058688,0.45787921092186734,1.8948835997042446,0.4316896457747135
0.0016673896291224321,-0.0009813644124828224,0.45822151280637335,1.900863709604723,0.4318766914755202
0.0007192418850366446,-0.0004499277665735494,0.45824381609371145,1.89757819754814,0.43171470468540496
-0.000982171815537946,-0.0001984917548499581,0.45841550397248443,1.8910329759449191,0.4313554299774062
-0.0010238244811201687,0.0029698735371072307,0.45781791705012564,1.8937797827365657,0.43165452948047633
0.000580720633396435,0.002278638876434309,0.4577410505685161,1.8995348304644664,0.43194913022797676
0.0003525734108046126,-0.004629420031278655,0.45908731866242525,1.8922824443922497,0.4312254450315566
0.000789179868840911,0.0001854558161660437,0.4581134645899785,1.898440397759386,0.43179231863247924
-0.0023449907836077862,0.0002047187300244501,0.45851240131264565,1.8859715599132585,0.4310870616659462
0.000994771576895976,0.003277592480649605,0.45749573428303625,1.9021021667356692,0.4321397803103516
-0.0010060238417528794,0.0015169098799194742,0.45809223989065395,1.8925144535484966,0.4315170450477082
0.0003277738817961348,-0.0003186368192290252,0.4582696063023387,1.8961402246225385,0.43163921821084805
-0.00027881533133064084,0.0010217176632280058,0.4580927042520879,1.8949562587564568,0.43163289346964767
0.0005673860768337807,0.0012676700344938657,0.4579358290370791,1.8985521042955733,0.431847674726649
-0.00040131821881790857,-0.002510698089757768,0.4587808341008224,1.891223819475084,0.43126148267092973
0.0012968790137726067,0.002491439224180896,0.4576062679376934,1.9025813616436034,0.43213130099801494
-0.0005553110527743799,-5.096919275222918e-05,0.45833265330226214,1.8928691085645928,0.4314660965687162
0.0007942624787032923,-0.003351085128114768,0.4587871917872466,1.8952133803541458,0.431449343767791
0.0004911061926749212,0.004635269666435264,0.4573024809536964,1.9013466721663292,0.43215850537430495
0.0002671292406268492,-0.0013402525268030904,0.4584721501497421,1.8949604103449764,0.4315261189445879
0.002009909623181967,2.5287020445656768e-05,0.45798402715426206,1.903151320132415,0.4320518490060466
0.0002083980497095813,-0.0008048356585309484,0.45837772645647923,1.8952182650158627,0.43156497884749334
0.00017758594027080692,-0.003426618408109401,0.4588809090305346,1.8926888822426569,0.4313029554601976
-0.0012613890521066102,-0.00281605632893413,0.45894833054980233,1.8875170807954227,0.4310377299655836
0.0008871943660444507,-0.0001699750126541307,0.45816852547117715,1.8985039859228257,0.43177981684860695
0.0011337375975940449,-0.0038938941113156604,0.458846783014516,1.8960666587323416,0.43147307415580977
-0.0005895871353077539,0.002795160781361512,0.45779499424044845,1.8953491299422827,0.43173548864918854
-0.0007791266776186215,-0.0035618702925515845,0.45902873398131905,1.8887543143153063,0.4310740071401781
-0.0007332163762422876,-0.0006551823620626957,0.4584704597891837,1.891605331182121,0.4313671528651303
-1.2950864814264165e-05,0.0025020409474793334,0.4577759397050907,1.8973763268308068,0.43183701209586534
0.00130709561943947,0.0029780480598623122,0.4575118244586864,1.90306968818916,0.43218100162176065
0.0005715895619422984,-0.000955360163022512,0.45835938891422207,1.8965261088770808,0.43163222452976907
-0.0004868177421172074,-0.0028282807938802934,0.45885213571752725,1.8905918077552784,0.43121130270246766
0.0012515610742613419,0.0024061620168309675,0.45762855419552395,1.902322553264512,0.4321127807723398
8.758751560012507e-05,-0.0017016031588424703,0.45856413168688814,1.8939136777366408,0.43145046977061763
0.0006637555861142734,0.0009413232939671218,0.45798554724601426,1.898635772735512,0.4318376277817808
0.00015181649441097148,-0.0022219829614074063,0.45865494182354993,1.8936917273490925,0.43141432444104466
0.0002353351133815599,-0.001081448369618065,0.45842694974132603,1.8950714765699697,0.43154413398313934
0.0007266871986043378,0.0011496576301913333,0.4579375545003197,1.8990778235927925,0.4318721004472163
0.0004328486224701988,-0.0008143568046238238,0.4583504907556007,1.896103231560196,0.43161466452126496
0.0014972845165329375,0.0014883955416303762,0.45777170867554057,1.9024564558880348,0.432078784251973
0.0012468147875743147,0.0016115988482652062,0.45778111660306026,1.9015729250039193,0.43203433027990323
0.0006518003748887716,0.0007540272125033426,0.45802285834366924,1.8984160184624221,0.43181669726086896
-0.0010506934148717425,-0.003482699013150551,0.45904815749404937,1.887744987154093,0.4310204342475689
-0.0009196890631246817,0.0011804200935438772,0.45814516981684644,1.8925491065735407,0.4315037627505026
0.0008953460306555238,0.0003541991177640639,0.4580673997626763,1.8990180891746047,0.43183267915215856
8.798519449321955e-05,0.0035219717311675215,0.4575681003929086,1.8987166710071544,0.4319591260840462
-0.0003903282456387645,-0.0034153551022184678,0.4589514081050854,1.8904374878704298,0.4311759657825719
-0.0015197503253602661,-0.0006140571953249779,0.45856309194089984,1.8885090349793028,0.4311936679818237
0.0006875135906732758,0.0014139327104838492,0.4578922131118013,1.899164832793509,0.43188900096057853
-0.00021705511700228258,0.0015697095041538821,0.4579802680127727,1.8957060308010405,0.4317001811306129
-4.7104771976155264e-05,-0.0013852942196096545,0.4585212516077669,1.8936677168290985,0.43145087107562635
-0.0003714509108527133,0.001450160549925519,0.4580230547216426,1.8949811440648157,0.43165371347291626
0.0009367515953371906,-0.0021516615719242424,0.45854014504983154,1.8968813207186845,0.431598142001424
-0.0009703038575765773,0.0002374124219140102,0.4583310844723758,1.8914807611145665,0.4314005374930398
0.0020864233532732653,-0.002239262869548259,0.45840698840600075,1.9013758567632288,0.43184870576892004
-0.0012293467974486762,0.0008048720576713241,0.45825637054733,1.8909700461278067,0.43139732380643014
0.0004999517030225883,-0.0011705726749138116,0.458409702173126,1.8960432433007448,0.43159512884589496
-2.5295348758278663e-05,0.0009317116286372361,0.4580770205925577,1.8958832413250561,0.4316813121886944
-0.0017104242068614161,-4.259962528809219e-05,0.45847883105944653,1.88827402317525,0.43120624892258574
0.000589681733429196,0.0017721198944926683,0.4578366081948806,1.8991046864181775,0.43190182253560827
0.0011436286953722774,-0.00013465441380811047,0.4581283086078869,1.8995571549836576,0.4318410596586596
-0.0014136858951637732,0.002576541825197763,0.457943041589063,1.8918643732969644,0.4315282368760404
0.0007565712769070929,-0.0012184273085434681,0.4583855528988382,1.897020936586446,0.43164832907122047
0.0010153982456196026,0.0019932035462120285,0.45773858360567377,1.9010027419417586,0.4320193286203833
-0.00013646771403175528,-0.004523347987634379,0.4591296175683574,1.8904323255370459,0.4311254755434895
-0.0004591981989794624,-0.0014486343181771854,0.45858625569955724,1.8919682335286934,0.43135175705482787
-0.0008201960575660149,-0.0001546706152720238,0.4583864105856811,1.8917185830459884,0.4313962423011536
-0.0010596675600607938,0.0007479328929113942,0.4582454424735934,1.891593844420006,0.4314300708310304
0.0018518228432862984,-0.0022786027664320726,0.4584452158682163,1.9004063983663972,0.4317920215286698
0.0010203071943636094,-0.0010183311838896328,0.4583130913701985,1.8982545396118355,0.43172725533269474
0.0005333288252736459,-0.0002427960091758405,0.45822847087705676,1.8970283335500369,0.4316929491869235
0.0012577735592969928,-0.0013606302788153138,0.458347483304222,1.8988853295534638,0.4317474700039875
0.0007186945814505679,-0.0014833975043431603,0.4584409949255004,1.8966268324957267,0.4316140058042956
0.0002247142269236142,-2.5748136174831355e-05,0.4582271298672511,1.8959989439755303,0.4316444866613767
0.0010671391698676136,-0.0030232941471148994,0.4586894434102169,1.896600323346539,0.43154273915669084
-0.0013217553755558982,0.0026695212346274375,0.45791352178715344,1.892316265337305,0.4315580406798622
0.0003784213755644968,0.0032554979064539397,0.4575809653713723,1.8996280152621854,0.43199866426477224
-0.001008927856276442,0.00040537059653125387,0.45830409189365523,1.8914812031940171,0.4314081719147832
0.0005911206873263124,0.003388315140657321,0.4575276820663455,1.9005971169776599,0.43205956331918594
-5.158907563100727e-05,-0.0008573641016413132,0.4584213028180454,1.8941346838759747,0.43150123414852537
0.0007005255030796585,-0.0001947239973565863,0.4581975620113483,1.8977381446303123,0.4317353248064575
-0.0007328991265859103,0.0014615902432011769,0.45806758223765465,1.8935517866801808,0.43157328456647076
-0.0018640464086453299,-0.0019440846487739725,0.45885914346063505,1.8859154943650118,0.4309865345252006
0.0013330268454128282,-0.0009571051111158156,0.45826062017946756,1.8995554187103614,0.43180370000121576
-0.0003165690002761654,0.0007129878237976347,0.45815640485615367,1.8945221148252012,0.43159432014295157
0.001098271065642111,0.001013806939878945,0.4579148701143917,1.9004320934174344,0.4319426401047308
-0.0009433556125389431,-0.0010875400830675094,0.45857956134637745,1.8903710339099067,0.43127766461906514
0.001026967679993757,-0.00022735258619493046,0.45816124559441657,1.8990076420448774,0.43180574017306156
-0.0006169839357032932,0.0016760165232545068,0.4580117804385506,1.8942107225601728,0.43162031576502297
0.0011169219055051118,0.004171741759901541,0.45730853551236844,1.9034113245787425,0.43225442960622174
-0.0010521520421909105,-0.0013535822692009609,0.45864400889125717,1.8896932482414825,0.4312272274564572
-0.000677691803608101,0.0006817189897640672,0.45820894199916284,1.8930548578711603,0.4315098104577512
-0.0004660382770542142,0.002138763211091538,0.4579040812559495,1.8952375525237168,0.43169943159432494
-0.0026276462592207655,0.0018445289750057166,0.4582371305168909,1.8863516768505784,0.43118288028262447
-0.000628274464599219,-0.0005258126419473457,0.45843238832825534,1.8921422275255646,0.431403419266735
0.0005556548844846026,0.00038978968142898375,0.4581048949403824,1.8976984796336283,0.43175956005089877
-0.000989172015703054,0.0028791701748900342,0.45783071415381116,1.893834414865262,0.43165351404491864
0.0005636015658000388,-0.0009417879599690731,0.45835783700664423,1.8965067717902166,0.43163174433244084
0.0002042392672847827,-0.002120151944581791,0.4586288046485253,1.8939939493444868,0.43143605322170236
-0.0011997741042389638,-0.0005762063263196959,0.4585151246736873,1.8898189468143434,0.4312695651689482
0.0003569509225448642,0.00019556920228973448,0.4581677769008347,1.8967288518162877,0.431695849313519
-0.0007569826321390286,-0.002655986631299251,0.45885384747962166,1.8896736967640155,0.43116711447836537
-0.0016379470472524856,0.0030626686923206406,0.4578793837727741,1.8914177425601388,0.43152496757922726
0.0003607923961226372,-0.0015345627622469636,0.4584970712802964,1.8951549315642755,0.43152833171109284
0.0011589580239586169,0.0010366636945003422,0.4579025452912434,1.9006946539055383,0.43195854484432766
-0.00040315846690898763,-0.0011758478530314428,0.4585271669891823,1.8924419424016596,0.43139094258235555
0.001111985193265923,0.0006286738975800494,0.45798665248239223,1.900132670736505,0.43190823478619145
0.0015962410765702245,0.0006963973614789821,0.4579101445075564,1.9021221510112925,0.43202397037606044
-0.0005702761257244686,-0.001148063360930695,0.4585433221097656,1.8918017667617741,0.4313559472235264
-0.000686255737211237,0.0004874917855601655,0.45824701444850413,1.8928422424167062,0.43148897020303284
0.0002479104081732514,0.0011643985231453119,0.4579971654939995,1.897185113826921,0.43176558118957054
0.00044061922543032805,-0.0020135271349315206,0.45857801466493,1.8950330280649668,0.4314997285285435
-0.000198812625743115,-0.0018050662029372917,0.45862065869008717,1.8926781047918497,0.43137580993484537
0.0004705691289556124,-0.0025222651768381644,0.4586710621173564,1.894685297126425,0.43145698748357425
-0.0005663546032191131,-0.0016453468321923504,0.4586373989169297,1.891360772867923,0.43130844350448344
-0.0006019876365185579,-0.0004924940090830715,0.4584226741305451,1.8922775507052385,0.43141259233763574
0.0014732618298947755,-0.0004901779103890948,0.4581530910870469,1.9005424084556566,0.4318807490161595
-0.0013973796543436038,-0.0005782657023861113,0.4585407144541507,1.889029596273203,0.43122476971974705
0.000729492293089376,0.001062263216145849,0.4579538744917434,1.8990086503469479,0.4318642236334729
0.00023333667864154474,0.003820969646603477,0.4574919679929833,1.8995706687649947,0.4320210354786656
0.0010810052429863783,0.00017550505836913226,0.4580772629915154,1.8995928924798482,0.43185713537923565
0.0011844808057411595,-0.0025681943275323903,0.4585874417201177,1.8974850094213702,0.43161345871329393
-0.000164915515164726,-0.0016619143486798678,0.4585890617673436,1.8929445355612284,0.43139738385334037
0.0001732314474918201,0.003102857445903763,0.45763697256341673,1.8986704983179807,0.4319375231778629
-0.0004823194035609712,0.0030564709529264248,0.45773125717243396,1.8960168428354385,0.4317851409897938
-0.000993831740589429,0.002736173084260215,0.45785854949370114,1.893684304121307,0.4316385345219569
-0.0016481828920144872,-0.0016284575100176028,0.45877196342404303,1.8870656472427412,0.4310659690358323
0.0009715091010834299,-0.00017570128805752472,0.4581586221275519,1.898834347336561,0.43179826629890783
0.0001409944321313883,-2.393364428018626e-05,0.45823763053393063,1.8956672321874455,0.4316257835129698
0.00017637521467995013,-0.00034272379156584284,0.4582938076376452,1.8955152373193633,0.43160273294178897
-0.0009515963467012059,-0.0005564485667415213,0.45847965231494403,1.8908259744286444,0.4313274898388974
0.00010832147693174211,-0.0017263137139163038,0.4585661661819467,1.8939735569020735,0.4314527413031453
0.00045424081676184833,0.0033818981631061696,0.457546877186155,1.9000462190684526,0.4320280743911506
-0.0015955264457102741,-0.00104416471467341,0.4586543882729749,1.8878120138289374,0.43113470846399354
-0.00027245214374031204,3.657792574048351e-05,0.4582795450967984,1.8940762484730105,0.43153842512252816
9.312033980536451e-05,-0.001390565130271164,0.45850418845793783,1.8942213012637046,0.4314819826231446
-3.264166850335932e-05,1.168034513759315e-05,0.45825331327464536,1.8950084771755922,0.43159009069270027
-8.352951898496895e-05,0.0029556715399421457,0.45769858550171916,1.8975125370111208,0.43186527773491185
0.00012654204023224806,-0.0028338227413675066,0.4587746540812893,1.8930295423448982,0.4313491043239214
-0.0015222738799743527,0.0011345714027155055,0.45823118728152834,1.8901057088011524,0.4313633121487895
-0.0003313833053547276,-0.0011857994730844331,0.45851984194385026,1.8927186932439646,0.43140616455235564
-0.0013170221872814674,-0.000591167591707378,0.4585329243705897,1.8893379798802254,0.43124164943973603
-8.824348840437493e-05,-0.001315830731345046,0.45851332303509873,1.8935676663341399,0.4314483521207987
-0.00034136044895236565,0.0017012039741593813,0.45797131739771735,1.8953318183829384,0.4316849462884962
0.0007625564995094708,0.0010495645639572917,0.4579519788461144,1.8991286056975711,0.43187044157598464
-0.000168218483907537,-0.0026040726175169224,0.45876875182736604,1.8920665384290056,0.4313049768000335
0.0007548866492456656,0.0028713168627448426,0.45760497462697375,1.9007734157005416,0.4320461246568545
0.0012388927690894836,0.0022338421133050496,0.45766317970429576,1.9021136330345751,0.43209314229953666
0.0002698987886807125,0.0007210114121278633,0.45807887751863463,1.8968651090632038,0.43172737106087355
-1.30647190741219e-05,0.0024058398087454694,0.45779430825587575,1.8972873873838745,0.4318276169006043
-0.0002608100392165844,0.004119034487888452,0.4574997098564797,1.897877008346802,0.43193862475575445
0.0007558881037378429,-0.0006165430199628605,0.45827083625367004,1.897571028113918,0.4317067501244732
-9.746755007840995e-07,-0.003084665429670762,0.45883874326660745,1.8922915690656004,0.4312959472602709
-0.0007112304237995626,-0.0005751035399817987,0.4584524090053786,1.8917664748354528,0.43137990667139353
0.0023792405492002043,-0.0015605398330169,0.45823874483040455,1.9031638213603785,0.43198071069735894
0.0008920914177996075,0.00014760323292511466,0.4581072661438902,1.8988152830877927,0.43181183405108914
-0.00028708828160566973,0.001200046651270516,0.4580597945543152,1.89508723557487,0.43164839012888695
-0.0019356513048084108,0.0018138689031202643,0.4581549149711432,1.8890825120147108,0.4313361426626575
0.0018794519578833014,0.0005683622160685038,0.4578973287874447,1.9031313715953928,0.4320753234436656
-5.9810482605644444e-05,0.0003080021247045624,0.4582003649373618,1.8951725577980643,0.43161280776406313
0.0006441553828235518,-0.0009398726291668925,0.4583470217295979,1.8968292323559743,0.4316500925502684
0.00011748478405498546,0.0009682309676399736,0.45805153069576265,1.8964854161156683,0.4317170688010975
-0.00033897616652314624,0.0007476761966799274,0.45815269229115846,1.8944647460393476,0.4315926428245946
0.0003243357802873915,0.0013716860936577985,0.4579476701075166,1.8976800005667485,0.43180299860922383
-0.0009580953457845527,-0.0010274051858464711,0.4585700141642175,1.8903675308645649,0.4312801906623563
-0.00041406717036704524,0.0022990188039045054,0.45786679897809013,1.8955919601283349,0.4317267626668625
0.00024237845553801675,-0.0031725821565860113,0.45882425017974604,1.8931799523747337,0.4313422746998224
-0.0012398655746825144,0.00372270240955558,0.45770246014439175,1.8936115878264164,0.4316791114369725
0.00032936345492440197,-0.0024831590536025833,0.45868181320005263,1.8941589719593162,0.4314289525833296
-0.000883725886221586,0.0002736170670312975,0.4583130901272968,1.8918589811187319,0.4314235969403305
0.0013856418373131185,0.003108164786152575,0.45747654456739917,1.9035020135701675,0.4322113798504411
-0.0003541609757962272,-0.0005735800557764176,0.458406247859625,1.893190253382837,0.43146060648647727
0.0018640165175285916,-0.0018843799246583118,0.458368305360105,1.900816825806971,0.43183312503495547
0.0015185314044215794,0.0006508684593531664,0.4579290699592472,1.90177106701518,0.4320020252453654
9.175882648551686e-05,0.0024703231594602453,0.4577683441244177,1.8977641550994386,0.4318575384317027
0.0004689302406837135,-0.0016041831316131706,0.4584963599464889,1.8955215638330392,0.43154594049879647
-0.0014794145718426306,3.1091534606582355e-05,0.45843541040324165,1.889262442377582,0.4312655632350927
0.0004975006960775989,0.0026245361255001483,0.4576858827131217,1.8995216569185123,0.43196405514887937
-0.002536533482624835,0.00257584579767347,0.4580867696210389,1.8873875241361007,0.4312746744124045
0.0006014288322007596,0.002912852565314007,0.4576171832607087,1.900200680439514,0.4320155715535035
0.0007738616436348406,0.0004096770150404612,0.4580726644943913,1.898585467816909,0.43181069257157895
0.0004194681522261556,0.0007655710566949427,0.45805092628603694,1.8975016186751212,0.43176543637560744
-0.0006094760176503061,-0.00021863155999117238,0.4583715254192475,1.8924993006833943,0.43143755778884363
0.00012494989558437314,-0.0008647345588796355,0.4583999227629755,1.8948309520525883,0.4315403309777712
-0.0014223049221126932,-0.00277391864705103,0.4589607099021592,1.8869144975348193,0.4310055137964196
0.0004902875403309387,0.001000102856835889,0.4579969525474087,1.8979991694957576,0.43180423897277304
0.0001054097198752597,-0.002244566195132651,0.4586652113252221,1.8934862016622045,0.43140166206286656
0.000826912412277224,-0.0007510239049576057,0.4582872553299959,1.8977302356518577,0.4317096736056117
-0.002014690681961332,0.003006395027138221,0.4579383994450071,1.8898641968114647,0.43143443837542045
-0.0014484440322013253,0.004328677765932864,0.45761401428619863,1.8933380755010254,0.43169107587007427
0.0005178557447673859,-0.0008457744573469689,0.4583454624797522,1.896412827745656,0.4316307740502762
-0.0022828888754464222,-0.0013512139374371455,0.4587995773948823,1.8847900656963938,0.430949659901826
0.0014386567819575698,0.0026139956516620863,0.4575641059447474,1.9032583526835776,0.43217519250226
0.00025212007140523133,-0.0032887051373096795,0.45884509981926436,1.893112197770103,0.4313331766712116
-0.000369995100810802,-0.0005432152096317719,0.45840250539020244,1.8931550759800428,0.43145999002221863
0.00044892774705876723,-0.00024024994661575418,0.4582389452151181,1.896694633234567,0.431674166569106
0.00033548611540786693,-0.0031347015768326764,0.45880507571604023,1.8935854401044239,0.43136695428944144
-0.0006243302730390437,0.0027701701056223288,0.45780426181073786,1.895187732287472,0.4317252162403426
-0.0014107151309126443,0.0017759142999188664,0.45809495850811816,1.8911399289137556,0.4314509378385825
0.0022420703120675334,0.0012526896679153066,0.4577183868327276,1.9052030848677448,0.4322236514102433
-0.0013483706305570688,0.0023941902249121987,0.45796933842041343,1.8919569539855035,0.43152521838064517
-0.0018002222334505312,0.000649890665587633,0.45835875231526535,1.8885523946483866,0.43125338697365817
-0.0003965067836639967,0.0023817878301874104,0.4578487430384116,1.895738035221432,0.4317387849974845
0.0011446993638989432,0.00036580679766333435,0.4580325837768033,1.9000212910314667,0.4318900179221654
0.0017401080750189379,0.0018901118408265376,0.4576628007927407,1.9037921250247225,0.43217262512727284
-0.00046404216016186447,-0.0018885913865978278,0.45867055862009753,1.891545008031659,0.4313078567744014
0.0023903813895774662,-0.0007789250347540202,0.45808772361445993,1.9039259956283312,0.43205928506062563
0.000399603565039005,-0.00022282050759978874,0.45824202279650006,1.8965142574216112,0.4316647412513043
-0.00045859637113440974,-0.0030920718868090134,0.4588986735200915,1.8904621688907821,0.4311920099321177
-0.00014035257743948205,-0.00022036967334284252,0.45831143524805024,1.8943663074773647,0.4315432105413235
0.000953853364374995,-0.0009891132519348933,0.4583161665960246,1.8980168588411153,0.43171511882656965
-0.0015186081258008568,-0.002064476553250767,0.4588382876976885,1.8871818064446069,0.4310527933628953
-3.841447350364356e-05,0.00048098465807518056,0.4581646309108446,1.8954167337705634,0.4316344728450007
0.000703990504269569,-0.0007355669703938287,0.4583002867739916,1.8972550943087048,0.4316834658926486
0.0005241663882746675,0.00027709625734279064,0.458130492874692,1.8974695504280554,0.43174148983089417
0.001639973532956556,-0.00010681333045004165,0.45805796317672076,1.901558027945974,0.43195563355315514
0.00014032393903425287,0.0010901752019182914,0.4580253096039426,1.896688461763049,0.43173409230516385
0.0011835755082473863,-0.0017723335235920886,0.45843572345807276,1.8982119887997055,0.4316906853539943
-0.0004597691052168798,-0.0005285136105920337,0.45841125442107855,1.8928109884009585,0.43144116986705655
-0.0020698328139651424,0.0025077181507016703,0.45804021965104413,1.8891856612460687,0.43137341917355476
0.0010421261285518454,4.294355371480068e-05,0.4581076582596264,1.8993163301429374,0.43183546749268936
0.003269273996630893,0.002448897322290988,0.4573519129017841,1.9103884445358663,0.4325715008717691
0.001964781219710122,0.0030236686980610853,0.45741594720577516,1.9057288035557363,0.4323336583143156
0.0008795504593450221,-0.0027260009164687825,0.4586570525421155,1.8961264674219522,0.4315293729011653
0.001487873643244498,0.0008093753786691815,0.4579027954407354,1.9017947587413226,0.4320105481393282
-0.0011614451710114265,0.00010257607260767694,0.4583812081111599,1.8905952526638494,0.43134428097870287
0.0007332302566791089,0.0018954958102739875,0.4577942617818592,1.8997896362645936,0.43194620188655636
0.000170495433522212,-0.0010056218723432661,0.45842088018679017,1.8948829236156974,0.4315368912740867
0.0007431779047955302,-0.001465544573130248,0.45843441573151567,1.8967406922609884,0.43162126269127216
-7.484466179090385e-05,0.0014712898882678538,0.4579805803603603,1.8961819372289361,0.43172267352698773
-0.00139817502065103,0.0007222338887182315,0.45829369377039625,1.8902213008237811,0.4313511772530726
-0.001902073385752638,-0.0017858995153629282,0.4588339475199318,1.8859091245562136,0.430993340409102
-0.0011958077279892688,-0.00017256231161521965,0.458437904316039,1.890205542751909,0.43130974588869725
0.0006944785963277464,-9.696535841781897e-05,0.45817969689096205,1.8978038900231258,0.4317434770492916
0.0008876001603126631,0.00018571636667211446,0.45810057639845514,1.8988324274246584,0.4318145316863742
-0.00019889923574130847,0.0009490074755370178,0.4580962164587571,1.895207726249503,0.431643840312036
-0.00023118355218357633,0.00026120174056177284,0.45823143481105866,1.894447016783064,0.43156959894526636
0.0010114478907671854,-0.001098467545578578,0.4583295370398207,1.8981456772568812,0.4317174596908154
0.0011192601343855192,-0.0021341020477448464,0.4585131077433937,1.897623881770274,0.43164098992706296
-0.0002128858749602743,-0.003344787069475472,0.4589153369158728,1.8912089651622337,0.4312228528432808
-0.0005150685210260912,0.003063848094451919,0.45773410452387153,1.8958931719668006,0.4317784715393794
0.000346807466678802,0.0024481698638551303,0.4577392763228092,1.8987594094360063,0.43191289757204043
-0.0014277060253243426,-0.0019493050433289862,0.4588049069922864,1.8876497979628897,0.43108451432371875
0.00045371403062251947,0.0015969850114200674,0.4578878045054185,1.8984022956190312,0.43185411052373807
0.0008129340169754729,-0.0032274381388580613,0.45876122361112714,1.8954011536469104,0.43146557951839526
0.0004970192835857861,-0.00013875083591546604,0.458213343759572,1.896979361962715,0.4316948896417478
0.00011761547419576212,0.0009201536318706886,0.45806068133870514,1.8964417440744554,0.4317124174300573
-0.0002719827957344135,-0.003263405557840449,0.4589074157653026,1.891048258723247,0.43121743879697444
-0.0010388337077515259,-0.002789126250591014,0.4589149860643824,1.8884285904792977,0.4310905702502449
-0.0012790096001497261,-0.00025723560214666453,0.45846462440057545,1.8897962049323203,0.43128272830731695
0.0012713023813094911,-0.0013764222489325304,0.45834873400014536,1.8989246707700005,0.4317489824991989
-0.0007424011321953141,-0.0022145985020100532,0.45876811588646005,1.8901368891784516,0.4312133429820389
-0.001680485365839314,0.00012872957883794644,0.4584424846702526,1.8885507639354902,0.4312296832936097
-0.00047182166076908467,-0.0004628947539119212,0.45840031554856675,1.8928232555888507,0.4314448374553019
-0.0009345101839073258,0.0009396309229578031,0.45819289757413956,1.8922687207851412,0.4314769750551312
-0.0011687016022799473,0.0010593872896026868,0.458200190604796,1.8914456437289366,0.4314357885128904
-0.0006431839077295591,0.0015213447505933013,0.4580446243051284,1.89396413811301,0.4315993438619031
-0.0008636305318613796,0.0008550194195033344,0.45819988521726734,1.8924733549195871,0.4314847304595758
0.0004283818125769593,-0.00015292870192130259,0.45822496060333523,1.8966930543507092,0.43167803326476223
0.0015898988152902869,0.00033952671736225303,0.45797921369676475,1.901768919625052,0.43198779822170924
-0.0008634639491002203,0.0013358307588710238,0.4581083529372373,1.8929159887921914,0.4315315807792099
-0.0008015708971701711,-0.0010431695477190835,0.4585529975937087,1.8909766708301285,0.4313139729976188
1.1947726207478796e-05,0.0003510160246729614,0.45818287957222115,1.8954978625034076,0.4316331790306459
0.0016597746829733878,-0.003369778621339567,0.4586786078961031,1.8986408566671507,0.43164260016820016
-0.000250360641441204,0.002180950322543078,0.45786806105227273,1.8961354473132312,0.431752192069955
-0.0001551582056638249,0.0006202156886467019,0.4581532088619096,1.89507974041816,0.4316216962832188
0.0014863510222235937,-0.002376719262837523,0.45851164950555734,1.898862107836312,0.43170012076260283
4.3045943620320755e-05,0.0015315506539663546,0.45795377600761844,1.896706845635958,0.43175513003506233
-0.0005709333307395623,-0.003382562234800221,0.4589681955812447,1.889748175203806,0.43113841462317165
-0.0009721424956429096,0.0003752513926724848,0.4583051024011134,1.8916000945667808,0.4314135403602287
0.00018484157467483744,0.0035594529630646335,0.45754826883358457,1.8991368757472058,0.4319846210282963
0.0012928333913796275,-0.0029879634475436213,0.4586534443000911,1.897531002559911,0.43159704563381335
0.0010103237556542122,0.001767243433531833,0.4577824351188853,1.9007747475171994,0.431996179763508
0.001578001794984541,-0.0002942983981428894,0.45810193244797137,1.9011391674812697,0.4319234187769144
-0.0005417033601635284,0.0002837590334967899,0.45826718670094063,1.8932308748259803,0.43150174889867354
0.00150659083535656,0.0012040627935153761,0.45782486216916185,1.902232070967769,0.4320531952204429
0.0016530403575753915,0.0015203642131456417,0.45774505619862815,1.903105661982816,0.43211699815116844
-0.000572571218426423,-0.0019546076454143267,0.4586970007369551,1.8910520902230326,0.4312769511896421
0.0018042156489937575,-0.0029254107610796015,0.4585749635633493,1.8996233237779552,0.43171837100289334
-0.00034071266357758786,-0.000612980179196426,0.4584120172541629,1.8932076283656258,0.4314598054265641
-0.0008875809024065473,-0.001104346521745042,0.45857562835088017,1.8905778188485005,0.431288613751903
6.074144617357156e-06,0.004596042636107006,0.4573737138370258,1.8993790928961252,0.43204530111026224
-6.301150891680872e-05,-0.0010112521182251417,0.458452080544266,1.8939478587945184,0.43148368201947773
0.00012087573555171366,0.0018158916282780704,0.45788941568380526,1.8972782396999708,0.4318003711067274
-0.0007947692677989569,-0.0007839941592077569,0.45850284422206955,1.8912417966774715,0.43134072949088825
-0.0017019249545178,0.00135761103180334,0.45821176160053934,1.8895947018589256,0.43134447789581876
0.0006632822450379778,0.002903001594666116,0.45761094861304163,1.9004378747662518,0.4320285579364585
-0.0011672255066362115,0.0042059372454047355,0.4576010158155568,1.8943458116361478,0.4317425847452979
0.0008501680224207512,-0.0005314286348938196,0.4582423298409085,1.8980245269285465,0.43173628859557317
-0.0003809235133578301,-0.0005991075649796766,0.4584145503818653,1.8930602056952723,0.43145208515365774
-0.0011818215043395467,0.0014911236156646421,0.45811974791005194,1.8917902487065645,0.4314748639483008
-0.0005919205010401956,-0.0013978406611629688,0.45859360303231533,1.8914861825826852,0.4313267589791457
0.0005034074045489905,0.00021785482214266194,0.4581444942568707,1.8973324611986255,0.43173104230696224
-0.000568979728112896,-0.00045453367830741015,0.4584112116647884,1.8924439107495588,0.43142373336770373
-0.00047919588590763926,0.002605406255211101,0.45781684443029697,1.895614334664833,0.43174191072992424
0.0009768445110218456,-0.0014058439579658214,0.4583926862192579,1.8977256647054215,0.43167974796347536
-3.890261048829344e-05,0.002654613050364086,0.45775021142961203,1.8974133151666843,0.431846019119208
-0.0002801491967400089,0.00344720173761318,0.4576304309971596,1.8971816697420305,0.43186880910250997
0.0004339766627471858,0.001295046339934186,0.4579480066909669,1.8980461028098892,0.43182025936583057
-0.0020247913358987595,0.0016435878589798158,0.45819863238355873,1.8885705978808247,0.4312994375449093
0.00033128065876144105,0.0011270247728873684,0.45799344591204305,1.8974827300289425,0.43178074243103703
0.0004692648344823525,0.0010210130047826399,0.45799570191062944,1.897934688295962,0.4318015346415102
-0.0004953963908792622,0.0017435180451303817,0.45798319899520074,1.8947571472885192,0.4316543188200602
6.162413533709062e-05,-0.002030311920446843,0.45863005665076606,1.8935085129179547,0.43141263242618627
-0.0009926010716067486,0.00031328698373562244,0.45831951245005964,1.8914616395637625,0.43140289212542476
0.00032754599696428277,-0.004272042942522923,0.4590225379483849,1.8925105173407182,0.4312545522135406
-0.002012080843208221,0.0020348308461149195,0.4581226909261208,1.888981005871767,0.43134040494669035
-1.1234953357950548e-05,0.0055197379737831325,0.45719951581994095,1.9001607486825476,0.432131415735733
-0.0014944787435102402,-0.0004801891528737347,0.4585344515839271,1.888732714078998,0.4312124002014214
-0.0005848014707991008,0.001080140864382886,0.45812111176197795,1.893791113811374,0.4315695563768762
0.0013748398355920434,0.0031249609728949963,0.4574747584141628,1.9034744780523116,0.4322105814265844
-0.0009840186083264035,0.002392043424247068,0.45792281308394156,1.8934068715712804,0.43160723220697006
-0.001186040052204126,0.0005973345529611738,0.4582902865800715,1.8909518820645346,0.431386892609973
0.00016712711859914904,0.0012031060686003006,0.45800028803850645,1.8968990119958589,0.4317511324527545
-0.0007802830191325379,0.0025918979689308194,0.45785842604657456,1.8944024379075237,0.43167266713572705
-6.644632291885223e-05,-3.712960169216626e-05,0.4582669829686834,1.8948290020545782,0.4315777153909403
-0.0002599448283554168,-0.0020665827730291723,0.45867826137057455,1.892194550031185,0.4313365774047322
0.0007041650536134358,0.0006513391050168222,0.458035628163805,1.8985301061283588,0.431818505913035
0.0004443391890132664,0.003613404220426705,0.4575039438795605,1.9002198357592301,0.4320483950127744
-0.0008460529288488634,-0.0005500238717227494,0.45846491877864737,1.8912523829129564,0.4313519290868489
7.436362942110462e-06,0.00165921876611453,0.457934056441199,1.896682417134236,0.43175953064600336
-0.0001734576877471298,0.0018113180146358719,0.457928551322792,1.896101830572467,0.4317335420197177
0.00044576584673407417,-0.0034109287189881383,0.45884348191556396,1.893771084685579,0.4313649530926712
-0.0006660261302777068,-0.003939924301351192,0.45908616037521077,1.8888581026294902,0.43106275700466695
-0.00027868081950253875,-0.0008082740867244505,0.45844121019262035,1.8932753241378126,0.4314547913052686
0.0005758692767810386,0.00033079497539239807,0.45811351955300483,1.8977247451153794,0.4317583747364193
-6.223433548158507e-05,0.0024486775053196583,0.4577925388548927,1.8971309653199087,0.43182069924816874
0.0005807086989764421,-0.0023877427473901107,0.4586312210642931,1.8952472653179282,0.43149490718767786
-0.0006731801688323656,0.0006366990167636807,0.4582169308299173,1.8930314558589734,0.4315064455245432
0.001662175500982836,-0.00038356660305392733,0.45810795000603544,1.9013920988111954,0.43193369835365003
-0.00016641299935785413,0.0005155421776337881,0.45817460941179955,1.8949387166592684,0.431608967629481
0.0007641993699925391,-0.0001745125348464004,0.45818541686087055,1.8980101987446556,0.4317516473392671
0.00028765629127153343,-0.0008166797847420164,0.4583697323227901,1.8955229862041096,0.4315816990812275
-0.0005371079366758129,-0.001540031301922065,0.45861362498027164,1.891573970757373,0.4313252885783121
0.0006433196556041838,-0.0010791897643938082,0.45837369674318285,1.8966979527869696,0.4316363461873063
0.0005368367037754306,0.0007880883923643372,0.4580313453350844,1.8979896212868208,0.4317940928757907
0.0009508144340639682,-0.005209538699344455,0.45912098152720604,1.8941321337691093,0.43130391339957147
-0.0009428406459260219,-0.0023673841152995596,0.4588226869480716,1.8891980991612347,0.4311532558539469
-0.00015978114540582647,0.0015629189959116576,0.45797413370747075,1.8959279028612739,0.4317124384447844
0.0024740347582505656,0.002999894629793595,0.4573526618959455,1.9077328219182348,0.43244607190067214
0.001325925848907644,0.0007414712684690485,0.457937050906592,1.9010878417701988,0.4319674379196383
-0.0003776406337317545,0.0010406017913363382,0.4581018874294599,1.8945799823948077,0.4316124399041724
-0.002126615576831469,0.0018087194921745811,0.45818024571781657,1.8883164867388242,0.43129252816471647
8.48667808594674e-06,0.0011993894783133196,0.45802160535838643,1.8962638385372115,0.4317149932110013
-0.0010051940275273904,-0.002125974748480985,0.458784767053692,1.8891712448132498,0.43116267216074666
-0.0006278671203181358,-8.414076771467554e-05,0.45834829604113186,1.8925495962811931,0.43144649924493267
0.00034096644415907036,-0.0006890579166716228,0.4583385080960044,1.8958524787814053,0.4316061406981576
0.00034151389467162796,0.0013219584729715964,0.4579549207654351,1.8977026830705572,0.4318020302326953
-0.0011332156799943656,-0.00019710631039772934,0.458434568335921,1.8904324083866941,0.43132148167053885
-0.0015208040362069725,-0.0010652072181553266,0.4586488921735252,1.8880904964190537,0.4311495260303845
0.0008839234926656111,-0.0013886785700558569,0.45840148736427,1.8973715514715856,0.4316604716624499
0.0018201214768155936,0.0009822451681036615,0.4578259681064965,1.9032757471851385,0.43210225072599506
0.0008690010758009232,0.00020252612602276947,0.45809979455154304,1.898773836761465,0.4318119751762534
0.0008450573483574406,0.0021257091721735696,0.4577356220824305,1.9004465320644415,0.43199383278979386
0.00010459436658637395,-0.0010293363148733416,0.45843390713503174,1.8945987176051076,0.4315197218571304
-0.0005368789675406873,0.003752613421612374,0.4576056030927089,1.8964400673404622,0.43184064775613046
-0.00017888624677444336,-0.000889056751054961,0.45844374201581006,1.8935985971753893,0.4314694388817842
-0.000691403695158206,-0.003275427583445038,0.45896317783036633,1.8893665628201328,0.4311216570819672
-0.00048768799841609757,0.0006314751550366072,0.4581940215123316,1.8937655860313898,0.4315477837895242
-0.0004745129714150271,-0.0014748797532809417,0.45859321170391415,1.8918831315066913,0.43134574853913615
0.0004001557754852072,0.0008940292143704084,0.458028932189118,1.8975427970290186,0.43177358819801304
-0.00042622164012042114,0.0005991590601660013,0.45819224564220085,1.8939807300087736,0.4315585036389685
-0.0009504106504669819,0.0016733656678207375,0.45805530160268304,1.8928798896354506,0.4315448285292619
-0.0009629234753851209,-0.0006541117564728626,0.45849966929940567,1.8906911374657158,0.4313154291573529
0.00013292982747496694,-0.0008153795015608735,0.4583894891681863,1.894908060680046,0.43154693380217446
-0.0011185886292760297,0.004081775765924477,0.457618372266007,1.8944253405232285,0.43174146342371544
0.0014818512658686114,-0.0033915617318349533,0.45870589259544614,1.8979128796597031,0.43160038680905166
0.0001186971021794201,-0.0024662231358685443,0.4587056964988381,1.8933356639097103,0.4313830946540387
0.000304827352906724,-0.002535187075877976,0.4586948800063281,1.8940135246780303,0.43141835853535665
0.0005678129204663838,0.001034125929522454,0.4579803514583843,1.8983391071815332,0.4318250315961689
0.0016693838372092268,0.002344404647871808,0.45758519954980503,1.903928531694207,0.43220093189559994
-0.0004473978165734122,0.001840229230798491,0.4579585581397292,1.8950372748408404,0.43167456440284735
-0.0004479741572084459,-0.0002193472080489821,0.4583508914922697,1.8931419837672345,0.43147392150870967
-0.0004884731843018554,-0.003427202804512575,0.4589661728757506,1.8900356899474906,0.4311526745783147
0.0005895800897220836,-0.003954903354392377,0.4589285519146665,1.8938446389211379,0.43134447367978385
-0.00023014178931005154,0.0010225438592097469,0.45808624762557704,1.8951508845259841,0.43164395286064966
0.00011178037694607074,-0.0030662989528809255,0.45882078916400504,1.892757435693367,0.43132316210958555
-0.0006343161477907025,0.0013247075667648018,0.4580809278901282,1.8938186850271874,0.4315821979318495
0.0010745363129219308,0.003105829279437845,0.45751806975884024,1.9022616250564606,0.4321410289092768
-0.0017728516677521467,0.0008953564790465048,0.45830864017099293,1.8888870897513488,0.43128346216641666
-0.0004703631378509778,0.0014880686348063392,0.4580286295233773,1.8946219951521597,0.4316350917465174
-0.0016488444642812487,-0.0002751024151145081,0.45851514776225544,1.8883058717776062,0.4311975189628222
0.0006913748503686408,-0.0012547009681375336,0.45840093035003415,1.8967280809955278,0.4316301008166846
-0.0003539102176798276,-0.0019065629352007867,0.45865986733281283,1.8919671851300406,0.43133095111461545
0.0010890080662622926,-0.0025837927083153752,0.45860280541500165,1.897090703632191,0.4315904218748181
-0.0008922412505623858,-0.0006459909238867215,0.4584890815282043,1.890980213072792,0.43133216787482626
-0.00030926394369034104,0.00411306545275789,0.4575071751175316,1.897678513612551,0.43192711326168065
0.00026830015872657286,-0.0016200910309344492,0.45852530868137975,1.8947081195300537,0.4314991531716676
0.0005676994852448688,0.0006686372734254091,0.4580501186500185,1.8980027070500918,0.431789422180815
0.0002757169883054456,-0.00012611517922519875,0.45823965221018903,1.8961098181223446,0.4316462184833483
0.00045160932951828425,-0.0022816905093134025,0.45862768220243416,1.8948306224829001,0.4314761167785394
-0.0011744227460581394,-0.0008286801599283989,0.45855986586304665,1.8896880752772882,0.4312507153216301
-0.0010789848743359962,0.0013646092349930948,0.45813060458436944,1.8920837171229516,0.4314857517561981
0.0018969375230093407,0.002407466669818915,0.45754298805313687,1.9048919752553417,0.4322583502430171
0.00043626268100576364,0.0006586076181735525,0.45806914711533053,1.897470176547914,0.43175880975435793
-0.0006695095203428283,-0.002529488110346039,0.45881865982978026,1.8901382597231837,0.43119915444755386
0.0005357507470591023,-0.0028790458296850093,0.45873061421042016,1.8946173768874173,0.43143697702025535
0.0002954233482031719,-0.0002749671521348421,0.45826547435021203,1.8960515301876546,0.4316361737719983
0.0007337097860373342,9.832130343396171e-05,0.45813732386891115,1.8981395071665645,0.43177133107992477
0.00010395396392220961,-0.0011322567174777225,0.4584535939596118,1.8945016478878152,0.43150956181412575
-0.001682377126054181,-0.0006694467760871672,0.45859428219199794,1.8878099945420874,0.4311515707963086
0.0006802373110750717,0.002036301927510654,0.4577743063353779,1.8997081549676242,0.43194796672950686
0.001346776408427762,-0.0019375842926841165,0.45844601279852554,1.8987097869833234,0.4317113897128313
-0.0009151148345025382,0.0013657152011165533,0.45810931522337023,1.8927376712017006,0.4315228362987084
-0.0004428732359195541,0.005008304298907046,0.45735376501374614,1.8979704916232587,0.4319842074449192
0.00030733857847085313,-0.002957673876237882,0.45877499459817683,1.8936358039951822,0.43137782675808084
-0.0005418625420043133,0.0030585156067858723,0.4577386005344688,1.8957815287744229,0.4317719074221232
-0.0017830092271154206,0.0002974273656232557,0.45842349743518157,1.8882971178470411,0.43122296181558156
-0.001354792021772884,0.003118540233812524,0.45783231793900814,1.892597671842975,0.43159432008324977
-0.00043691206388735696,-0.0020071106993237156,0.4586896250139403,1.891544273443646,0.4313024456271484
-0.0016691872271965469,-0.0013885897769029235,0.4587291064799409,1.887202160264817,0.43108456724676036
-0.0024971639830293126,-0.0009247094683443355,0.4587457341066956,1.8843273550539175,0.4309427787676544
0.0021311292431783263,0.00019329498999666163,0.45793588688627684,1.9037879617664475,0.4320955146538931
-0.00025918711682001256,-0.002260227424982678,0.4587150019259363,1.8920198173294502,0.43131790890188376
0.0003332920494582224,-0.0009190770910807929,0.45838334206637266,1.8956106495294467,0.4315820244567098
-0.0008278934646127424,0.0026962834794245173,0.4578446991499344,1.8943087695029162,0.4316720917593417
0.0004298222785554406,-0.0017303872948540165,0.4585254635675434,1.8952499815732413,0.43152484266266605
0.0014453258459858282,-0.000106493528951908,0.4580834399593612,1.9007837449804175,0.4319117991934112
0.0004920472950024929,0.00028791614912612333,0.45813260669044187,1.8973516128347159,0.4317353010394165
0.0011525144463360901,0.0011990644979859304,0.4578723562666309,1.9008183035473432,0.43197290492387197
-0.0003395792781730891,0.0013998420364705084,0.4580285173637876,1.895061834030207,0.43165600337860366
-0.0003818076741547023,0.00026081968431007554,0.4582509475937261,1.8938467201192137,0.43153558590251795
0.0016044495814177418,-0.002067712937317905,0.4584372558154332,1.8996157148741026,0.4317567983080897
-0.0010114292061969446,-0.0007811832423391103,0.45853002697710954,1.8903811599571723,0.43129211764431424
-0.0004875453146606574,0.002536693306312906,0.45783102543108944,1.895517870353312,0.4317333347490294
-0.0015561807866545682,0.004470091846742217,0.4576010034532348,1.8930388548929524,0.43168053734116807
0.0015499592421818564,-0.0008764821482681905,0.45821685305491133,1.9004927630396902,0.4318604359112626
0.00018178468565502776,-0.0007027656835055846,0.45836171841500456,1.895206042291014,0.43156891096070954
0.0006565662493170896,0.0012913774245483906,0.45791965773222854,1.8989289510279288,0.43187009021223055
0.0007355948465986205,0.0014927694232305694,0.4578708706599811,1.8994287331193418,0.4319075177629361
0.0018892916037060853,-0.0003315265127014782,0.4580681594272451,1.902343583576955,0.4319899401045868
0.0006842194456635247,-0.0003630587668096969,0.4582317985378469,1.8975185761479447,0.43171526385403197
3.831981207602558e-05,0.0004284122765511308,0.4581647125309833,1.8956740116062458,0.4316466610843519
-5.0529792999475686e-05,0.0006745583629334,0.45812930736443247,1.895546385948585,0.431650585153411
-0.0008324066330660915,-0.00029751103348906474,0.4584151459875199,1.8915387100420518,0.4313795843932076
-0.0005914304133086332,-0.002277701031246062,0.4587608363130059,1.8906803880770184,0.431241263294372
-0.0006912695525967331,-0.0009697356307746825,0.4585249105016824,1.8914835385506865,0.43134600464639633
-0.00014561185239685983,-0.0030436085450387964,0.458849459463192,1.8917532288555596,0.4312673203091816
-0.0002512071308141302,-0.0022007559934149085,0.4587026659080605,1.892106188998705,0.43132549463155356
-0.0007996948861418056,0.0003694171418098326,0.45828407169169555,1.8922818028017139,0.43145188223553976
0.0010847990437099068,0.0005583667489228278,0.4580036420215823,1.8999598432113984,0.4318952620121495
-0.00047814088942461485,-0.0008561559791244223,0.45847596526518297,1.8924368647406442,0.43140513874489433
0.0013102751307269194,-0.003166840318653025,0.45868529924462853,1.8974362759221037,0.4315835770566984
0.0011148674011573752,-0.0029283627675121015,0.45866515978004246,1.8968774027765591,0.4315627314850237
-0.0006200601907234888,9.087670083943548e-05,0.4583139848783322,1.8927414999767727,0.43146529625877467
-0.00021649739838571354,0.003242867214408345,0.4576611202191295,1.897247180290937,0.431863261641322
0.000483407622817086,-9.374952723878322e-05,0.4582065292193258,1.8969665139529837,0.4316962008342503
0.0009329350700327298,7.338090437805815e-05,0.45811610511789025,1.8989096646784187,0.4318138163666282
-0.0007880421835163984,0.0021908532862712922,0.45793582205835515,1.894002665410007,0.43163185797026976
0.0014668018250546143,0.0024998855766076044,0.4575822232398195,1.9032653903535974,0.43217042127165495
-0.001149325300410705,0.0037220605970367184,0.4576908767190607,1.8939717974979058,0.4316994815933591
-0.00040772860310158744,0.0014999035901019522,0.4580182716507283,1.8948823731791695,0.43165037354463986
0.0011668335286776914,0.004640376215806387,0.4572122201505301,1.9040414335740607,0.43231134525692066
-0.0015813736848701004,-0.0019921626299369004,0.458832515357663,1.8869980363544063,0.4310456623768522
0.0011544079416630144,0.0009656435537842657,0.4579167129857543,1.9006112576986363,0.4319506044026313
-0.0003054775787809081,-0.005712409980890885,0.45937697275934175,1.8886691702882674,0.43097175457603093
0.00043171258992518184,-0.00036331497255420405,0.45826464575644366,1.8965130297520485,0.43165830659044085
-0.0025565972678769228,0.005227511017507403,0.45758561538183096,1.88974781174961,0.4315284755104551
-0.0024481551260373403,-0.001090336707568259,0.45877095086022746,1.8843706739616544,0.4309377282022652
-4.968881208016393e-06,0.0004549073304973851,0.4581652698696833,1.8955259660776704,0.4316394774007287
0.0007383125891947744,-0.0005191232250062059,0.458254536667469,1.897590551758407,0.4317122694064108
-0.0008779276656876789,-0.0007034114174107772,0.4584981675664191,1.8909845002593986,0.4313298092153964
-0.002059137738860369,-0.002182431348085957,0.45892894047045596,1.8849190322026206,0.4309193049679551
0.0019344507198502529,-0.001341197251290116,0.45825526658501503,1.9015958240740316,0.43190184994183933
-7.847986946004829e-05,0.003706389736485871,0.4575546548066959,1.8982234254120813,0.4319395479216938
0.0010308803324303923,0.00023923453426972737,0.4580716450362874,1.8994519407278398,0.43185204034178587
0.0007198122715096646,-0.0005271763102574512,0.45825847876717196,1.8975095046718258,0.43170731473686824
-0.0008869172097786639,0.0019564871641956283,0.4579932177058367,1.893393201555503,0.43158672507004525
0.0001318139033320438,0.0031288082073288484,0.4576374321749682,1.8985294393001961,0.431930710491905
-0.00025699946194536493,-0.0007313606069234486,0.45842377753375296,1.8934323237411803,0.43146716702093335
0.00033767652044105036,-0.00037067902517664116,0.4582782439844503,1.8961318443940782,0.4316363858406352
-0.0003050929251945806,-0.0017475829148519044,0.4586233626490156,1.8923075780112761,0.4313574307214517
0.00024982779682560663,0.0006324009218916486,0.4580983842519739,1.896703745969634,0.43171421829806017
0.0017930459921024777,-5.0918394146791833e-05,0.45802715896029156,1.9022184674429312,0.4319955676026511
-0.0017199655309584996,0.0009105219401734361,0.4582990146151604,1.8891118302119805,0.43129687664311467
0.002243295513208146,-0.0008617656210750671,0.45812297270099855,1.9032648202484195,0.4320180885576826
-0.0007851430908328598,-0.00032547151138844085,0.4584144038964718,1.8917013240180023,0.4313875267192712
-0.0028028803236298657,-0.000655458555291552,0.4587331712253846,1.8833555281095877,0.43089994117484165
-0.00018430049084974622,-0.0029543004279003406,0.45883742624277135,1.8916810934914803,0.43126728129738134
0.0005652735898864464,-0.0017111711478404548,0.45850428780627717,1.89580690853696,0.43155725289493074
-0.0018119833039676096,-0.0014062968467225473,0.4587505529428535,1.8866167382412466,0.4310506116640541
0.0006216818293348914,0.00375773590479285,0.45745305657176166,1.9010587632252838,0.43210244376198426
0.001226294175591777,0.0003822400429167424,0.4580187600867438,1.9003611493239758,0.43191000913797195
-0.0005013876600009109,-0.0005098537610488234,0.45841305334567206,1.8926623464633607,0.43143359743201504
0.0009491754210727008,-0.0010128006379950061,0.458321295125268,1.897976482736966,0.43171175910219556
0.0004086163664117956,0.0018906741779752337,0.4578376309933556,1.8984927887895249,0.43187254095208427
-0.0008889019642082735,-0.0011501195824791528,0.45858449850360894,1.8905305214050827,0.431283861464441
0.0004402307618727106,1.614120131933518e-05,0.4581911795449364,1.896895573029322,0.4316971619657026
-0.00012184897583224303,-0.0010352837324005435,0.4584642369037104,1.8936914630754678,0.43146807317304037
-6.228633179343025e-05,0.0036286874664914186,0.4575673711735449,1.8982164111847497,0.4319356303747844
0.001332884974410692,-0.0031564267749509566,0.4586803790015549,1.8975358114222125,0.43158968569499667
4.65978548671026e-05,0.0001814873108608987,0.45821070253975027,1.8954800701781618,0.4316244908838402
3.6124903561796844e-05,-0.0027024588175228043,0.45876126357480385,1.8927900373285527,0.43134149225702423
-0.0001274376979020123,0.00029090732151191136,0.4582123691083455,1.8948875138900108,0.4315958908000464
-0.0006686789137609364,0.0006139959364886855,0.45822067287558166,1.8930285230580344,0.43150525086687197
-0.0023907484856078988,-0.0029494294763744975,0.45911590058646246,1.882893119988861,0.4307698253713762
9.979079743090114e-05,0.0007643482458272008,0.45809270252122447,1.8962275523717873,0.43169322861980114
-0.0001630167005542882,-0.0008971996933350915,0.45844324852237855,1.8936543227806857,0.4314722257914836
0.00018189090720570686,0.0021200713653471578,0.45782342949692734,1.8978009430269605,0.4318437535462248
0.0008821088004925736,-0.00015476846465443882,0.45816628604600085,1.898497713356678,0.43178015055980035
-0.00045657767309885774,0.002079329416380172,0.4579141822613787,1.8952205803775244,0.4316957777727165
0.0005310240984707133,0.001728971768318379,0.4578525131007378,1.8988314703443987,0.4318843950480832
-0.0002719542314366304,-0.0016843218132675582,0.45860707339923984,1.8924976478292883,0.43137106073047193
0.0001833744625794374,-0.0012230347755348464,0.45846063493065814,1.894734544292615,0.43151863837762977
0.0011284349965847355,0.001673237667805465,0.45778489225669516,1.901158433552908,0.43201364954621996
-0.0021401280210389373,0.0013043060559354155,0.45827774763303203,1.8877988818547793,0.4312403628213573
0.0013077448772500545,0.002032270035046792,0.45769265962406747,1.9022022739969686,0.4320890299028772
-0.0004642897260171804,-0.0016848244843328175,0.45863183533173985,1.891731093298693,0.43132762678169817
0.0009524067006607464,0.0019856632935851028,0.45774829618804064,1.9007450651983615,0.4320043943727052
5.859737511574611e-05,-0.0022594613039102636,0.4586740660665055,1.8932861137965025,0.4313896559493359
-0.0014988185326310275,0.0005230913231546189,0.45834440339624266,1.889637188604245,0.43130907586718586
-0.0008110598647945238,-0.0013313510765456068,0.4586090007680965,1.8906742312446458,0.43128378923906496
0.0004362349858778324,0.002054827233121419,0.45780268631828225,1.8987537166299024,0.4318947546956846
-0.0020262637426854955,-0.0013117494073187613,0.458759715807358,1.8858493832708714,0.43101143865358565
0.0012750118812325346,-8.30470655146637e-05,0.4581012682432014,1.900127482755139,0.4318756962907876
-0.0003363395513953525,0.0012503301803017933,0.45805658737298033,1.8949372874228232,0.4316421764394079
-0.001117638581915585,-0.0023942681093937507,0.4588500206996891,1.8884769607213547,0.43111119867673797
2.1241279929526277e-05,0.0030621684027466816,0.4576645950530226,1.8980277800002356,0.43189928161300445
0.0009967487517354126,-9.775608073299826e-06,0.4581236507076214,1.899087267731289,0.4318201068776096
0.0009930578233622886,-0.00080344741381803,0.4582756319299016,1.8983434425012307,0.43174202540322665
-0.0011573265034684854,-0.0032797285337641405,0.4590231448900325,1.8875063111311128,0.4310161132803319
0.0002660167250088208,0.0017630356024333198,0.45788059416896754,1.8978076070591898,0.4318279553483484
0.00036553338616066055,-7.325660087068603e-05,0.4582179251870778,1.896516014848617,0.4316716168064288
-0.00039332477308471497,0.0021351210643899454,0.45789534986846214,1.8955238488799016,0.43171547999385057
-4.56864992416863e-05,-0.002820987750059398,0.4587943113665838,1.8923554636272681,0.43131151169029447
0.0013459773565794747,-0.0012704197171071506,0.4583187553741995,1.8993192065619946,0.43177612814522076
0.0003846839675976125,7.300749212316485e-06,0.4582000784564127,1.8966662836070631,0.43168377643031103
0.0010350454568976385,0.0004845469776546949,0.45802425176594797,1.8996939609794747,0.4318768602651262
0.0012043087557908913,0.0004130747230879068,0.4580157490353217,1.9003019839452517,0.43190805548327793
-0.00045220509188089293,-0.0009949945332425741,0.45849905256815415,1.8924126642792884,0.43139747812055124
0.0006391331995808248,-0.0016236190807815307,0.4584780384096715,1.8961813435893549,0.4315824243020007
0.0009114731187871275,-0.000468803539398411,0.4582223948047791,1.8983260926277732,0.43175620397532305
-0.0009110535677847223,-0.0017102257643163003,0.45869378193103155,1.8899279803175177,0.4312243628783591
-0.00014202369252939626,0.0034679041304014977,0.457608469364739,1.897750874423164,0.4319019819757325
0.0007575385951616214,3.828726708558425e-05,0.4581456760159603,1.8981792056063624,0.43177085940763565
-0.0008889923592488611,0.003734316148194981,0.45765482712891575,1.8950204042213001,0.43175942106353243
-0.00027279281823498254,-2.0316208611497545e-06,0.4582869420123201,1.8940394169488262,0.4315345900811041
-0.00041596565528292576,0.0026137524351277177,0.4578070470804036,1.895873885681213,0.4317569876333285
0.00017356742403395385,-0.0008962985480106953,0.4583996552894398,1.894995562323113,0.4315482230991451
0.00018209867096584468,-0.0019567897175797174,0.4586005493168331,1.8940557509586824,0.43144695430879026
-0.0010336445735627967,-0.0003159647997501237,0.4584444284594673,1.8907199677176625,0.4313323816897645
-0.0028264863370728015,0.002304167021572623,0.4581751373299764,1.8859813660452245,0.4311827330197351
0.0019529976984283134,-0.002178270748078288,0.45841281017850855,1.900901033673611,0.4318245790619067
-0.00013890517525366476,-0.0030917752858335285,0.45885776179285864,1.8917357430149402,0.4312641478528867
0.00016878056562883906,0.00041619011161283186,0.45815013077118305,1.8961823077606217,0.4316748929578611
0.0007276032386476631,-0.002612598057401177,0.4586550885310764,1.895625681641273,0.43150615036784185
-0.0005902505680392574,-0.0012675153669960383,0.4585686026213516,1.8916125053486008,0.4313398172530866
-0.0002415230219881732,0.004478671032188777,0.45742854307710784,1.8982848906833512,0.4319780171881924
-0.00019588907556410934,-7.999171515332012e-05,0.4582918663137285,1.8942740891842547,0.4315443479336353
-0.0004987501386447949,0.0015612871951983086,0.45801835159272775,1.8945762340331165,0.43163581740793266
0.0025181740568246016,0.002278214665551675,0.457485161673721,1.9072444611983197,0.4323857193867233
0.0015052638170450347,-0.0021035470459322752,0.4584570377278743,1.8991881308767835,0.4317309600883473
0.0010392759055653444,5.537933856584315e-05,0.4581056560382355,1.8993164120474884,0.43183603553733946
0.0012291873311828588,0.002075504987430157,0.4576947365852859,1.901929377064647,0.4320755340952877
0.0006436862640812335,-0.0032869374566212423,0.4587943912124579,1.8946728093827447,0.4314216366189516
0.0001315762951127992,-0.0009802878526288686,0.45842108031446005,1.894751210623752,0.4315305799264723
0.0004399182563983202,7.410118325248799e-05,0.45818016610650203,1.89694758498059,0.4317027333745153
0.0010309282031240614,-0.0031444157434656456,0.45871722196262277,1.8963450536990607,0.4315227953960974
-0.0007275097397828089,-0.00014806809463424828,0.4583732601649346,1.8920939090666626,0.43141779672618386
0.00031532568231759704,-0.0007926329922181675,0.45836156884147383,1.895655247399943,0.43159027868423194
-2.799731180807146e-05,0.00010999358434671433,0.45823397994843146,1.8951173066996063,0.4316007079831851
0.0010295302020200084,-0.00022248707540833238,0.45815998222571064,1.89902231212377,0.43180679139559647
0.00023815706911260848,-0.003565235741020418,0.4588995157916973,1.8928029020956736,0.43130313248968494
-0.0025723195847856743,-0.002870611552539025,0.4591237061180714,1.8822414653336843,0.43073649202014114
0.00035093437797943986,-0.00452275067529213,0.45906723703066676,1.892373731006578,0.4312354474156951
0.00040299124951514466,-0.0001887748964584353,0.4582350914438405,1.896559025069948,0.43166881895757053
2.7208332061521066e-06,-0.0014325425623684506,0.4585238311817257,1.8938227587245207,0.43145751074156896
-0.0004129840485891092,0.001631096562259765,0.45799395368230444,1.894982061296772,0.4316619627673904
0.0003517858710923853,-5.083987934753399e-05,0.4582154347178472,1.8964818723956445,0.4316706988612621
-0.0004804002267772308,0.00041645470767944816,0.4582340246700499,1.8935970123019723,0.43152849564322776
0.0011706845412277223,-3.7615910191319556e-05,0.4581062392321143,1.8997540020991635,0.43185660377001983
-0.0003607352082977433,-0.002313731508315207,0.45873818567838276,1.891566244819076,0.43128979836971476
9.76792877527287e-05,-0.001801232690689938,0.458581802258868,1.893862394940924,0.43144305180588804
-0.0014134323873302077,0.0017095235354472917,0.45810793328921673,1.8910680562635827,0.43144385972884475
-0.00061307842223676,-0.003998600237588293,0.4590905769888447,1.8890152066200585,0.4310689957203527
-0.000706579503215803,0.0036176504144492987,0.45765339476726385,1.8956398061305582,0.4317892131873438
-0.00010485855822895074,-0.002601606480479395,0.45876016104592865,1.892321139590723,0.43131950698869287
-0.0010841986554517347,0.0014121931178925505,0.45812222087302523,1.8921066871879881,0.43148920838613103
0.0004003553896228818,0.00041959967446731375,0.45811941023929426,1.8971075480387738,0.43172744522473366
-0.0001928383187702333,0.0009508683645666752,0.45809507717849374,1.8952335766105206,0.4316453885662121
0.0015146623796543292,0.0009576776781505743,0.45787091577538364,1.902037687992537,0.43203102447248026
-0.00016155733659243638,-0.002747330539109293,0.45879514876543814,1.8919615972011832,0.4312925434800031
0.000437526146284361,0.003078246889931637,0.45760707745379847,1.89970026631909,0.4319947255539152
0.0006373572823746876,-0.002469578583405122,0.4586394967027042,1.8953976780552886,0.4314997177023765
0.0001822529668530209,0.0025532895866335306,0.45774070362711533,1.8982008426665853,0.4318860275419578
-0.0006246950302415944,0.0009723573149976648,0.45814678139258097,1.893533115674396,0.4315500623811527
0.0011905183261182312,0.003215688453621757,0.4574817518914154,1.9028243561036133,0.4321778744402826
-0.001565468462965159,-0.0034325189128829874,0.4591037110774178,1.885739690335359,0.4309091445919726
0.0003684136059892042,0.0013824803253986342,0.4579398673751309,1.897865434193241,0.43181398903916407
-0.0003484554909872998,-4.090840111216463e-05,0.4583041018919385,1.8937023284013415,0.43151373891043443
-0.0004018568646575843,0.002359589574823649,0.45785366886564377,1.8956963071523565,0.4317354161746639
-0.0021781814092189165,0.0005007592247732878,0.4584351047074919,1.8869086420503947,0.4311535422715037
-0.0012594631406555167,-0.0013316213598387027,0.45866624918192955,1.8888873429116853,0.4311825827287243
-0.001509114632055959,-0.001788858382868675,0.45878477786863114,1.8874726496987526,0.4310817512171513
-2.3397244651048457e-05,5.2154477527479794e-05,0.45824440589955295,1.8950824815621479,0.4315961153666423
0.0017599645806630553,-0.00043352683141151586,0.45810466124682203,1.901735305645292,0.43195087123004655
0.0003407622724300498,0.0006961876074615377,0.45807440084435946,1.8971244622591332,0.4317409339871504
0.00025385531586969746,0.0028855870889473324,0.4576679136709252,1.8987916586461544,0.4319345411891104
0.00013654158798999207,0.00029464695211136075,0.45817748199348063,1.8959422339942247,0.431655790664623
-0.00011070783880887321,8.141333207924015e-06,0.45826407812963454,1.8946943201390918,0.4315721391553776
-5.496173013317695e-05,0.0019596876830102194,0.4578848638441362,1.8967102060459275,0.43177471719290605
1.95307992598866e-05,0.0001351333676016131,0.45822304005638115,1.8953296852998684,0.431613874277605
-4.686587677516346e-05,0.001492111452031225,0.45797297779664775,1.896312509727861,0.43173101137668396
-0.0004652883260223905,0.0018483015221452417,0.4579593364126706,1.8949734320885314,0.43167131460563185
-0.000563589604057165,0.00136485558145604,0.45806414976523135,1.894137346880835,0.4316020631637784
0.0018918405399888383,0.00045757470127366287,0.4579168905751216,1.9030788383787127,0.43206732915051144
-8.59358772310091e-05,-0.0023243970329518823,0.45870498989644237,1.892650924511657,0.4313507422632968
0.000728760300113088,2.5954624455896073e-05,0.4581517784193676,1.898053308207054,0.43176317090874494
0.0008967220320628969,-0.0012930930135202448,0.4583815912988364,1.8975102739847827,0.43167265826106954
0.0005129675874195291,0.003558585110088297,0.4575054082295793,1.9004426402307162,0.43205852918330423
0.0003963623951895992,-0.0006435605162305155,0.45832265922999277,1.896114839821814,0.4316230598827064
-0.0012835803316624604,-1.7146028223889563e-05,0.4584195803768255,1.8899985611289347,0.43130506537016394
0.0006494677529348346,0.001179188304369333,0.45794200378737493,1.8987975511034,0.4318575660746911
-0.0011019772125206067,-0.0020242875836419833,0.45877776839612927,1.8888789576838743,0.4311507264478967
-0.0009623945233599482,-0.0020103198063860087,0.45875734630899,1.8894479347745963,0.4311835813189199
-0.0002719480978210129,0.0005240844678512702,0.45818662443926106,1.894526231222073,0.4315859949482588
0.001896746132869085,0.0003861527045519873,0.45792990754485396,1.9030327154706819,0.4320614813475095
0.001433408128118592,-0.003258750489933242,0.45868684736042326,1.897841961425693,0.43160238764490577
0.001521181381160224,0.0015744500222247778,0.4577520995679527,1.9026306799086032,0.4320925495484416
0.0004348627933678203,0.0016260009879592405,0.45788472621053755,1.8983539166084904,0.4318526853210362
0.0006091203546332188,0.0037740165164997026,0.45745159672220614,1.901023735306736,0.4321011976735721
0.0007949604183632684,-0.00343114538444468,0.4588023542666074,1.895142705986655,0.4314417142189998
-0.0017241828929020174,0.003179124987954023,0.4578683096043128,1.891181154250358,0.43151684529622386
-8.268085485238463e-05,0.0026081342692831112,0.45776478180967994,1.8971962062675878,0.4318316181721041
-0.00033791320390007544,-0.0012931945151310842,0.45854111762371075,1.8925940641894787,0.4313942410565961
-0.00033839740837467624,0.0006219006284672282,0.45817657590586536,1.8943514544865228,0.4315805286549607
0.00018438360170413756,-0.0012222021356126233,0.4584603460339818,1.8947393273450135,0.43151894697228016
0.0005298730314281244,0.0012174418346981206,0.45795031163279565,1.898356573176193,0.431834325894436
-0.0009059537529366814,-0.0021970864707795998,0.45878563884424195,1.8895013705548238,0.4311781459609355
-0.0019365746415072604,-0.0006054858811231225,0.45861439154944406,1.8868555048968156,0.43110041432732565
1.0495847610408238e-05,-0.001372187457027044,0.458511337420743,1.8939091422526808,0.43146513717788304
-0.0005948492826354527,-0.00026349736292907293,0.45837818343284636,1.8925163506125968,0.4314364906966957
2.907862578621067e-05,0.0011261335009123087,0.45803289999193575,1.8962785022520623,0.4317125047600403
0.0008220570230445747,0.0008638772606632104,0.457979658873212,1.8991947829481646,0.43186577668799947
0.0011048671570439822,-0.0019123767136193948,0.458472679626888,1.8977701469553467,0.4316593184723327
0.0005990558435950366,0.0007364545739829233,0.45803308990941183,1.8981898785782931,0.4318030944748827
-0.0010306121956761818,-0.0013368595169288252,0.45863808400301265,1.8897944281011934,0.4312337150576311
0.0004380115673476722,0.00014795834030077558,0.45816632746486574,1.8970078585666859,0.4317094928779548
-0.0012410899004507514,-0.0010921696043988374,0.4586184256603013,1.889180438633557,0.43121002961547383
0.0015066933169405636,0.0016656833798613618,0.45773655797141855,1.9026569159936326,0.4320981686882728
8.081949756518045e-05,0.0026630866781717183,0.4577329850806945,1.8978979044442335,0.4318738460633577
-0.0008959271977715172,-0.0003378263416131911,0.4584309538347917,1.8912485991293986,0.43136132846619707
0.0009470081993267965,-0.0006639599889824041,0.4582550100492931,1.8982882687534024,0.43174522033991486
-0.001104229936920299,0.0011571681700736506,0.458173314724147,1.8917924285114387,0.43145985746106563
0.0015827626047542531,-0.005012388559086539,0.4590019249748019,1.8968278562710672,0.43146550829220737
0.00015250474867106018,-0.002469008431983016,0.45870188005744084,1.8934677320993352,0.4313904476924764
-0.0002948244505859899,-0.002790102855819285,0.4588203424728629,1.8913915717121421,0.43125832423986216
0.0025697081022671847,-0.0013442588771744354,0.4581722506542405,1.904120017130051,0.43204466021227267
4.384074606602362e-05,-0.001394076131999821,0.45851120901509335,1.894021833533275,0.4314705273885873
-0.000977941389549544,-0.000897924275918926,0.4585479380637152,1.8904073702183273,0.43128831299114234
0.00020512594797810255,0.003463801344759757,0.4575638797276155,1.8991296297968028,0.4319798771589427
0.00028358845809185686,0.0030941403200574623,0.45762420191675546,1.8991019322807974,0.4319615610225871
-0.0010527904387062554,0.0001415301959482435,0.4583598912926592,1.891063995465735,0.4313725914385827
-0.00043192891651098943,-0.003094636982716727,0.4588957579054631,1.8905660372178221,0.4311977759447077
0.0036838604256566555,-0.00047915317234624346,0.45785845226851385,1.909344776417536,0.43237974028087317
0.0002416174039684076,-0.001489081041072219,0.4585037964437525,1.8947221640784553,0.43150588397585216
-0.0005688023705706477,-0.002044402049259949,0.4587135915111155,1.8909846743960614,0.4312690651691388
0.0010132329140284928,-0.0007958852646032957,0.45827156043110473,1.8984306938684075,0.4317473091888506
-0.00014314550909181613,0.0003575691418249169,0.458201699230419,1.8948862118074412,0.4315988371911259
-0.0012114699643798433,0.0004599432815946594,0.45831966708486754,1.8907242886409155,0.4313677790953784
-0.00016885258834714104,0.0008806195583040908,0.4581053589956017,1.8952645372169368,0.4316439592741862
-0.0003806374024750577,7.676148084048331e-05,0.45828584467079336,1.8936822575753378,0.43151793333106864
0.0005118866508090288,0.0019098236155271591,0.45782048470479053,1.8989215802386654,0.4318976916486061
-0.0006809861648271624,0.001921349165914129,0.4579733209059341,1.8941813360862445,0.43162976641856243
-0.0009740895005188848,-0.0003730709203633343,0.45844766466392306,1.8909048012752383,0.4313402618948322
0.00012879252503605743,0.00028685318610396785,0.458179972087029,1.8959042137928446,0.43165328442302225
-0.0024675212093972906,-0.0019326380833972678,0.4589329687576104,1.883520142833744,0.43085140063240607
-0.00018189924683022706,0.001826356969578927,0.4579267798555905,1.8960820378236714,0.4317331024690981
-0.0006958859320382818,0.0029860439052259414,0.45777239587479746,1.8951012563339642,0.4317300991877984
-0.0017812801471437138,0.00015186147245241022,0.4584509188959308,1.8881702600488277,0.43120918276287173
0.0005332648496107875,3.499926002538702e-05,0.4581754927746266,1.8972833137933887,0.43171997469710094
0.0002610077377207455,0.0018465464243008485,0.4578653110954616,1.8978644536986835,0.43183495814011347
-0.0007961334129372864,0.0011655528868492278,0.4581320942252577,1.8930277100905062,0.4315301932495178
0.0010506733228528744,-0.00046017945780825204,0.4582026006855633,1.8988880985462342,0.4317884219605837
-0.0022878754833914917,-0.002352613281476887,0.45898996278540966,1.8838509353304977,0.4308511068470561
-0.0008441979507996096,-0.0020913975566466373,0.4587576873356842,1.889844423952346,0.431202361870372
0.00042593736176849053,-0.001590883462753522,0.4584993839148048,1.8953625995583998,0.4315375406494618
0.002450464264960799,0.0011271080216168471,0.45771479287170963,1.9059165844611816,0.4322583684946469
-0.0012903629981388155,-0.0005658901363559084,0.458524722465491,1.8894674350078642,0.4312501258862147
0.001510385276596227,0.0013444347808098348,0.4577975167505167,1.9023762269055158,0.4320677185825214
-0.0010069080532514416,0.0020455592289539823,0.45799173096625134,1.8929970180104634,0.4315683240114184
-0.00046931312303477785,0.004375382693894284,0.4574780030094917,1.8972824418372696,0.43191656744775087
-0.00054536442900647,0.0011788047929063034,0.45809723157085963,1.8940389119081675,0.4315880595618129
0.0005577459035957723,-0.0008778295525265529,0.45834640147824035,1.8965422020874898,0.4316366484565335
-0.0001515029667520457,0.0022906433541275808,0.45783429738405534,1.8966300762888189,0.4317851733476113
0.0004920325451768144,-0.00011902003659780748,0.45821022845229775,1.8969776356680268,0.43169568578767403
0.00043910888584147874,0.0034550839262462887,0.457534879832959,1.9000533147038596,0.4320317919268805
0.0009212255236350456,0.0009409897785018703,0.4579519656839207,1.8996604305109086,0.4318956406350498
0.00032572098994893857,-0.0030909020150449258,0.4587979932950419,1.893586747457293,0.43136901267670497
0.00013372062375485803,-0.0009624425492234519,0.4584174038643722,1.8947761391339102,0.4315328001525955
0.0007236463120573096,-0.0011992882982846782,0.4583861763745701,1.8969074410349307,0.4316427687391722
0.0004433565190597083,-0.0020779978152265415,0.45858994370079215,1.894984742613417,0.4314940731884265
0.0008846725639967852,-0.0014385604320774578,0.4584109046763691,1.8973287281395803,0.43165578660062964
-2.8023824498301175e-05,0.0011416450733197447,0.45803735299581516,1.8960653516348271,0.4317011364646892
-0.00031958283083493503,1.4189398240555923e-05,0.45828988789301045,1.893867954608192,0.43152561479934215
0.0010480991190949963,0.0034954074080207876,0.4574470390536225,1.902514877715497,0.4321730209333964
-0.0017836965347669206,-0.0017845031366531682,0.45881872144975766,1.8863822611973156,0.43102019813614184
0.0006675688775484199,0.0018583365103955762,0.45780995553515935,1.8994940582482611,0.43192777933268645
-0.00046840698015147505,0.00018733326218839388,0.4582761027821276,1.8934342438519405,0.43150889740976844
-0.00019050576396005466,0.004499547182567377,0.4574178852528107,1.8985073141487054,0.4319915591740151
-0.000197233120113256,-0.002352516815868628,0.4587246168548267,1.8921818587929555,0.4313229043685729
-0.0015343120848067045,-0.0025222715615703575,0.45892713684253394,1.8866990481444565,0.4310047134950277
0.0012876184080092819,-0.0007690016183567306,0.4582306315869725,1.899547477157711,0.4318117723333914
0.0019264428341309943,0.0012611075567185463,0.4577585595939364,1.9039551445512353,0.43215335998395116
0.00037851029215389107,0.001274343934672469,0.4579591863186414,1.8978062202835873,0.4318057365178007
0.0007808631921587442,0.001817521062139081,0.45780291740415435,1.899907558865662,0.4319493473618401
-0.0009643709245773022,-0.001101226480339829,0.4585848474492319,1.8902747340868618,0.431271590944761
-0.0005413661183938039,0.0002064612269608046,0.4582818580211714,1.893161190378638,0.43149430056406196
-0.00024756466923150754,-0.0024338743790063384,0.45874654339581455,1.891906726446368,0.43130363727167076
-0.0006855852957271208,0.0035308389053208267,0.45766721814157635,1.8956435600154593,0.43178549275907324
0.002097048723181186,-0.001690836955390644,0.4583007644322269,1.9019216354052237,0.43190446063205973
0.00037624763178983694,-7.157197422370293e-05,0.45821621356156916,1.89656022363876,0.43167419674138524
-0.0008362677920337231,0.0014086976404399964,0.45809097880036015,1.8930913321772298,0.4315448119996365
-6.865316087546438e-05,0.003297755411712681,0.45763136596959797,1.8978865272725591,0.4319019555783174
0.0004517411694538073,-0.0006141113711705832,0.4583098664187698,1.8963623857945338,0.4316384129968058
-0.0026156460214808636,-0.00020267285467396993,0.458623821260457,1.8845180798938823,0.43098629185695675
0.0008380550651160267,-0.0014089430521461474,0.4584113094541653,1.8971703556216055,0.43164815954127805
0.0008735962213043874,0.0013499002476878518,0.4578800969661493,1.8998467470614715,0.4319247178196637
-0.001744503091512348,-0.0003871332154968761,0.4585485789698602,1.8878216828432641,0.43116502300775095
0.00031669193342140616,0.0014903327674905278,0.45792602694890827,1.8977586476794805,0.4318128278340397
0.00015288244755136144,-2.9506387961160476e-05,0.4582371530491466,1.8957094518110322,0.43162792200139666
-0.0003424430183243494,-0.0005739530207097917,0.4584048108297252,1.893236584748913,0.43146321340652083
3.5531296395814648e-06,-0.0020992518205753905,0.4586506473501237,1.8932139720021488,0.4313928287770805
0.0006343575584122843,-0.000642229432096839,0.4582915298358006,1.897063615253641,0.43167685081594537
0.0005159683013546807,-0.0010003817410679744,0.45837518328197047,1.8962633132001028,0.4316153022883253
0.0004058280550095476,0.00025069210243484094,0.4581509152343676,1.8969741189237157,0.43171223652767376
0.0008807238485623997,0.0009131321221963519,0.45796258378263777,1.8994735984534163,0.4318837979471726
0.0009216706345700876,-0.0003280841897507719,0.4581942087708655,1.8984959615920916,0.43177219924341886
-5.475680297975378e-05,-0.0005166154132325466,0.45835681317453625,1.8944350555372116,0.4315336823653089
-0.0012389831353313652,-0.00024737750936659655,0.4584576398945455,1.889964764127335,0.431292720699957
0.001075089804836202,0.0015211660283436209,0.45782096145545426,1.900806272697877,0.4319868164866095
-0.0008400178931784692,0.0005921717004845346,0.45824686763738,1.8923258569140007,0.4314644690380784
0.0007422169065671942,-0.0026834651306601766,0.4586667045756639,1.8956188174793411,0.4315025509896258
0.00034458970332707607,0.0006500421686942067,0.458082705145896,1.8970972902474352,0.43173730456350606
0.0007399977380042348,0.0005055188204473533,0.4580587877125818,1.8985387379269412,0.4318123883216275
-0.0017191129047856963,-0.003978466464128687,0.4592265425816645,1.884626566480694,0.43082137236999607
0.001960815645163555,-0.0007798904741446409,0.45814449193615336,1.9022162546182542,0.4319624160289352
0.0012576935764729198,0.0024961964115086995,0.4576105251441847,1.9024297792372218,0.4321229321761484
8.641930522433574e-05,-0.002256108896446955,0.4586698508248407,1.89339998369163,0.43139625646021473
0.0013513995828936657,-7.330930254818794e-05,0.45808940657221986,1.9004404405180662,0.4318938607473115
0.0005133848427698688,0.0009441937370545274,0.4580046116223703,1.8980397381844412,0.4318040034643835
0.0009420790470242025,0.001998162860965925,0.45774726314163816,1.9007154497571195,0.43200328350016376
-0.0014040381321342363,-0.0027780839354859077,0.4589591887133345,1.8869834711185212,0.43100923116831646
0.00014000937734481823,1.8070576917836266e-05,0.4582297521269779,1.895701903559586,0.43162965001818554
0.0007683601912611172,-0.00026605687478145574,0.45820234326114573,1.8979426562278159,0.4317436748628378
-0.00017900082843747022,0.003999234176347827,0.45751188989567537,1.8980925885674123,0.4319454058165415
0.0013575998249656677,0.0022855052152501716,0.4576376526471136,1.9026336006368847,0.43212492948290204
0.001024182841654389,-0.0015534823331676152,0.4584146982477669,1.897778521187049,0.4316760525156028
-8.439951290695206e-05,-0.00013697530144161083,0.4582883243008776,1.8946657665926485,0.43156394757908567
-0.00108123312529902,-0.001712952578716097,0.458715991234673,1.889247420964309,0.43118569820485536
0.00015887068429061327,-0.0023926112434913722,0.45868651799036264,1.89356320112443,0.43139931544510346
0.0005354948207101898,0.0009313426533009604,0.45800418218540795,1.898115954915082,0.43180773751487833
-0.0002328487079344976,-0.0006677447100298431,0.45840855612801323,1.8935869460163355,0.43147880565456515
0.0005951432817395685,0.0009455040292332178,0.4579937015223741,1.898366454193058,0.43182256526313534
0.000361124479522172,-0.0024092085362359015,0.45866363841774577,1.8943533076584371,0.431443308462422
-0.0016031845105396265,0.00403403939211982,0.4576900771249247,1.8924501368558948,0.43162744186032337
-0.0006448385269882347,-0.0007195770359828303,0.4584713759919883,1.8918982630493184,0.4313808246358892
-0.0018027381890934962,-0.0015727275789346174,0.458780956724809,1.8865007838452528,0.4310365048013424
-0.0007236707158078827,0.0015703588502075027,0.45804567995676704,1.893688553378182,0.4315859576655537
-0.002610177929073915,-0.0027596194740650243,0.45910743224794404,1.8821923476575602,0.43073873893296566
-0.00040743294785987663,-0.0009669722035216109,0.4584879698798946,1.892616738862742,0.43141030474005687
-0.0007660405379899368,-0.0008680767201560132,0.4585151548543882,1.8912790259098315,0.43133902845926525
-0.001557867908660072,0.0005266404889035229,0.45835126696637807,1.8894051084675239,0.4312960936039555
0.001180756489247788,0.0003017265186176356,0.4580401046192996,1.9001059146083554,0.43189190711423997
-0.0005299767323387262,0.002487489928210892,0.4578459058210126,1.8953035848131072,0.4317189702545971
0.00048213271880409553,-0.0020268234257999292,0.4585751867927209,1.8951861056834884,0.4315077951604286
-0.0005659957489214732,-0.0012017230943182477,0.4585529802094753,1.8917695415221059,0.43135169119077194
-4.491921418442571e-05,0.002387372877415113,0.45780197930856065,1.8971435382258957,0.4318186338502564
-0.0006961822376321598,-0.0002886373849113193,0.45839598213792176,1.8920895734141134,0.43141118266543116
0.00011131850650591365,-0.0023427664937610325,0.4586831449106217,1.8934195948002643,0.43139344102419613
-0.0004708562032474205,0.0012056367429075848,0.4580824966956283,1.8943603814826324,0.431607480511777
0.001118586723954199,-0.0036852998042820745,0.4588089837813466,1.896197705107091,0.4314899459317966
0.000698724666460219,-0.0005720818391885341,0.4582697865533294,1.8973843037518796,0.43169818995812254
0.0012741460365726478,0.0012226391721404711,0.4578518806029759,1.9013240808960923,0.43200261593803396
0.0019460020356246563,0.0006101377123754699,0.45788055643458747,1.9034345494688005,0.43209438552716617
-0.00039080232005113755,-0.0016358286715218333,0.4586130956115587,1.8920687942745087,0.4313489710803766
-0.0014141478635371404,0.0010905444189819738,0.45822572156489316,1.8904961657661288,0.43138342968067245
0.0005096631514920161,0.0016105693035207479,0.45787790747782464,1.898637550434907,0.43186804880947577
0.0003465099616715779,-0.002941618927098804,0.45876689977169127,1.8938065041628451,0.4313882211474213
-0.00040130095879194547,-0.0004769945196057542,0.4583939285325557,1.893091208189434,0.43145937323444045
0.00015800838419879028,0.0015072276799114018,0.4579434650466136,1.8971422980600774,0.431778688424737
0.0014015170472382096,0.0005613305265591517,0.45796155845295516,1.901223104597626,0.43196693674362174
-0.002038502212283879,-0.0020057215710337635,0.45889284316152124,1.8851634921093998,0.43094115499221725
-0.002109091062388677,-0.001501066618868953,0.4588060712515277,1.8853453695532527,0.43097431851048573
-0.0011843567848413277,0.00046926087523576677,0.45831442388885024,1.8908408928761025,0.4313748047104027
-0.00021836939037849163,0.0021914485609490853,0.4578619041089974,1.896272523493053,0.43176043053243923
0.0010666505188106133,-0.0008945604744605765,0.45828343306056996,1.8985526803911146,0.43174974697086566
0.0009342215696923311,2.5264902037053465e-05,0.45812512288198415,1.898870573539805,0.43180942266742744
0.00045044451794967776,0.0026465630925028467,0.4576878368662395,1.8993545601085815,0.43195559013379675
-0.0011344556816657754,-0.0001315973895273425,0.45842227378165046,1.8904876501357095,0.4313275779943418
0.0015208314840456372,-0.0014990452309259967,0.45833958003580566,1.8998050979568673,0.4317932869958164
0.00021290079677249046,0.00026014299028012325,0.45817415890410684,1.8962145980169083,0.431669651852369
-0.00041060058754097817,-0.002567408604900127,0.45879280405171374,1.8911347996021441,0.4312538720533596
-0.0006778402900246593,-0.001927145732711073,0.4587052364764628,1.8906579493857751,0.43125587454975683
0.0010686757440121785,0.0004890295939119913,0.4580189960038835,1.899831941900689,0.4318848774252927
0.0006942422013444528,-0.0023324940734557142,0.4586060213160845,1.8957499631210266,0.4315258788006717
0.0004958029850208544,0.0002825949092289686,0.45813313332338096,1.8973616760995091,0.43173562985767877
0.0010366012629697068,-0.0014143740101441437,0.4583865425895888,1.8979556868294332,0.43169238801797016
0.0008013003688598882,0.002691187078866855,0.4576333039423125,1.9007924758961965,0.43203904324154996
0.0017820064532129188,-0.0018232871789229863,0.45836736674611095,1.9005466193154912,0.43182059064290135
-0.0011090634679902307,-0.0028720901439678835,0.4589396522660458,1.8880726333378501,0.43106665314433545
0.000951195998863386,0.0011670282487417616,0.457904867636871,1.8999875229333998,0.4319244051156639
0.0003380924168540026,-0.0016982607422092889,0.4585311907678965,1.894914245173417,0.4315072848895486
0.0012392603890543222,0.0031490751793710192,0.45748806030633726,1.9029570633802266,0.4321823719290816
-3.4463373326239726e-05,-0.0002349787866038237,0.4583005428543191,1.8947746012175337,0.43156567098132576
0.0011758999189498721,0.000993402835536948,0.4579085898761578,1.9007223172230183,0.4319581515172413
0.001329138000477428,-0.0007916506566442854,0.4582295320188464,1.8996919133105814,0.43181892585713366
0.0003357385965205716,-0.0006618975933542875,0.45833400812879665,1.8958566109004897,0.4316076052115645
-0.0005624885714688724,-0.0005818454506650499,0.4584346027265348,1.8923528231053484,0.4314128070418403
-0.00027998959530350486,0.0009897608677661668,0.4580989452131162,1.894922206779797,0.43162951724283666
-0.00029966580081710627,0.00013863236167018227,0.458263620400022,1.8940616269380988,0.4315422206833976
-0.0007985075929191353,-0.0024012736883828652,0.458810743059749,1.8897420293264893,0.43118252408969204
0.00141243166903109,-0.0019264755177495485,0.4584353371073418,1.8989812692349706,0.4317272674606847
0.00179296199532251,0.0018426223568333007,0.4576649017709796,1.9039587585022621,0.43217991031757436
-0.002261115672045874,-0.0012501906287351585,0.45877768389764156,1.8849696320533949,0.4309644059095258
-0.0004112308772874942,4.12813041762896e-05,0.4582965429054587,1.8935277968363085,0.4315075785411513
-0.00017547576134333015,-0.0011826038251170354,0.45849918739413614,1.8933425920681657,0.43144164169260796
0.0012386347651974613,-0.00024911462653054006,0.4581377476191846,1.8998301223511556,0.43185133257729813
0.0009519822511319726,-0.0013423743431665493,0.45838380991962063,1.8976849847116322,0.4316803196985558
-0.0006809418706340933,0.0026133061759358155,0.4578414892690699,1.894817905254988,0.431697165601752
-0.00027746328432057976,-0.0021501195011752244,0.45869639901454506,1.8920480939149644,0.43132449871525785
-0.0001670414247855754,0.0020619092110771083,0.4578799369351598,1.896357825873567,0.4317593925270375
-0.0001582782912946698,-0.0014051488731128858,0.4585393375511539,1.8932067267346955,0.4314238649697703
0.0006294426469100046,0.001925659812239019,0.45780208730562905,1.899404179422169,0.4319257394536165
-0.00020297921351850834,-0.0006222378592561562,0.45839604364091935,1.8937477115666688,0.43148997175666914
-0.0003591231064187527,0.005288424681951045,0.45728933329775556,1.8985620627505375,0.4320303999601369
-0.00018468596888597663,0.0034185536447974016,0.4576234521098298,1.8975355423453186,0.4318875515495048
-0.0001451250450277569,0.0007959169687859199,0.45811842879261266,1.8952811853677998,0.43164106461336665
-0.0020106559646900783,0.00034870177618578457,0.45844270183775426,1.8874367791506594,0.43117656249697633
5.33308271034051e-05,-0.0006186241662820427,0.45836228803072876,1.8947718031675451,0.4315481313758364
-0.0004020456990508209,-0.0026670004141868633,0.4588106460282722,1.8910774764265648,0.4312461137215548
-0.0014692799697918813,0.0003277299104656808,0.458377755316416,1.889575390359053,0.431296725239972
-0.0006298477329703928,-0.00017371793807418587,0.4583655965851564,1.892459408835997,0.4314373334740932
-0.00017640486833199345,-0.0009896921021416139,0.45846258202974915,1.8935160543226697,0.4314602050425278
-0.000717683630121914,0.003633422891626678,0.4576518298033622,1.8956100818255541,0.4317882444296554
-0.001088196289273991,-0.000994302257486927,0.4585803358764824,1.8898795519936835,0.43125405539629025
-0.00028988675489816085,-0.0022559849622455,0.4587181288877471,1.891901437873666,0.43131139709502037
-0.0009456960201018479,0.0016881909369387594,0.45805187228401273,1.8929123057118435,0.43154733596451433
0.0009216510737366086,0.0002598437930796648,0.45808197948161977,1.8990360907508628,0.43182942381840106
0.0032035226113454125,0.0016212599385524598,0.45751962032003113,1.9093657799731532,0.43247608947355276
0.00121932475617735,-0.0015933506898381563,0.4583969130513222,1.898518608183374,0.43171615854748574
0.001071859309525782,0.003295600436096437,0.4574821246901198,1.9024255869480668,0.4321589119547482
-0.00037180835812826435,0.0035374812754399216,0.4576251489791407,1.8968996461190606,0.4318569278026624
-0.0007935482074946542,-0.002216105746596049,0.45877492616109117,1.8899317418304957,0.43120165688261514
-4.2461508856724646e-05,-0.0015754452298326232,0.4585568553816901,1.8935116105303866,0.4314334156952384
0.000631495205518995,-0.0021590123950495617,0.4585810732421072,1.8956594083362508,0.43152861017217187
8.471967952373891e-05,-0.003823534991578726,0.4589683159376217,1.891954975881362,0.43124341079896356
-2.9330401540455205e-05,0.0020559470068550836,0.4578631708863228,1.896900807638109,0.4317898723096383
-0.0002582641059737349,0.0006118061093448017,0.45816814492670654,1.8946613531194523,0.4315976213618149
0.0010797181800463922,-0.002143366387308091,0.45852001073979354,1.897457993341636,0.4316311756842105
-0.0012529248801222749,0.00016006025048811545,0.4583819808455233,1.8902835368399977,0.4313292323615578
0.0002769530526948289,-0.0005216221092672285,0.45831488338274784,1.895751392329674,0.4316080017353188
-0.0009547481607198093,0.002372723534132675,0.4579227143847864,1.8935057295725537,0.4316119553969792
-0.0011451866647520159,-0.0005070065708741658,0.4584950033351778,1.8901000272074555,0.43128861830052984
-3.893064642989067e-05,0.0014185936656193404,0.4579859654137334,1.8962765205012095,0.43172564250955403
-0.00043873153299799474,-0.0016018850300371017,0.4586127837560757,1.8919090473441778,0.43134146218825165
0.0019907613000485582,-0.001649849986625678,0.4583068766906895,1.9015364247105249,0.4318845024760009
0.0007906854907555758,-0.000298959833507597,0.4582057150109408,1.8980013018895194,0.431745505381284
-0.0004674877377351025,-8.515080794850477e-05,0.4583278580511557,1.8931875443965902,0.431482581478663
-0.000249489068809342,0.0006088877302962514,0.4581675666366437,1.8946936217413106,0.4315993165661766
-0.0025082455742805277,-5.025159769731101e-05,0.458581382340825,1.885086365785674,0.43102538025300235
7.42110018649116e-05,-0.0018963802299005199,0.45860293936973134,1.8936815881288107,0.4314285017524572
-0.0003794162073274013,0.0045682745575443984,0.4574294601005029,1.8978181201985593,0.43195564275934956
0.001826209816969096,0.0012548514865612988,0.45777300073867117,1.903550588435693,0.4321301659092163
0.00023327223087934797,-0.0005940157041893596,0.45833433495466425,1.8955109587616337,0.4315911057989739
0.001373814480826056,-0.0008725391775681272,0.4582391412268366,1.8997954153222698,0.4318211226628279
-0.0008064358464347181,0.0013525114726937652,0.4580978309928486,1.8931585327411575,0.43154607214403173
-0.0009500067531923585,-0.0015419665556685577,0.45866677687157864,1.889927262653869,0.43123194526046743
0.0014329708597576503,-0.00313568527804341,0.458663426373777,1.8979531425416338,0.4316142595038622
-6.119977573368532e-05,0.00023445102904561029,0.4582145598433479,1.8950994375613146,0.43160533460100525
0.0002586853141497673,-0.0028421120630491526,0.4587592515935993,1.8935481229266566,0.43137809679897027
-0.0002208207094392052,-0.0006500391891166276,0.45840363575193926,1.8936511150493607,0.43148324179964137
0.0019012621383577108,0.0019626921332175106,0.4576275833460465,1.9045000917212,0.43221600665011745
-0.0007422377340699322,0.0017078795948201689,0.4580218882419454,1.8937410254634401,0.4315951596522424
0.0006494888809037569,-0.0002198078854645188,0.4582089871678179,1.8975119170871495,0.4317213767572079
-0.00023547688053601593,-0.0005350444570812365,0.45838362889037915,1.893698370826966,0.4314911278322177
-0.0015189998567624102,-0.0012286238457784114,0.45867968828916544,1.8879476243159654,0.4311340313308043
0.0009278143003111001,0.002822381717255818,0.4575915950549446,1.9014168012419563,0.43208034356188474
0.001834056986928039,-0.000732756905997237,0.45815213509264885,1.9017552223302923,0.43193844245132484
0.0006122619392363688,-0.00469607179165334,0.45906671815100253,1.8932552255183064,0.43127751546522725
-0.0002615891458597207,-0.0024638451898642898,0.45875404053026214,1.89182336165915,0.43129755835922856
0.000816370052614562,-0.0032353062066871763,0.45876227911918555,1.8954076122457584,0.43146558881415836
-0.001024092488403299,-0.002155692177762248,0.45879281712001163,1.8890686686380962,0.43115551675704417
0.0003952450785543884,0.0016369182512280967,0.4578878115759042,1.8982062095809586,0.4318448150516446
-0.0009031125681535794,0.003521410834607743,0.45769722963831816,1.8947682195035565,0.4317354937235951
0.00016283223347081686,-0.0016252745979498586,0.4585399002515881,1.8942833921357638,0.43147486535606544
0.00034889556386023015,-2.6803650891510314e-05,0.45821122663116387,1.89649244857639,0.43167238677402175
0.0008251181589484375,0.0006733905318008988,0.45801562974781485,1.8990318823761485,0.43184792132753363
0.00216512683132803,0.0022834538092385034,0.4575311450867319,1.9058448968586101,0.4323066972423831
-0.0006256022324761728,0.0015381733218184908,0.4580391486644119,1.894049651658183,0.43160494904947544
0.000755681133174101,-0.0019508141311077995,0.4585253177985459,1.8963449173859779,0.4315768640888601
-0.0007348006496321648,-0.0015740784725765272,0.45864539665887916,1.8907551725665632,0.4312773762480746
-0.002431853953285137,0.0012433898830176593,0.4583263600448245,1.88657976079509,0.4311685622778063
-0.00020844982868622005,0.002405980604725645,0.4578197052497427,1.8965093445463708,0.43178356150357633
-0.0005465762916601163,0.00014814776678571013,0.45829362912758004,1.8930868536747152,0.4314874488553711
0.0007208648627086508,0.001890584954820641,0.4577968191619128,1.8997358926340897,0.4319429358136791
0.00032034971161311494,-0.00202875584630546,0.4585964353293766,1.8945401821384653,0.4314711279568139
0.0021789836353003095,0.0016962913151675062,0.457641788631878,1.905360007903051,0.43225263568666805
0.0013487555816848122,0.0031588963572611282,0.4574717126905954,1.9034018913387492,0.4322080081789873
0.0013904311424521598,0.0008113974810096193,0.457915214993504,1.901408833259175,0.4319887841909606
0.0004718893922615941,0.0012336135658712174,0.4579547876695113,1.8981405784413412,0.4318228264409354
-0.0014783289660533967,0.0015885842656842067,0.4581392497682059,1.8906982244448292,0.4314174363946866
-0.0009558293632379216,0.0008245725801546505,0.4582175299077549,1.8920780241918638,0.4314609628641968
-0.000991769896667149,0.0013963670361905518,0.4581133464353391,1.8924604261746383,0.431508524170551
-0.00047449458644110347,0.004855466663981568,0.457387067341798,1.8977037951221734,0.43196217966096717
0.00019510982023656268,0.000992697567417911,0.45803678074861415,1.8968170224912833,0.4317369566511053
-0.0008874003655861961,-0.0005590474304639617,0.45847192971247563,1.8910793601260143,0.4313417217228249
-5.0798657511679086e-05,-0.0005586396981693858,0.458364306779941,1.89441221593606,0.43153048500269137
-0.00042358018922350054,-0.0017050306404002148,0.45863046185933376,1.8918746985481476,0.43133484392546306
0.0007580721958351945,-0.0007457316700168358,0.4582951972227193,1.8974610548468445,0.4316946692440158
-0.0007975620494120869,0.0007148663516869386,0.45821805995121695,1.8926077665197123,0.4314859927285684
-0.0007943141909736768,-0.0003386418442823186,0.458418085171435,1.891652687522072,0.43138417567372556
-0.0004982003244618289,-0.0018028479571364317,0.45865862568847027,1.8914876609171742,0.4313084937451277
-0.0002158836294414902,-0.0016032805746441054,0.4585844516939993,1.8927953759342764,0.4313915931291517
-0.0012289913579562732,0.0006878255955707925,0.45827858162629,1.8908638896659733,0.4313860091823779
-0.0002857801417330923,-0.0028509412951920263,0.45883075446312155,1.891371765718158,0.43125444629527715
-0.0003824111720087569,0.00036532109992775796,0.45823112504582264,1.8939403446805771,0.4315456224691652
0.000428930061682114,0.00073022048471417,0.4580564390796318,1.8975068007978584,0.43176412828098476
0.0002570800208615927,0.0011646990682445655,0.45799591522913935,1.8972219034219695,0.4317676782578188
-0.0004795780974424047,-0.0015538676778334797,0.4586088856082956,1.8917904306555338,0.4313369201785744
0.0006116022651296074,-0.0007974328002672788,0.45832408344891185,1.8968304615403575,0.43165661543210687
1.6980467831017493e-05,0.0012708550925673097,0.4580068760196646,1.8963633638033215,0.4317238672486904
0.0009324730981976934,0.0023855525333240676,0.45767448643356906,1.901033507089043,0.4320388463651434
-0.0006703185447042635,-0.0007197890382037916,0.4584746842966068,1.8917965629987337,0.4313750555990582
0.0005553480413813341,-0.0027880922966788,0.458710763177616,1.8947788650348305,0.43145024301718693
-0.0012330667515108669,0.0011858094539203932,0.4581844023632906,1.8913053655501704,0.4314335719284917
-0.000597099749405379,-0.0017959986519493884,0.45866998047321705,1.8910999870520315,0.43128684948071533
0.0007986585322028176,0.0010371510211743269,0.45794963061532246,1.8992609142926506,0.4318773720188917
0.0009120340442281088,-0.0006427000607342403,0.4582555078686865,1.8981685805741917,0.4317394053984372
-0.0002764485220409458,-0.0006591723685280674,0.4584125386596293,1.8934211652213326,0.4314698056023621
0.00030017777154300944,-0.003951424836639697,0.45896504500700486,1.89269560330438,0.43127955960103453
-0.0006740009832865789,0.001380229547669865,0.4580754761071012,1.8937116316084253,0.4315786507671628
-0.0007601176887708386,-0.00012352200662535794,0.45837277624318695,1.8919865527304711,0.43141282903642375
0.0001308794915743132,0.00101613789829408,0.4580406556221204,1.89658279382025,0.4317247538871268
-0.00045995510037774844,-0.002202278668026341,0.4587296888094877,1.8912733352724282,0.4312782598447167
0.0024658920768096887,-0.001392073491873491,0.4581950962285617,1.903663188874422,0.43201662306495203
0.0016920198887817315,-0.0034183995211212394,0.45868369153281857,1.8987245499109,0.4316451370650132
0.00011728204961100452,-0.00037914692950206556,0.45830839444722477,1.8952464593823923,0.43158586147008665
0.001873623789058568,0.003971135560535459,0.457246516049416,1.9062380639229461,0.4324054237383268
0.0009705292630511008,-0.001971029788438161,0.4585013155902312,1.897181593830486,0.43162333050174057
-0.0007823176383499905,-0.0014622059553035017,0.458630202870876,1.890668587200396,0.43127754119584055
-0.0004998005230392905,0.0005108265460154702,0.4582185567119117,1.8936064579296359,0.4315333061029815
-0.0007652705895685662,-0.0004770172096190094,0.458440681306752,1.8916412833984044,0.43137726071076615
0.00145704782849616,0.002802240297771818,0.4575256516864981,1.9035047213495366,0.4321976732125809
-0.0018229386493904085,-0.0018487977128411907,0.4588358779598454,1.8861668214035487,0.4310050845641225
-0.00035764071592467783,0.0025233337124128392,0.457816712640158,1.896023042223996,0.43176133815799783
-0.0003161458247376583,0.0037162753244419497,0.45758378668182154,1.897285903014357,0.4318869024393425
0.00036794279528311525,0.0027936733255198667,0.45767054089893316,1.8991613902547164,0.43195131548958726
-0.000835367537389236,-0.000600440300086589,0.4584731377870859,1.8912486449377783,0.43134943327090886
0.0010119997683650588,0.0011129726425664777,0.45790722967736674,1.9001798610126779,0.43193284851776703
-0.0018269432673947887,-0.0005319560272982417,0.45858653610058253,1.8873600510594029,0.43113231884910885
0.00018579864223693357,0.0012256826422022693,0.4579935542162651,1.8969941194906215,0.43175754137526234
-0.0006152530372623089,0.003385506204916988,0.45768579143123267,1.8957900222993873,0.43178720281251104
0.0001585904630884416,0.0028176992186856064,0.4576933234301067,1.8983498448027754,0.43190644490756164
0.00040567344815087644,0.0001658239052236634,0.4581671215088456,1.8968955171618953,0.4317039402132786
-0.0003037045838700111,-0.0022642257764206165,0.4587214666446314,1.8918388381709772,0.4313074786244105
0.0008596947474931882,0.001472316878541475,0.45785853373483076,1.8999039600321677,0.43193350399450675
0.0009274165438740635,-0.0007274611021377347,0.45826967968097587,1.8981519532027193,0.43173462364486404
-0.0009778787374383948,-0.000733007326141423,0.45851658046800825,1.890559085888283,0.4313043764881283
-0.0002974706480027982,-2.0145891017821938e-05,0.45829357472309756,1.8939244816274583,0.43152726044368805
0.0009760143593152933,-0.001766937411099358,0.45846167658378467,1.8973908022950459,0.43164442475739984
-0.00046875033333646583,0.0013409513786545731,0.45805644795015865,1.8944931655447312,0.43162113074230685
0.0008977627501200764,0.004299911396769363,0.4573129821022446,1.9026569249997307,0.4322175135415758
0.0005274939020408902,-0.0016404326592327526,0.45849569369939225,1.8957214452709528,0.431555617801765
-0.0010110224784944972,-0.0015309548643439258,0.4586724667766201,1.889694266085554,0.4312192491898334
7.995938269513425e-05,0.000494591321758963,0.4581467017552151,1.8959006531772984,0.4316624944067678
-5.4725189058440895e-05,-0.0011868134137763468,0.45848444236662467,1.893819630588793,0.4314684664094332
-0.00017062401888292883,-0.0001476644829900041,0.45830149460493264,1.894312540272495,0.4315434595472932
0.000593251897624477,0.0001638395069134744,0.458143111105489,1.8976405296589742,0.4317460415259092
-0.0007843247909891302,-0.0022647764808047407,0.4587829986599864,1.8899238138694026,0.4311990028703567
0.0014667885145180145,-0.00016408101897825595,0.4580916307963804,1.900816244607939,0.4319110306825663
-0.00016119508020635148,-4.5109141240340446e-05,0.4582807432414343,1.8944443175935197,0.4315555685966999
0.0011184316053197353,-0.0006037995234871051,0.45822117791599215,1.8990258600859549,0.43178971686868073
0.00018377387458859708,-0.00045622310306089214,0.4583144803329994,1.895440432717068,0.43159335452682174
0.0005794394202622323,-0.001956018137263506,0.458549119055649,1.8956385146773382,0.4315366236361721
0.00021152479209667326,0.001997293031462154,0.4578429954149389,1.897806036065618,0.43183847947053955
0.0011745789900097403,0.0011994093520820471,0.4578693948013589,1.9009064415057224,0.4319779119372176
0.0003004623550655449,0.0030520447071735006,0.4576300322810414,1.899130393229025,0.43196126565832843
0.0007058365811512701,0.0027152289873331355,0.4576412438592521,1.9004345461032666,0.4320198623452901
-0.0011663966456516089,-0.0021235890494592942,0.45880481775345316,1.8885311200076325,0.43112652898222137
0.0007965486215748728,-0.0005124326738102999,0.45824568421936984,1.8978285297064355,0.4317260495847427
-0.00041145280213196066,-0.001836548436683629,0.45865392398549076,1.8918022613162184,0.43132478324650986
0.0014686340128809744,-0.0023078521889076313,0.45850081238894763,1.8988548189417895,0.4317028280207647
0.00011582426786049878,-0.002697448421394975,0.4587500760510797,1.8931120129633847,0.4313599532351494
-0.00015813980730664795,0.004356353055155799,0.457440989898817,1.8985044028577724,0.43198490685818874
0.002400271022669699,-0.0009529466136499497,0.45811972143913904,1.9038054848285537,0.4320445762565202
-0.0009776554625038165,0.0031594221305885754,0.457775845424908,1.8941381325112372,0.43168341093077967
-0.000826967734778561,-0.0034515652962511544,0.45901386429164204,1.8886649092350059,0.43107394138622745
0.0003541218103266288,-0.002084950672451092,0.4586027830841468,1.894623065968916,0.4314732758767105
-0.0014092812052991304,0.002180976998561966,0.45801772947278296,1.8915181203616562,0.43149070687283414
-0.0007028390327936791,-0.0020564780660513203,0.4587330139307151,1.8904396373654997,0.43123765176762135
0.00017832685564134624,-0.0003624448825303724,0.45829731346884317,1.895504891675717,0.43160125358306106
0.0011140473343558104,0.00018793537891757773,0.4580705683466889,1.8997358315706985,0.4318657934009419
0.0015734679072062752,0.002206423230358147,0.45762428829707036,1.9034199370595912,0.43216587810872564
0.0017587655136134279,0.0021753738788535667,0.4576057297189312,1.9041287200827295,0.4322046108951077
8.382925940980528e-05,0.0010597021203215921,0.4580384587357691,1.8964354726185295,0.43171838454608596
3.546591458050147e-05,-0.003008518176638286,0.45881958432858105,1.892506556733398,0.43131157221611094
-0.0011388555104677256,0.0014376586099022883,0.4581243998352684,1.8919123067800783,0.4314793540416808
-0.0023021840687393377,-0.0015940870882345218,0.4588480387514803,1.8844901505152347,0.4309216718113403
-0.001244172554038327,-0.00011828453809029188,0.4584337679884909,1.890062680425017,0.4313041144407376
-0.001001060002731771,0.00048704029237515555,0.4582875484674096,1.8915876026041074,0.4314178975443429
-0.00017901158325702232,-0.0009043477002452055,0.4584466693911128,1.8935840542024107,0.43146792253042326
-0.0008149034234874153,-0.004296480426504513,0.4591727419431961,1.8879380119569156,0.43099449697676473
8.749086788037541e-05,-0.002496768765244239,0.4587155213101336,1.8931833613508258,0.43137308564608845
-0.00027433156416855,0.0007218273072642954,0.4581492616776335,1.894698473364932,0.43160470807626816
0.0010411660811308861,0.0013648767963622688,0.45785527776005464,1.9005275447580738,0.4319639509681257
0.0014627340813528793,-0.0027436137289080964,0.45858474728200727,1.8984313788759333,0.43165910566841126
0.000676266964467735,0.0030389817928531,0.4575832583977676,1.9006146770397407,0.432044731140221
0.00040194791264345256,-0.002141115411212266,0.4586073116790058,1.8947619333184806,0.43147859559347096
0.00040446156441237817,-0.0009994844963584959,0.45838945550769766,1.8958201742998664,0.431590247293169
-0.0006152576746372404,0.002064333210107685,0.45793758407648094,1.8945746728198911,0.4316585196164898
-0.00015907469614159341,-0.002159667709636413,0.4586830319759685,1.8925108463324616,0.43135027252037333
-0.0006465212746284642,0.00380325231542803,0.4576102056582295,1.8960498810626163,0.43182084510788077
-0.0008116831576645122,0.001310488831266212,0.45810650696611854,1.8930989948319175,0.43154079657361705
0.00018952694450940236,0.0022659034124054675,0.45779460390340065,1.8979654733535634,0.4318596781109688
-0.00025754649508098347,-0.001823932810952354,0.45863178825949086,1.8924268573518852,0.43136072664532354
-0.0006114082067667524,-0.001985916077827827,0.4587079190299916,1.8908686407703914,0.43126514372568403
0.0025537945776842094,0.0003815490932641915,0.45784390964434546,1.9056422531876616,0.43220905495878764
-0.0002976428189305231,0.002441077497996761,0.45782460351226223,1.896186366254954,0.4317668608139852
0.0006579243226161445,-0.0003478820518011318,0.45823232256666796,1.8974278354223364,0.43171081265040745
0.0006241311517108046,0.0005302915844304633,0.45806916624648547,1.8981002274953787,0.4317886771300783
0.0011178571600308274,0.0032006347234590864,0.4574942219341581,1.9025212924300672,0.43216002946023524
-0.00029118679831102566,-6.335193501132635e-05,0.4583009920711646,1.8939098135441153,0.431524472306949
-0.0001619821712397369,0.0023706044161991018,0.45782041006252977,1.896661883089494,0.43179059727163055
0.00039148088143065127,0.0015210584853018432,0.45791041469104427,1.8980846926935404,0.43183268430636434
0.000895394155825272,-0.001223543979067277,0.4583684965125877,1.8975688575479557,0.43167912687533705
0.00014202839810023067,0.0026835405370691343,0.4577210937710609,1.8981604739623688,0.431889642450562
0.0009198811058344946,0.001576829363293841,0.45783068251867476,1.900239641473274,0.431957249120167
-0.00025802273918513856,-0.0006906136454847053,0.4584161519648939,1.8934656745916567,0.4314709017824934
-0.0008208454157790073,-0.0005167205091113294,0.4584553559323476,1.8913834027560015,0.4313608577612817
-4.601957461001053e-05,-0.0027649550193655204,0.458783693701528,1.8924055570229452,0.43131688713373273
0.0011518721027884411,-0.0014727230995469083,0.4583826753836557,1.8983609092611924,0.43171269287470576
0.00026177936158104897,0.0011693969089193817,0.45799440765311206,1.897244934771946,0.43176919539580255
-0.0005226334742449849,-0.0034940590586398897,0.45898322840132133,1.8898382860136105,0.431138466347644
0.0009594751718470636,0.0007955388632218202,0.4579747412052251,1.8996789893260608,0.431890101960394
-0.00023004659588155734,0.002197306465090642,0.4578623040158791,1.8962314008785626,0.43175836708860765
0.0008910198078262942,-0.001840305677304424,0.45848670234560085,1.8969851194091139,0.4316181263374827
-6.196209716409167e-05,-0.003400789947460414,0.4589066850458826,1.8917586521020362,0.43125144524544495
-0.00024021509746841315,0.0027354773994851937,0.4577609958709231,1.8966859083353145,0.43180848851822984
-0.0008025630930127861,0.0016021650028902699,0.4580498011506885,1.8934034873141383,0.4315712549165506
-0.001455898761671707,-0.0005650011923903914,0.45854564808787346,1.8888085661483742,0.4312128533919165
0.0009365825200705014,0.0033271298194353484,0.45749392933372723,1.901916119415873,0.43213148846253374
0.0004596499098354918,0.0014693014826302117,0.4579114011981685,1.8983085315517572,0.4318430157853585
0.0016950823541111617,-0.004714312062801219,0.45893053857687893,1.8975480839615837,0.4315198003347685
-0.0016500679143729884,0.003661496325044115,0.4577670136576819,1.8919204149184743,0.4315805647286504
0.0024242465990725794,0.001161931223025426,0.45771160225728014,1.9058443150132096,0.43225585343706135
8.085844103357918e-05,0.0005083519207949174,0.4581439620718367,1.8959168796972847,0.4316640367671265
4.4671044382602404e-05,-0.0011833166208131344,0.4584709658755779,1.8942186780038521,0.4314912235081663
1.6064480338825756e-06,-0.00023739727318886677,0.45829634226136695,1.8949160262263263,0.431573570529379
0.0006696378496304926,0.0013213457227026076,0.45791222804586595,1.8990085432130714,0.4318759553625118
0.0009735993151554038,0.0011422149370046927,0.4579066735668226,1.9000538898817558,0.43192703940601196
-0.0009298956977998711,0.0026968994542759996,0.45785776919983046,1.8939029285133817,0.431649136259871
-0.0025897907438465363,0.00023121707859637472,0.45853831364082387,1.8850197995240903,0.43103436250917243
0.0003396900451883258,-0.0010199173211025117,0.4584017322176781,1.8955435100336895,0.43157365365142186
0.0018424627813931468,-0.002106314681350203,0.45841352745827607,1.9005273173200732,0.4318066749108049
-0.0011228740360407397,-0.0009715393145309139,0.4585804352693257,1.8897622796196678,0.43124844536006585
0.00042421594287173504,0.0015417218220348942,0.45790220146617244,1.8982340325730809,0.43184207781349576
0.00012335350627936965,0.0012980999198377145,0.45798786071234954,1.8968120262673505,0.4317505100352939
-0.0006676898307411543,-0.0011639208142747823,0.4585588205278609,1.8913991446335796,0.4313324276804938
0.0001443980144225478,-0.0025938575152673147,0.4587266875854855,1.8933208655867462,0.4313764740952844
0.00019959334838551182,-0.0007567644901928547,0.4583697050670619,1.8952273580164303,0.4315676716742709
0.0006824603935326768,-0.0019509573091681805,0.45853482609291973,1.896053298772902,0.4315603427865878
-0.0004980039228827263,-0.001089493485780328,0.4585229108325676,1.8921434469447627,0.43137795062612627
-0.0003394486772515548,-0.0019253418846676123,0.458661585806684,1.8920075468367732,0.4313323860759451
-0.00023593703659875005,-0.0026072114444534206,0.45877802365260334,1.8917939523947922,0.4312893976236963
0.0005385409024186032,0.0013042644987362895,0.4579326083854681,1.898470903352668,0.43184473411211105
2.247504378368929e-06,-0.00035878221355869106,0.45831938537578415,1.894807064326222,0.4315619004731779
-0.0008490320967645458,-0.001850253000060553,0.45871247944937915,1.890046529252042,0.4312247325207834
-0.0001962652582640467,-0.0017427950647538458,0.458608481629421,1.8927454203528105,0.43138244332885983
-0.0011264126731681313,0.00032823132856259137,0.45833381926187544,1.890942190855757,0.4313741519944845
-1.969903301655326e-06,-0.0007784422512305124,0.4583998710134937,1.8944047783069191,0.43152010558987053
-0.0007737141344390556,-9.948577776133182e-05,0.4583699486612819,1.8919544678230984,0.4314121009854394
-0.0006562671780996844,-0.0008247148535609426,0.4584928412012846,1.8917561688098938,0.43136801432365185
0.00019735818902274618,0.0013970564268755482,0.45795936114555935,1.8971977030129008,0.43177683475786616
0.0007505189101133541,-0.0011670257509041832,0.4583765355440602,1.8970440476477364,0.43165196664667643
