delta_h,delta_v,h_T,v_T,event_time
-0.00014361679326505664,-0.000160626596653825,0.11565294395693754,0.1445051736212533,0.8009505711591142
0.0005540555061286829,-0.0002458571248382688,0.11569717288040171,0.14560097918243836,0.8014007422206306
-0.00036112624764451186,0.00015128212410554583,0.1156126717997634,0.14441913358739122,0.8009736954207062
3.912941973447152e-05,0.0003452459372071917,0.11561561223633776,0.1452657249423786,0.8013712582435598
-9.201571112161928e-05,0.0007454172864939082,0.11557165574087101,0.14540421936763587,0.8015068783084539
0.0001558808347244043,0.001294165553009232,0.11553322341922392,0.1463132085374973,0.8019989710669866
0.00014810395100679611,0.00014019381134294838,0.1156403013182734,0.14526500219146815,0.8013316685426022
0.0003634628572094532,0.00045407281960444754,0.11562219207380706,0.1459082501579903,0.801665637687021
-0.0001887711498962746,0.00042010774029616543,0.11559682413998464,0.14494984791592486,0.801251126606666
-0.00016371832889694942,0.0006324949373826184,0.11557843005893836,0.14518242310479684,0.8013908241066918
-0.00014064043391629486,0.00019402847902118766,0.11562028176200952,0.14482804415072437,0.8011559629486096
-0.00019278133938571766,0.00018097643949333426,0.11561876336892876,0.14472871150699845,0.8011111753532442
0.0003572101909052061,0.0005970874578580608,0.11560853731202111,0.14602600750288103,0.8017431659680363
-0.00015707116720480548,-0.000669190028086184,0.11569918781627417,0.14402697650510893,0.8006495704523074
0.0001852089495981645,-0.0003372817523055736,0.11568652798837176,0.14489944049812203,0.8010845737375839
-0.00019029641508691754,0.00036066194193966117,0.11560225310523574,0.14489398190763136,0.8012159556328243
-0.0003068611046300774,0.00041960168923375863,0.1155907052835282,0.14475090706274124,0.8011663379407818
0.0002790098356910063,2.2867924280207194e-05,0.11565797943647668,0.145379774844972,0.8013580525376323
-0.00022462143854997012,-0.00010066538738135894,0.11564313897779452,0.14442276339393256,0.800926974869992
0.00038673902119940783,0.00010694119562227096,0.11565571975073441,0.14563611735033893,0.801483286883086
0.0003217398487969704,3.822736178347721e-05,0.11565876038860155,0.14546532900830333,0.8013974164840809
3.784242419076596e-05,0.00010894496599314843,0.11563747469840818,0.14505171672207157,0.8012348837619279
3.881290974135315e-05,0.00016725421524764147,0.11563211635290689,0.14510561683020767,0.8012690000966664
0.00022184827365965523,0.0006168587793193476,0.11559976826376689,0.14581632196506156,0.8016576877035996
-3.229506958545999e-05,-0.00047026768967979777,0.11568742517335161,0.1444148339604942,0.8008527941677899
-0.00016338343397727178,-0.00046425174157215275,0.11567994799305199,0.14419992535286807,0.8007624572452792
-0.0005106952582079723,9.936558781147293e-06,0.11561781406555342,0.14404101102831768,0.8007856460109704
-0.00018971219314120602,0.0009360080482425096,0.11554890080794217,0.14541100473789653,0.8015462785694363
-0.00013719374635871523,-0.0007070069792728449,0.1157037299723673,0.1440265151860079,0.8006421294360729
0.00010469199588348306,7.828460485154047e-06,0.11565033224179691,0.1450734121568722,0.801224748814002
0.00022565855758947684,9.196470018044832e-05,0.11564879814235106,0.14535207511661014,0.8013594973314991
0.00048152846190300256,-0.0003392321847633656,0.1157021123824564,0.14539549137291025,0.8012953754319995
6.643991179673685e-05,-0.00021358646315389326,0.11566886066791683,0.14481071145367802,0.8010704970392758
-0.00011848929343913501,-0.0008297660711169443,0.11571604043476262,0.14394802227001857,0.8005851969084785
0.0001612234745260977,-0.0008256511344125763,0.1157304701881586,0.14442171660506953,0.800787643079857
9.979378923614267e-05,0.00024223708880821652,0.11562832131442362,0.14527530735382072,0.8013556041054851
0.0001081534068322007,-0.0007895127310024682,0.11572433141378359,0.14436490972381694,0.8007703827138637
0.0002121474483699971,-0.000340145788537677,0.11568819966205313,0.14494213455492694,0.8011022004896062
0.00010531956585403869,-0.00017521158846944704,0.11566733655497584,0.1449104275576334,0.8011202989965186
0.0005006721421475202,-0.0002764846543878069,0.11569726790340251,0.14548386884395048,0.8013450194761499
-4.8883594560899096e-05,0.00015941426286681482,0.11562827791635394,0.1449512190120848,0.8012017690210196
-0.00036456559621652197,-0.00022951986113917805,0.11564763919726545,0.14407207826338225,0.8007529988615878
-5.073212966550466e-05,0.00013896454841198696,0.11563007687474212,0.14492978100396825,0.8011887250109637
-8.356205555212324e-05,0.0009176776147552536,0.11555607758390468,0.14557296504459527,0.8016117156114241
0.0004954659525082096,0.0006343720714453926,0.11561209936296583,0.14629170413318954,0.801863419142333
-1.9356463446183125e-08,0.00033816166231625405,0.11561423995789005,0.14519358610449,0.8013391906566762
0.0005362105206405142,0.0009123582149085355,0.11558817015207053,0.14660953066794913,0.8020519761024513
0.0001781903469729247,-0.0002553492867307336,0.11567856703801198,0.1449610579889044,0.8011265009833443
0.00030016029080619683,0.00041143269509261074,0.11562291994926888,0.14576366414707093,0.8015959169262932
2.9688599239880266e-05,-5.066472760923384e-05,0.11565184651148892,0.14489495655130885,0.8011375723388185
-0.00033041937496575174,-0.0007312740983668299,0.11569567456274629,0.1436800304671344,0.8004899774895144
-0.0003137197390474382,0.00016606802993046176,0.11561379900009985,0.1445120740572905,0.8010160939424262
6.171843766234935e-05,-0.00034786639760783246,0.11568104656841204,0.1446824650022666,0.8009901767234326
-5.347595366108911e-05,0.0007270258742416677,0.11557535481587371,0.14545249159160623,0.8015239051660346
-0.0002929432306463941,-0.00019992397494751616,0.11564870043509111,0.14421898471250683,0.8008212085669564
-0.0002971689485566798,0.0010143316319705861,0.11553607192124997,0.14530066188015361,0.8015143086907367
-8.946628304875077e-05,0.0007320941306912071,0.11557302540961333,0.14539655279448405,0.8015010622193679
0.000199104154467832,-0.00031226166045514526,0.11568493415895831,0.14494520310519782,0.8011088485985497
0.0001662327749399347,0.00011812121092321987,0.11564329076540616,0.14527567642274225,0.801331984234848
0.0001294579240004506,0.00011454690776759838,0.11564171564262074,0.14521068200749565,0.8013036305304347
0.00016645106995933953,0.00031437252927146893,0.11562506692877486,0.1454519839102476,0.8014446366745083
-0.00018630528650304964,0.00039712315960005766,0.1155990827597226,0.14493338265454309,0.8012397139533262
-0.00019105396381339495,-0.0006469805187595107,0.11569533564826398,0.14398975473343306,0.8006379793529125
-9.142917888896691e-05,-0.000439451833485349,0.11568145981116826,0.14434306506784328,0.8008281446329395
-0.00016441818654887565,-0.0005393555949602764,0.11568682344478542,0.14413091298000258,0.8007186900648235
0.00021856127160553126,0.00045119684759946203,0.11561502512731321,0.1456622270533559,0.8015603514835146
-0.00015625745869857072,0.000682415578458841,0.11557418345561792,0.14523973821461594,0.8014247872392177
-1.7721922576413792e-05,-0.00036937467715786744,0.11567886539495795,0.14452970653116026,0.8009210250857554
-0.00025284146202117274,0.00021835592145443816,0.11561215825919861,0.1446612740065753,0.801089627148246
-2.087757811654348e-05,0.00013759010687644578,0.11563176068013344,0.1449787193058762,0.8012092953827036
0.0007476588257821983,0.00048185354404039625,0.11563914046420971,0.1465784970589044,0.8019562925303204
-1.698688726123027e-05,-0.0005363304886956835,0.11569433670176721,0.14438138253784338,0.8008258977513539
-9.895331549616652e-05,-0.00034277447218937626,0.11567213099396025,0.14441702970217574,0.8008781529117457
-0.00015118446969745,-0.0011894651589723921,0.11574741234041735,0.14357106856173696,0.8003558149170709
4.065172220818974e-05,-0.0005534282897190836,0.11569895421101194,0.14446292195327254,0.8008573347053636
0.0005618223065736692,-0.00011647714068613724,0.11568552737682378,0.14572996598481014,0.8014804390257563
0.00024050830451581933,0.0001843420488728471,0.11564097996241683,0.1454598344861432,0.8014230687135531
-0.0001911162118228306,0.0001187149114041628,0.11562461291675984,0.1446756983846575,0.8010766794784119
-0.00010351317248238994,-0.0001859059254808215,0.11565738954138961,0.14454991899693054,0.8009647770670346
-8.85652910702821e-06,-0.000987196589502426,0.1157363805551843,0.14399130196697502,0.8005734625379732
0.00035536526898019625,0.000289600969728991,0.11563710078689163,0.14574716720262937,0.8015655545504502
-3.573460251409903e-05,0.0007094507096781858,0.11557790398014237,0.14546654185842872,0.8015265196584862
-0.00024748599175245965,-0.001278398975880065,0.11575041594983017,0.14332963011336075,0.8002359942844678
6.76629738994494e-05,-0.0004343490344343116,0.11568936161855398,0.1446149763075028,0.8009448783490879
-1.762653299937567e-05,-0.00027953374801173913,0.11567056063005958,0.14461035830904934,0.800972570507639
-5.8849472656898455e-05,-0.0005060212305545796,0.11568932816244064,0.14433818388132963,0.8008133138899873
-1.7575337412164933e-05,0.00036742702699690073,0.115610612707456,0.14519032403160947,0.8013434083413189
9.242990015628422e-05,0.0008726665274625549,0.11556930581887169,0.14582833614639756,0.8017118076133486
0.00014965342867956122,0.0002064432101422116,0.11563422827575649,0.14532699570761687,0.8013707514483529
5.2018003487621307e-05,0.00027422024331264937,0.11562287493441392,0.14522370168837184,0.8013397619403417
-4.1692230270852957e-05,-0.0006600039087042138,0.11570445403434389,0.1442290990916621,0.8007373764720074
-0.0002738403835288708,-0.0009233432918469216,0.11571636929641116,0.14360315056184653,0.8004204538444085
-6.584559062974011e-05,4.395204314948903e-05,0.11563809054599183,0.14481921720687702,0.8011234549281798
0.00011222581105906503,0.0005594912013637616,0.11559947592192373,0.1455806764739221,0.8015463803808156
-0.00012108615892645266,-0.0010932165095953017,0.11574016696314142,0.14370779968902858,0.8004324615835295
-0.00017885997512544566,-2.5211544476022153e-05,0.11563857041873074,0.14456729578261251,0.8010029589559806
-0.0004878502582779789,-0.0006423964974941419,0.11567907709783318,0.14349499041098251,0.8004282298795702
-0.00028798714771360444,0.0010027431494983113,0.11553762295853853,0.1453056976228564,0.8015142324564201
0.000269809701980664,-0.00037265255786354817,0.11569422076281727,0.14500988733081482,0.8011248163813437
-0.00013040491033115787,3.1256707560857724e-05,0.11563588768791187,0.14469934184604916,0.8010699903637513
5.5548062962508014e-05,9.247934833990535e-05,0.11563992321616616,0.14506670942015137,0.8012381120165621
-0.0003020358206511675,-0.0005086349091966155,0.1156766871650507,0.14392713429300574,0.8006378240033493
0.00033928724754881133,-2.8264135598337706e-05,0.11566584890484444,0.14543521159156048,0.8013718572714097
0.00025369973472736334,-1.9832626117007236e-05,0.11566063644462485,0.145298980094073,0.8013154769741679
5.839981851682651e-05,0.0001306712994864595,0.11563652860857832,0.1451057362725235,0.8012620427234111
-7.317277299863287e-05,0.0005974117911789238,0.11558637904791287,0.14530313253084676,0.8014354907777256
0.00020918831581948584,-3.635001459148388e-05,0.11565986212605421,0.14520939228835167,0.8012741740237487
3.722577109400747e-05,0.000797968853575766,0.11557342799907956,0.14566855637223552,0.8016294773760514
-0.0002442460283822205,0.00041235525637682986,0.11559464857686279,0.14484965597585453,0.8012069884381542
0.00028434341363068005,0.0007975905391274019,0.11558611477790325,0.14608344272008467,0.8018060274426105
0.00036668534365619996,-0.00040699618711692343,0.11570244998762069,0.1451418657140457,0.8011744220646416
0.00020669830559649955,-0.00017674399435261754,0.11567276221646304,0.14507939079868276,0.8011919352921346
0.00020881345730751095,8.62691354281915e-05,0.1156484552302121,0.14531866766023588,0.8013441842363468
0.00022542766873945134,-0.0003370983608890485,0.11568860993888724,0.14496717692715994,0.8011134451531545
4.3900221927812515e-05,0.00027247797911599404,0.11562261559804712,0.14520849862952362,0.8013329560324078
0.0001379362792420909,0.0004614532939815837,0.11560991961870906,0.1455359566909959,0.8015085613764529
0.0004633346548478357,-0.0004668198251990963,0.11571302469202645,0.1452506254607953,0.8012092620431911
2.0440011426185933e-05,-0.0008389660553286892,0.11572426133429319,0.14417324518126107,0.8006793147962381
0.0001573760921243715,0.0008077065880254545,0.11557868420188326,0.14587918848172737,0.8017210116842652
4.9626300932861796e-05,0.0006025694984767242,0.11559224368326823,0.14551412214383097,0.8015262998800109
0.0005162397782202477,0.00022048139440562596,0.1156517884203814,0.14595544109049247,0.8016409781685718
0.00023169293207992513,0.0004840730012636855,0.11561263971258898,0.1457137727140057,0.8015885932586524
-0.00018827505774172195,-0.0006120261382498741,0.11569226069213866,0.14402573034817207,0.8006599908837632
-9.904038445781239e-05,-0.00043730738469066594,0.1156808600899389,0.14433219525483326,0.8008239280254247
0.0001549145243759397,-0.001139321854681315,0.11575910565389479,0.14413029692584395,0.8006034917374362
-0.0005173093763537692,-0.0009365745366217566,0.1157045063751606,0.1431820573908948,0.8002386542568817
4.960587962902959e-05,-0.00013683789568099178,0.11566087111764382,0.14485119855550754,0.80110243571837
-5.176099606432105e-05,-0.00019300508948840933,0.11566076361624968,0.14463052839313645,0.8009977335474103
-0.00012744004899198957,-0.0004087722305744138,0.11567672554590769,0.1443100305839406,0.8008199587399669
4.614091429694867e-05,-0.00011979227331085383,0.11565911086439352,0.14486065147657423,0.8011097253953106
7.036532267093493e-05,-4.917769222497554e-05,0.1156538308097634,0.14496464069158854,0.8011675226607439
1.6868772175647854e-05,1.255465633441796e-05,0.11564531871339975,0.14493007465100444,0.8011646335659238
0.000515644920794723,0.0010373668608781045,0.11557543115343034,0.14668715776740454,0.8021089709896977
0.00028445011323182377,-0.0009589517638373602,0.11574928635719806,0.14450938960868076,0.8007994301042801
0.00014851916699444072,0.0007025849603844263,0.11558802287878582,0.14577000571617177,0.8016543929111728
0.00011290572001934341,-0.0007733173765561285,0.1157230856333614,0.14438739710780363,0.8007830584454464
-8.18765713981547e-05,0.0013194836109977864,0.11551875484441462,0.1459363853168545,0.8018434026997887
-5.159435024256122e-05,-0.0007522526938564731,0.11571244350905498,0.14412984702379383,0.8006774513884881
-5.417890328423672e-05,0.0004913831365090866,0.11559720803537227,0.1452399637325807,0.8013882869919157
1.4886002408165263e-05,-0.0006019091617098606,0.11570207692490844,0.1443762035627421,0.8008111300297883
-0.0005598725202171426,8.510099747406707e-05,0.11560827759376152,0.14402570295555517,0.8007935284820854
-0.0004343077994815724,0.00047414217707636484,0.11557898279091862,0.144585577345045,0.8011064032885183
0.00029423686988443284,0.0001780247403736386,0.11564433995779215,0.14554443913421494,0.8014578758056122
-8.450107734605839e-06,-7.138274996608757e-05,0.11565177334269078,0.14481230019307428,0.8010984154770496
-6.789310352383079e-05,-0.0003873177912571005,0.11567788372617269,0.1444293211594388,0.8008748523428579
-0.00024598065450641405,-0.0004960705687792712,0.11567850668772417,0.14403260434639248,0.8006851309452712
0.0003926197333198926,0.0009069519089687795,0.11558140997472338,0.1463634671131142,0.8019461879404641
6.298063030757848e-06,0.00027053821103654183,0.11562084372037403,0.1451435721234587,0.8013049443671457
-8.507241417798304e-05,6.40534737058324e-05,0.11563522374048789,0.1448049230344695,0.8011212205609354
0.00034045771301350366,0.0005030900814336025,0.1156164454724168,0.14591356029942765,0.8016772885636752
0.0002553219547941144,0.00035905301571838256,0.11562549207419211,0.14564136388105103,0.8015338176833224
0.00020674654340170184,-0.0003624844448731467,0.1156899884372568,0.14491304667942478,0.8010855379647646
0.0001855230239770477,-0.0008655303741119999,0.11573543730341995,0.14442683432979114,0.8007821820610647
5.101009752038932e-05,0.0001714143003627122,0.11563236430046211,0.14512984208063745,0.801280110053555
0.00010699115722039808,-0.000980054951362005,0.11574186706315333,0.14419235188447593,0.8006604202453653
0.00023848687186373626,-0.0006314920436657825,0.11571656954664293,0.14472540235449666,0.8009541213004884
-0.0006280150375833918,-7.819828023614478e-05,0.1156196957157422,0.1437647852690921,0.8006511690263882
-2.6981692474759078e-05,-0.0008466194898270947,0.11572245417294709,0.1440867066227151,0.8006410080256675
7.111772977154388e-05,-8.826105910973295e-05,0.1156574929056507,0.14493087827846368,0.801145662325187
-1.8315723426367716e-05,-0.0006614297835052438,0.11570582165205104,0.144267104355226,0.80075328265332
0.00019137046590840607,3.0609929031160166e-05,0.11565272061634914,0.1452394707141333,0.8012998063781173
-6.50149923052621e-05,-0.0005997147491380502,0.1156976548201073,0.14424390220886807,0.8007552279998962
-0.00019014044947725941,-0.0001572458069946456,0.11565018321608207,0.14443001313175724,0.8009192220172882
-0.00046895138034016556,-0.00041931627331749665,0.11565957168904248,0.1437265690146513,0.8005695515928729
0.0003144483413080612,-7.976308143820549e-05,0.11566935051290456,0.1453473274197189,0.8013245781324273
-1.2539574616582028e-05,-0.0002122449899259679,0.11566460105176146,0.1446791983033015,0.8010147671595721
0.00020347565623395373,0.0004942033325822719,0.11561024646227756,0.1456754477023679,0.8015742184768114
5.826169321378078e-05,-0.00022355289986657678,0.11566935595140206,0.14478803896364872,0.801058935784891
0.0001767839066610465,0.00047054781233777824,0.1156110747659946,0.14560938613126934,0.8015415634937512
-4.66048150502295e-05,0.00025888730535282827,0.11561917414272418,0.14504422427189717,0.8012604187140511
0.00014284843124039948,0.0004412997624968906,0.11561204717938635,0.1455261378244596,0.8015005205268554
4.0607736729432105e-05,-0.00029557295099362296,0.11567509958824344,0.14469384391105583,0.8010050387752699
3.38816298020429e-05,-0.00018493469556759,0.11566450392981814,0.1447816762768797,0.8010636252294059
-1.8951999712806647e-06,0.0007431549083556999,0.11557651470998283,0.1455536429008487,0.8015700564536437
0.00022021717565220194,1.9618412315373285e-05,0.11565523699765337,0.14527808557655308,0.8013141395751788
0.0001021912870374936,0.0002985717661761842,0.11562321304991335,0.14532984317427217,0.8013896128007882
0.00011153964448012963,-0.0001923683896308851,0.11566925130301398,0.14490550490713483,0.8011149166163478
-0.00010293032588084887,-0.0010783339843996108,0.11573976654158619,0.14375163238261124,0.8004539727925208
1.2300925611838362e-05,0.0009957512749732304,0.11555373514774178,0.1458041207061581,0.8017250782375037
-0.00018449286506935374,0.0007775474029819315,0.11556388896199796,0.14527761614225532,0.8014591368555118
-0.00020287942031584947,-0.00022605723150561955,0.11565586920237299,0.14434694407103815,0.8008706761672459
0.00029108979604277414,-0.0005060555070508152,0.11570769997281101,0.144926130183543,0.8010636037485612
-0.0001374435243806011,0.0005918970115906964,0.11558356068248296,0.14519017118148625,0.8013863451837813
-5.650987780278148e-05,0.0003943353501558946,0.11560609454405803,0.14514902153844816,0.8013309801813616
0.0006303374440810412,-0.000514346094981317,0.11572608944702184,0.14548855342369144,0.801301446437186
0.0003046885031557428,0.0009327632675124929,0.11557453383014196,0.14623889971381504,0.8018981026752643
-8.413303053849076e-06,-7.277968680235753e-05,0.11565190465105142,0.14481111011381032,0.8010976412323326
0.00020798048082729876,0.0003363445244271815,0.11562516659015831,0.14554146212150526,0.8014869379129407
0.00038644947925207685,-0.0006607825779508744,0.11572702255809825,0.1449477372290205,0.80104316094889
-1.4436191212118703e-06,0.0005429836479850811,0.11559514547638605,0.14537486152559825,0.8014555999008904
0.00015294245899561765,-0.00015516019536796695,0.11566796123582905,0.14500841357072147,0.801165854185954
0.00020490299490626037,0.0003163252607796753,0.11562686981002304,0.1455183416614897,0.8014732601229633
-0.00021417938923941332,-0.0009204658980998344,0.1157192942472124,0.14370599841434045,0.8004647887442298
2.733171209153865e-05,-5.343657457075699e-05,0.11565198031436699,0.14488851188847435,0.8011342977564571
5.915796303319467e-05,0.00023392180774591955,0.11562698627165102,0.14519957047754622,0.8013217689616995
-0.0002102480744924427,-0.00028888535298327467,0.11566128235161595,0.1442782664695969,0.8008294031761407
0.0003053216343843022,-0.00032379299623375537,0.11569153704718237,0.1451133224010871,0.8011782101118697
-0.0002861770279429415,-0.000503180441906034,0.11567702750259441,0.14395867539869084,0.8006522963813679
0.0001484155431432807,0.0010189627824815958,0.11555853125775738,0.14605367651235374,0.8018357640546916
0.0002989214571962226,-0.0007121004226079527,0.11572720076996054,0.1447547395618871,0.8009511683149058
3.117336040265272e-05,-0.0003013061338014651,0.11567513562284898,0.1446728540749409,0.8009950048168286
0.00022503025265139964,0.0001564851577018601,0.11564276976605536,0.14540885673368847,0.801396030248895
-3.4538221343718806e-05,-0.00032751567807274033,0.11567411037934419,0.14453894959606328,0.8009329789446278
0.00033528333351414845,-0.0007238696913198822,0.11573019497121051,0.14480528484254102,0.8009704314522976
-9.45586145054516e-05,-0.0005432886381073116,0.11569088350101998,0.14424479370145998,0.8007664171197582
0.00026652242110058257,0.0007380578428433441,0.11559075815969502,0.14600009550728504,0.8017591407137356
0.00013664513176197483,0.000517550625795085,0.11560463510196067,0.14558409453518045,0.8015398009011445
1.8774754026088546e-05,-0.0007093897434894784,0.11571221058051513,0.14428647900862013,0.8007523429646871
4.539499459502643e-05,0.0010236811607937633,0.11555282806950727,0.14588479642570595,0.8017647734985369
-0.00011203263793852652,0.00047155384428997836,0.11559604642248111,0.14512495331688874,0.801335526839855
-0.00035997855633548175,0.00029311310172404153,0.11559962328619584,0.14454820974035026,0.8010558155113351
0.0003459684763562426,0.00017228946070479135,0.11564753892772128,0.1456262067050525,0.8014915866165899
-0.0004477570375710768,6.941604242634931e-05,0.11561566043654327,0.1442001262804406,0.8008647779904353
-0.00021647759196329072,0.00048583632799132774,0.11558928862437294,0.14496222037186318,0.8012689854063259
8.486144063991176e-05,-3.503698135702283e-05,0.11565327527936202,0.1450016721710577,0.8011859963939749
7.345407284842501e-05,-0.000542432617231026,0.11569966378862803,0.14452788881475648,0.8008870983980428
-6.172055592046367e-05,0.0003811393960662669,0.11560704830947466,0.1451284324026061,0.8013196871565926
9.741765860588811e-05,0.000942736965635558,0.1155630326389564,0.1458995856778355,0.8017555629256584
0.00018778649276046205,0.0012233735796666294,0.11554145494939265,0.14630327789247216,0.801981181780895
-0.00020373878750082482,-4.252881046899675e-05,0.11563886439374432,0.1445099620402514,0.8009752337486337
6.818400875060164e-05,-0.000645473908112811,0.11570891277504536,0.14442674336554678,0.8008242997475079
0.00010429195643298877,-0.00018525045100817322,0.11566821326977891,0.14489970514510414,0.8011138111716265
-2.117796469193431e-05,-0.00011101953006640441,0.1156547780584347,0.14475539027920697,0.8010665949300456
0.00010489914353225634,0.0004730729059467077,0.11560713536571895,0.145490864350794,0.8014915909572031
-7.875996038290039e-05,0.00037587495108451144,0.11560665126941298,0.14509507624718554,0.8013044784909211
-0.00037574125077136485,-0.0003496415747138296,0.11565811887782695,0.14394567114177037,0.8006761738753296
-0.0002574318541878295,0.00030029998104885665,0.11560433457330349,0.1447270225465777,0.8011333152567262
3.561809541527594e-05,-0.00035085513477581623,0.11567995411215129,0.14463593007826103,0.8009697936430873
5.468972574097637e-05,-1.4506541056763882e-06,0.11564858900877176,0.14498107563594487,0.8011836623421019
-0.00032165030736986235,0.0006770621433976054,0.1155660871815427,0.14495694042366764,0.8013033709613439
2.0764949788989895e-05,0.0004461839256540995,0.11560528685841137,0.14532537399585171,0.801415988404596
0.0003228475054379278,0.0011889541686667573,0.11555151403915756,0.1464993118552076,0.8020580422439795
7.329370732826241e-05,-0.00014460207870164865,0.11566282787959191,0.14488404429030222,0.8011149311855627
-0.00013940761821156687,-6.909023488796466e-05,0.11564470026523588,0.14459427693883942,0.8010060393074244
0.00017556854848357035,4.005612567349707e-05,0.11565102382358038,0.14522138750225388,0.8012939177346986
-8.977862173532766e-05,-0.0005863392707155881,0.11569511043252734,0.14421426699043088,0.8007451742522814
-7.663001770152878e-05,0.0006404919434540247,0.11558219896075592,0.14533596100204432,0.8014577191896972
0.00019883108935154494,0.00022680786911882355,0.11563487934386493,0.14542788144598812,0.8014176011013587
0.000380354912337797,0.0005391853034098538,0.11561511999410909,0.1460129581346925,0.8017265183146987
-0.0002935368951987535,0.0005328504801299624,0.11558091452784082,0.1448748578054917,0.8012408005626013
-0.0001326090959279822,0.00044501941215710543,0.11559743830591042,0.14506657739941609,0.8013055922243026
-0.00017241610221499043,-0.00017637630630401468,0.11565288440705734,0.14444265940631268,0.8009209408550345
-0.00041132418100143543,-0.00025150063663367036,0.11564718458787382,0.14397378485183682,0.8007069431951264
0.00014875389579965535,0.00014924663216605893,0.11563949429333269,0.14527420948892267,0.801337322466325
0.0002871722596627529,7.387941235571888e-05,0.11565365998561863,0.14543921189018777,0.8013931279803099
0.00023344561821349118,0.0003869946195336793,0.11562176599494059,0.14562966350229062,0.8015341894768331
0.0001619508479834505,0.0005178763553354709,0.11560590747447079,0.14562690703080666,0.8015580891403609
-8.293913745868377e-05,0.0008148115979088139,0.11556567465870372,0.14548172500826628,0.8015531674020117
0.00025302337647023265,-0.0011603033869364789,0.11576623769900866,0.14427634388989358,0.8006616463881534
-0.0005108418749295723,0.000239982928561235,0.11559658682404718,0.14424696769665513,0.8009173946421915
0.00014616451584961889,-0.00034529291686327034,0.11568522996976463,0.1448266617147962,0.8010520561524938
0.0006250525670698635,-0.00015607590326464804,0.11569246446229259,0.14580067948519826,0.8015029567172113
0.00022940219371216905,0.0006972028662843176,0.11559266894856134,0.14590107985710138,0.8017091618335161
-0.00013263597514632272,-0.0006392793292705977,0.11569772571128896,0.14409482920033295,0.800684186250388
-4.90084796889696e-05,-0.000391700347818844,0.11567928333415801,0.14445713020580264,0.8008858514471198
0.0002019039048343213,-0.0006905228415174233,0.11572011410545417,0.1446110721272239,0.800894140846548
0.0002641072488996079,0.0011872491408168836,0.11554870026871841,0.14639909064320727,0.802015050130513
-8.870470362417258e-06,-0.00016844959225063028,0.11566073948473714,0.14472460781886498,0.8010424885067485
0.00014912954368964242,6.141572195628137e-05,0.11564766883213584,0.14519610981208614,0.8012872485683127
-0.0002098700201916436,-0.0006817212692133786,0.11569753745652177,0.1439270188069715,0.8006046165329185
0.0004706191417484134,-0.000434022430101799,0.11571035599499169,0.1452922429091787,0.8012332621607633
4.6428671162615715e-05,0.00031521375964946595,0.1156187791407634,0.14525106332881943,0.8013592633123294
0.00021405049264244049,0.0002527696824835936,0.11563325180324659,0.14547672821381757,0.8014433693362858
-0.0002167940501990884,0.0002263398949351015,0.11561330742200415,0.14472901915182718,0.801119996638803
0.00014858329578168033,-0.0006215583915460007,0.11571093215781404,0.1445832516466079,0.8008955088848073
0.00016517528518884085,-0.0009394833878434985,0.11574119747420931,0.14432643381502103,0.8007252730057436
2.8686852831169836e-05,-0.0005977120695012105,0.1157024168355798,0.14440315294608963,0.8008234067751444
-0.00026079423398858747,0.0003346646529310837,0.11560097765898701,0.14475218150206054,0.801150609023363
-0.000359941602583344,0.0001850306734814593,0.11560961575171712,0.14445137752741088,0.8009938873267253
0.00022470149720313595,-0.0006013120696337524,0.11571305264134187,0.14472927296289834,0.8009615506732921
-8.838345520608231e-06,0.0006442972939156867,0.11558534826216636,0.14545330114259858,0.8015084014154367
-0.00012315808514071452,7.041948906117681e-05,0.11563264201482887,0.14474662299053792,0.8010976210134592
0.00021572738873955495,0.00033699480013447703,0.1156255054282128,0.14555506126531614,0.8014928518200838
0.00036298898661870456,-0.0002827086591295654,0.11569071874698675,0.14524701105091925,0.8012429936799962
0.0005233197527258035,0.00038336624437892015,0.11563695481775156,0.14611338032059412,0.8017394189572434
-5.3687836346490485e-05,-0.0006716258738983985,0.11570489220293448,0.14419853281127504,0.8007221375768501
0.00021528541255875925,1.7139187893121573e-05,0.11565521161404915,0.14526757742881152,0.8013091911721428
-0.00014393497667050903,0.0004965507312043797,0.11559206999682291,0.14509375278218833,0.8013270330401151
0.00025271999527441284,0.0004912439002912343,0.11561305185601148,0.14575553184999823,0.8016077444040568
-0.00027305058711811036,-0.0004619961285012204,0.1156739284479127,0.14401762879399377,0.800685283327445
-0.00031902679262425104,2.2637750493691515e-05,0.115626773825593,0.14437459125939595,0.8009300886535199
0.0003547880651577799,0.000610967194125199,0.11560711899915634,0.14603438742401104,0.8017493923632897
0.00033008025517699754,-0.0007192140027676397,0.11572949133200512,0.1448007135816859,0.8009693773011667
2.025860765892308e-05,-0.00037021369284170674,0.11568093884141344,0.14459277725787928,0.8009477143874417
-2.203927941632471e-05,0.00015563546257790482,0.11563002718854264,0.14499294329965812,0.8012188076874492
0.0001094123909971655,-0.0009665835376214665,0.11574075166806383,0.1442084806484576,0.8006698672015871
0.0003121438342044701,-0.0002628433580351837,0.11568623465061492,0.14517939401882235,0.8012180138389555
0.00014644445909361647,-0.0009209612160379265,0.11573849701802272,0.14431154685195302,0.800722483739777
6.828560683179091e-05,0.00012942647087746357,0.11563715797011047,0.14512123202183141,0.8012684009934978
0.00047374458794249326,-0.0009300483200548252,0.11575654391893432,0.14485324864915622,0.8009513524500348
-7.331748197810984e-05,-0.0006794295671112905,0.11570457319661076,0.14415855721909793,0.800703624484418
-0.0003924803211588794,0.000600950166862157,0.11556944070027686,0.14476961159617086,0.801209041792788
-1.8222155644838136e-05,0.00016289395636195648,0.11562955303614993,0.145005864621219,0.8012256989789621
2.9345660621998638e-05,-0.0001675864663414218,0.11566266001012909,0.1447895997448035,0.8010703217688165
-7.676624013118264e-05,-0.0007081752650554389,0.11570704285577117,0.14412701853437399,0.800684691215453
0.00020609336630931556,0.0003421527393541818,0.11562452907012569,0.14554349930812865,0.801488917854763
-6.33237072046468e-05,0.000898327013352965,0.11555891915530261,0.14558961647124752,0.8016150973296111
3.798951298505662e-05,-0.0004402822349378047,0.1156883517718336,0.14455980030269122,0.8009202525742739
0.00012969968985734905,0.0003773253884667845,0.11561731694684806,0.14544667824093027,0.8014544379164498
-0.0003168193506885494,0.00025255591842292003,0.11560563933230185,0.1445843967688722,0.8010634512269743
0.00020824848506430474,-0.00014161354971013818,0.11566958338778754,0.14511347650855122,0.8012131759945431
0.00020966470784972014,0.0005623177330881955,0.11560422299322223,0.1457469336876071,0.8016176997307352
-0.000366649242716355,0.0003711901943768412,0.11559205307679471,0.14460699900438484,0.8010958001668176
-0.00016497920858590185,-0.0005359501375541881,0.11568647954385707,0.14413302038858788,0.8007202396026771
6.636858668490126e-05,-0.00030221899759890023,0.11567706465389171,0.14473117603378632,0.8010196583588195
3.25812020237703e-05,-0.0003107324584445657,0.1156760818495008,0.14466677417828544,0.8009906107160432
-0.0003158220696014799,8.178521509767436e-05,0.11562147812148302,0.1444329916598162,0.8009662813991529
-0.00011736188983204995,-6.594618834963726e-05,0.11564556627761517,0.14463414474420788,0.8010236138609836
-0.0001961902943970765,0.00010292519698463837,0.11562580799820447,0.14465301693497096,0.8010639988393419
-4.3663437618130696e-05,0.0005157042159035931,0.11559549468015184,0.14527944620347205,0.801409754406398
-0.00014562040517903562,0.00017559748183922986,0.1156217284341213,0.14480315214654638,0.8011418352547357
-0.00022764834584314695,-0.001063551063668631,0.11573173697466183,0.14355526809034863,0.8003732099240944
0.00014930010898307728,-0.00010125288872315034,0.11566277199762776,0.1450506027124429,0.8011941417252098
2.9096613941776273e-05,0.0005077359291061921,0.11559999922412502,0.14539457245976406,0.8014572386666079
-0.00031829476806966933,-0.00043025578129041197,0.11566860016416926,0.143970014644408,0.800671093887964
-0.0002466491557856709,-0.00031031693760616495,0.11566133667343599,0.14419788487696822,0.8007910780140679
0.0006373386764313494,-1.0621874563016659e-05,0.11567953592346356,0.14595167598335895,0.8015951026563668
6.310458341031408e-05,-0.0003594321834412813,0.11568218973235031,0.14467443225762971,0.8009845414112734
7.324187305712078e-06,-0.00013470414365353804,0.1156584627455649,0.14478206137461702,0.8010734118816403
0.0003678920013062401,-0.0002503768461884561,0.11568797005107787,0.14528421777078843,0.8012650269008105
0.00023410289509758362,-0.00023743079131546583,0.11567981842800863,0.14507105350614719,0.801176760174566
-4.602324227711094e-05,-0.0003683860922096962,0.1156772852852541,0.144483033412877,0.8009013451134026
0.00013982320993881445,-0.0001417464014855664,0.11566603377772872,0.14499839090865285,0.801164157100036
0.000202358940983186,2.2727369432028623e-05,0.11565402244914333,0.145250867853141,0.8013031482202578
-0.00015876291005614409,-0.0005333911042136974,0.11568657270579133,0.14414575970228255,0.8007261531312841
0.0001334194907545033,-0.0007101394085639645,0.11571832696308376,0.14447844106952562,0.8008339201088429
0.00011371809988452364,-0.001172857599192148,0.115760013108634,0.14403106353875317,0.8005548223155031
0.0001081582390820324,9.567065091685568e-05,0.11564236200968006,0.14515797222816623,0.8012775751473303
-3.206258978220383e-05,0.0002600555076499049,0.11561982235831367,0.14506970993523566,0.8012714920875599
-0.00037782890886520394,-0.0002550420388886279,0.11564928897654043,0.1440269160378777,0.8007288834058655
0.00012197679697562533,0.0005323545788317231,0.11560250248730584,0.14557272390789783,0.801537796282832
9.266828740423303e-07,9.268572519651437e-05,0.11563705982581063,0.14497510865228586,0.8011991559083118
-1.8353327765588954e-05,0.0003909402734739325,0.11560838984776549,0.1452101000025905,0.8013563316839736
-0.00025065671755407094,-0.0012182464768810339,0.11574472036423383,0.14337813524040433,0.8002681670182239
0.0002645491772321306,0.00023883265007783222,0.11563715301572122,0.14554907685288365,0.8014714991679093
-0.00034271081635072164,0.00015646204744717185,0.1156131623702277,0.14445473200351838,0.8009898424541804
0.00037261113516843397,0.0010049258509862795,0.11557123875196756,0.14641776399169398,0.8019880717857122
-5.225396722585466e-05,0.0006489105370666991,0.11558267722505351,0.14538447769919505,0.801479986139155
-0.00026937681165632894,0.0003503015555616813,0.1155990811547499,0.1447517757006675,0.801153431843623
0.0002534459254481149,-0.0004731493718695831,0.11570268404658297,0.14489236503025227,0.8010555333388297
-0.00033392314845472716,0.0010375492997643846,0.11553201422712957,0.14525971283442618,0.8015013239758707
0.00028417552842276763,0.0011296986352307044,0.11555509566668565,0.14638115740681434,0.8019963907163339
-8.649620091059184e-05,-0.0003322070975815886,0.11567181050803654,0.14444743172590918,0.8008931198518509
0.000499264907885694,-8.848087957128926e-05,0.11567970251073394,0.14564997985668887,0.8014517511540579
-0.0004541293332577918,-4.861201873785522e-05,0.11562621045768103,0.14408363240443167,0.8007925742852277
0.00016659199601599196,0.0002231289654152951,0.11563355454874197,0.14537041524786293,0.8013924322189442
-0.000594635849664753,0.000160859938983361,0.11559945108019691,0.1440351635245432,0.8008120691771332
-0.0005303127802428039,0.0011370664006289282,0.11551259348720878,0.1450188591645949,0.8014178539995224
-0.0003487698692454447,-0.0003827848424713064,0.11566260621094168,0.1439613157157672,0.8006764846899341
2.633120317156557e-05,-0.0002610977494522053,0.11567116018760448,0.14470074346129713,0.8010145804487202
0.00029267247451588964,-0.00032743937560371144,0.11569121731124593,0.14508880497183557,0.8011670741817003
0.0001029383436044759,0.00019881193656254813,0.11563251669451165,0.14524166026881952,0.80133296110697
9.756423354977822e-05,-0.0006118032547110465,0.11570734714427654,0.14450626621151863,0.800864603979097
0.00044527595388920376,-0.00043698077574292704,0.11570931619243495,0.145247022272731,0.8012134444119399
-0.0002481577581902333,-0.00015817543025080448,0.11564721116250243,0.14433166908101158,0.8008771775808424
5.2075740343337564e-05,-0.0013764601662441586,0.11577549167983603,0.1437452752351453,0.800394154176388
-0.00010542657799225798,0.0005673915084971273,0.11558749550647629,0.14522200252220618,0.8013952016607194
5.530568127928432e-05,0.00010169969444131826,0.11563905534554088,0.1450745670154931,0.8012432234474209
0.00022452839382521952,0.00018163913844744504,0.11564040576283949,0.14543056316854108,0.8014100897321594
-0.0003691485532867126,-0.0006716977053072208,0.11568812376116211,0.14366828379497804,0.8004963898797743
3.8259142896279856e-07,-0.0012885761935497865,0.11576463925754782,0.1437370634054182,0.8004074943032443
-1.579890737624719e-05,0.0009804525666570224,0.11555371875266439,0.1457431710576979,0.8016962003885456
-0.00010425187696505845,0.000437575819768368,0.11559960281345658,0.14510756072797998,0.8013216133873461
-0.000810083569676409,-0.0004538509413753777,0.11564444233558929,0.14312209360136818,0.8003056026725199
-8.459010808752132e-05,3.848907059652509e-05,0.1156376163612696,0.1447828198102123,0.8011069135342618
-0.00021599014767282953,0.00048195797282299255,0.11558967347661363,0.14495956173840552,0.8012671106113989
-5.8847503222020546e-05,-0.0002636294517061863,0.11566692452043398,0.1445553381012713,0.8009521944861658
-3.2511434507720197e-05,0.0002945387144761854,0.11561660038168443,0.14509987167712868,0.8012909383135985
-0.0002491183228096366,-4.038429214793045e-05,0.11563627875525266,0.14443561262885773,0.8009439930597664
-0.00012496354888005956,0.0005408458268776333,0.11558894579771825,0.14516536091337856,0.8013660032079496
7.198700501335514e-06,-0.000691682210915748,0.11570996362504278,0.1442828850997906,0.8007542052383476
-2.5956153107812097e-05,-0.0005057152473328917,0.11569103492891238,0.14439373343306477,0.8008370206776352
0.00011142690610486353,-0.00011150559645356606,0.11566174982869293,0.14497777844404364,0.8011611753621284
0.00010126348987480563,9.87490508881018e-05,0.11564171817969972,0.1451491464376285,0.801274407624746
-0.00021989199205360636,5.400667950714564e-05,0.1156290894993609,0.14456933356075347,0.8010190023697453
9.637611491352021e-06,5.7626968969888864e-05,0.11564076386472229,0.14495832192541291,0.8011852933424647
2.0038306824639003e-05,-0.00016819125107610618,0.11566222903736169,0.14477341788499892,0.8010633170804661
-0.00044101643533493696,-0.000954963721239234,0.11571030371450822,0.1432938441926639,0.800282720527078
-4.470559653333847e-06,0.0006666861830053233,0.11558349239875124,0.1454807228079214,0.8015243642359616
0.00020017149843810724,-0.00035802601560803933,0.11568923190502109,0.14490599421166556,0.8010833897422912
5.816533789669217e-05,-6.447402724530877e-05,0.115654612426626,0.1449304317795317,0.8011500291474123
-0.0003896447962505303,-0.0003804536785737554,0.11566021850095452,0.14389469688259016,0.8006485707651052
-0.00046967481091059107,3.71156462410778e-05,0.11561748093418324,0.1441343304875462,0.8008305800461281
0.000473647593021587,-0.0001116804009368076,0.11568054211624547,0.14558615769044708,0.8014201368710199
-0.0003798290987355721,0.00010277827900918542,0.1156161668557502,0.1443442175304312,0.800932510751803
0.0002410879852142594,-0.0005055005431629941,0.11570503604562453,0.1448426234098945,0.8010281601385574
0.000162664387622742,9.766475984636109e-05,0.11564500548231818,0.14525134371413478,0.8013177066224205
-9.510747073791236e-05,-0.00015857413671708178,0.11565530319719614,0.1445885368004194,0.80098645314555
0.0003616816383471346,0.0011240153087683819,0.11555955076356487,0.14650627314068576,0.8020485653595707
-0.000749374847100561,-1.833107484648041e-05,0.11560771192004159,0.14361438304870294,0.8005986096487961
0.00022852907271328976,-0.0007448042675555052,0.11572653539011686,0.14460719265298516,0.8008820905630418
-0.00015979752972136512,0.00017664537612044258,0.11562089012425089,0.1447802646052661,0.8011322924753174
0.00016170962714317981,0.000143503079874019,0.1156406990396945,0.14529082934973275,0.8013432974609094
-0.0003424782506235,1.2693633793297721e-05,0.11562645581001815,0.14432625934239035,0.8009076081215826
0.00016209995177838215,0.00044710031010292194,0.11561249992192621,0.1455636869148546,0.8015176168813968
-0.00034777314416689685,0.000755264579483533,0.11555747910219906,0.14498317503936986,0.8013295206897137
-0.0001427854454132417,0.000909585786135472,0.1155537781179316,0.14546617022680447,0.801564701503008
-0.0003614449951763764,-0.0009228834610230728,0.11571163281609424,0.14345631692871558,0.8003580329379546
-3.661443858591199e-05,0.00039150274161667536,0.11560739021275873,0.14517991649858236,0.8013435899243551
-0.00019368038096086098,3.150963695471996e-05,0.11563254627569337,0.14459322400984753,0.8010248630678916
-0.0004947389843645135,-0.0007393757753274976,0.11568761810983684,0.14339656375724869,0.800367749960984
-0.00016048165502766343,-6.517788128118909e-05,0.11564323180963783,0.14456236539069656,0.8009932036373436
0.0003330743550077593,0.00023016910141133076,0.11564148829967529,0.14565643436790948,0.8015155429815005
-3.24940044930272e-05,2.2604894779313993e-05,0.11564181066234538,0.1448561311884598,0.8011350802005579
-0.000301986364457586,0.0006593515947017493,0.11556875271952778,0.14497410883047473,0.8013072869510816
-0.00015811666463603233,-0.00032238080282602353,0.1156671275362412,0.14433587186533087,0.8008475097931287
0.0006854165755522328,-0.0003515790689112318,0.11571377871421008,0.14572687728781547,0.8014340854435102
0.00017703977643729712,6.036016613329868e-05,0.11564921491756362,0.14524205870017248,0.8013066073967359
-0.00017552998853116676,-0.0002906644192308213,0.11566327935844879,0.14433502232827927,0.8008532240696575
0.00010555631138785527,0.0008769802331536001,0.1155695763424728,0.1458542635250979,0.801723671617717
0.00023891729780956166,-0.00033292555177344733,0.1156889264097468,0.14499357917281458,0.8011254843229104
0.00031913666295720506,-0.0001457363894690138,0.11567572265745767,0.1452960797099967,0.8012901227478654
-0.00020660761515471082,-0.0004369638783287497,0.11567514218730374,0.14415172478584876,0.8007471651939553
0.0001527376807969916,-0.0010326470254198212,0.11574914392146643,0.14422213085800906,0.8006630224336186
-0.0002848859559194911,-4.230976943737599e-06,0.11563105472639605,0.1444078957986344,0.8009391195653511
0.00012952197958440622,-0.0009239100959764884,0.11573787511079259,0.14428047417000706,0.8007086907734431
-8.062954226299262e-05,-0.0002475614968093421,0.11566429379713268,0.14453313013211838,0.800945818415732
0.0001640060327787632,0.00034479253004631767,0.1156221125860899,0.14547515098906205,0.8014603267890945
0.00022389413547556426,0.00013094730173474498,0.11564508446058423,0.14538405482232047,0.8013805794415075
-8.333645089528009e-05,0.0001967284193520536,0.11562302304687468,0.1449267698490493,0.8011985089986198
0.00022044407645012415,0.0005598233688202319,0.11560500858745956,0.14576280785131407,0.80162397972213
0.0001362845482474361,-0.00022314487051053864,0.11567339535337527,0.1449195045452325,0.8011149805676896
-4.436911246127014e-05,-0.0005087989143800374,0.11569034879649934,0.14436002945118392,0.8008220817112444
0.0005794705834847327,7.72415744557408e-05,0.11566838070760051,0.14593323844005174,0.8016040856315696
0.00021975275861433065,0.0003676018553114687,0.11562286549419251,0.14558926839796787,0.801513277664052
0.00020288911047689766,4.396075661679038e-05,0.11565207806671816,0.14527079055995795,0.8013156972756218
-0.00014771003403639472,0.0003888270737873874,0.11560186275940623,0.1449908108294075,0.8012625725894474
-0.0006480383495828443,-0.00017289255911710113,0.11562733968513395,0.1436462657389529,0.8005825730469776
-0.0002076884884264052,-0.00035648109848179717,0.1156676577749658,0.14422200806324392,0.8007925038607608
0.00013733434670592292,-0.0004777644236337857,0.11569703492901512,0.14469314972187886,0.800969840668899
-8.48130057051459e-05,-0.0005165508214982582,0.11568892976952087,0.14428512076438121,0.8007887070645837
-1.625391484639279e-06,-0.0002229535328478965,0.1156661642890853,0.14468794340931496,0.8010164386204911
0.00017995028294946652,0.0006844809863661665,0.11559132108177411,0.1458065789663724,0.8016664944275169
-1.408801178508021e-05,-0.0004720413897958617,0.11568854831667483,0.1444438406696546,0.8008648029136852
0.0003327140118181466,0.00017614083910543523,0.11564649801511588,0.14560739223294128,0.8014843148618727
0.00019561266696696244,0.0003027837702207184,0.11562764977258909,0.14549059086316163,0.8014588520901494
0.00015962986098553298,-0.000839455678804845,0.11573166206773026,0.1444066781912114,0.8007785964818005
5.1334611379221616e-05,-0.00021176265036673713,0.11566790161223027,0.14478696378829214,0.8010607367371764
-6.951748843298039e-06,-0.0001226796276279212,0.11565660226753324,0.14476884742022011,0.8010700900756865
0.0004098974845490078,-8.764062171662546e-05,0.11567501727313799,0.14550061434647932,0.801388325273183
7.11871036852069e-05,-0.0009785590689292854,0.11573983218234628,0.14413353232240028,0.8006356665565697
0.00018125885431060122,-0.0007651309730524367,0.11572593019998878,0.1445095721376366,0.8008366382289328
8.328139224656539e-05,-7.72693829728698e-05,0.11565710845468846,0.14496116772194778,0.8011606626222265
0.00034309697984038877,0.0003743272738959976,0.1156285794645878,0.14580252598326204,0.8016053525996234
0.0003321876088860177,0.0006089536092360373,0.11560615243269275,0.14599461250009332,0.8017320739141123
-0.0003605341463518667,0.0004247065025890752,0.11558742313194702,0.1446652636667734,0.8011308563614042
0.00024902574328402346,0.00038944518613956983,0.11562233953082397,0.14565803751575068,0.8015467381223983
-8.086302291044074e-05,-0.0008024681758761003,0.11571552294371389,0.1440356962529809,0.8006277503507181
7.846653948689825e-05,0.0003366180289528543,0.11561845081000789,0.1453240901832104,0.8013944522333927
0.00025588667206546083,-0.0007192053973447355,0.11572560246536254,0.14467607895150392,0.8009163203587479
-4.857852503846824e-05,-5.500299280756753e-06,0.11564357335011047,0.1448039113546712,0.8011074653980396
-8.233764199262701e-05,-0.0008223529508067332,0.1157172781985303,0.14401541288311553,0.8006153061112187
-0.0004020461832427907,-0.001078048576486941,0.11572370061612655,0.1432491668858515,0.8002401213394774
-0.0003080294360171559,-0.0006831920948417847,0.11569244461165812,0.14376072183410932,0.8005335399708091
3.020386307704376e-06,0.0004123600275254569,0.11560750925978444,0.14526522476456843,0.801383902416754
0.0009298088530556423,-0.0002353055117399274,0.11571543896456124,0.14624146617391176,0.8016754272854955
0.00027268201026159084,0.0004367240066699991,0.1156191538283437,0.14574017827359792,0.8015907637618559
-0.00013454876919134675,-0.0006312763649485046,0.11569688609236331,0.14409878210554494,0.8006874021887264
-0.0001782108020402127,0.00030159533723263287,0.11560835591585741,0.1448613355371074,0.8011907422047093
0.00012105237538276629,-0.0001290633784312525,0.11566387945520415,0.14497821722096121,0.8011579985954309
0.00035098459940183013,0.0004420460441265564,0.11562267404406154,0.14587650186912848,0.8016498180455451
0.00024553561764405343,4.452623106207565e-05,0.11565423464438362,0.1453429487799418,0.8013465243013708
-0.0003505195562800778,-0.0002754394177332925,0.11565261812281244,0.14405454543565216,0.8007367380577575
-1.5561121883725937e-05,0.0007109350133398828,0.11557880654075135,0.1455017753745554,0.8015418033761423
-0.0002563700429781013,-0.0007710443594726969,0.11570328799433932,0.1437688777095223,0.8005201820978117
-0.0005704058804594796,0.0002057057601152053,0.11559659992097412,0.14411610056946722,0.8008551162884288
-0.0005305370472181585,0.00033753437521468556,0.11558654273216243,0.14430131364486026,0.8009592184392111
-0.00032209211891063254,0.0004847474529997871,0.11558387794222046,0.1447837219428027,0.8011927876954673
-9.088499485566792e-05,0.000678877706114876,0.11557789607834323,0.14534643387823704,0.801469531224346
1.2260788677832036e-07,-0.00017838395277827086,0.11566213018074457,0.14473081790423442,0.8010432290870516
1.585920705105656e-05,-0.00020647651410978302,0.11566555513345692,0.14473208878910954,0.8010383884026225
3.435937615914281e-05,-0.0002696458031642699,0.11567237216275168,0.14470657468807285,0.8010154253199868
1.3931947937678791e-05,0.0004339615728122177,0.11560606838377271,0.1453029314200352,0.8014040928598556
-2.728650397244094e-05,0.0006818268758566687,0.11558090767904376,0.1454559610190218,0.8015167233346775
-0.0002709974944842775,0.0007549512989917075,0.11556150027587278,0.14511194829373375,0.8013842811316646
-0.0003160669841672645,0.0005941038917986181,0.11557406484510296,0.14489192047944477,0.8012597987359533
-0.0001241225003333621,0.0005625240619281028,0.11558697769789368,0.1451862160798847,0.8013790344434877
-0.00019829072529070274,-0.00024306130153168396,0.11565768182490475,0.14433942042496112,0.8008642157681022
7.8892699966687e-05,-0.000683667549549639,0.11571300716521038,0.14441053102073376,0.8008100811508883
-0.00034723786323702534,-0.0002467318456214729,0.11565014488149186,0.14408578274471234,0.8007555357233643
2.9475207452446794e-05,0.00043602210600589145,0.11560668154006869,0.14533089863080484,0.8014163936051544
0.00027248024148952675,-0.0005419521602098657,0.11571005480951904,0.14486271170593634,0.8010297289203244
-0.0008567096600634132,0.00038443918974364233,0.1155649353767491,0.1437949314557453,0.800752630519851
0.00036800648923854853,-0.0002747175693371286,0.11569023685888832,0.14526260006957165,0.801251160989089
0.00018101853970595093,0.00034163003344140404,0.11562328455001417,0.14550090013293554,0.8014706826939056
-0.0002511087357521518,0.00039644100294761636,0.11559576408029858,0.14482385129423198,0.8011929543403825
-8.109227505363284e-05,0.0005343995220976031,0.11559181958588649,0.14523331074497708,0.8013936954150367
9.152903672505232e-05,-0.00015935306972173795,0.11566514695786925,0.14490146651772134,0.8011195221951242
0.0002622567980658578,0.0003207626079370622,0.11562941234575601,0.1456186822982954,0.8015168265099477
0.0002364331392586598,4.930588271196405e-05,0.11565331933102081,0.14533193989692034,0.8013427533180676
2.9600468598315647e-06,0.0008584376991324185,0.11556603941872023,0.14566522189122988,0.8016396419139377
0.00012229559617600038,0.0005589059511142082,0.11560004886686345,0.1455970720073227,0.8015532480567579
0.00025506945615836886,-0.000549195020662878,0.1157098155089292,0.14482697365015879,0.8010131272417457
-0.00012584428478059481,0.0002033760313098778,0.11562018877758064,0.14486129079879378,0.8011719072000355
0.0004028550312471789,-0.0002861081091956235,0.11569310163671331,0.14531093502447523,0.8012695557153415
-7.201056431873776e-05,-0.000356509802421795,0.11567481949536555,0.144450002036553,0.8008895583761019
3.060812230037598e-05,0.0010124649364827152,0.1155531161614799,0.1458498830156596,0.8017477617016079
0.00023100904565190187,-0.0008241483052427021,0.11573400614638762,0.1445403081118048,0.8008384169325014
-0.00013248242675991816,0.0007473629764301909,0.11556938340652037,0.1453379542610727,0.8014790411240811
0.00021026366113592536,-0.000977433553262757,0.11574708443968162,0.14436820954116247,0.8007357873317132
-2.1168726506461603e-05,-0.00017901555682120994,0.11566107321197865,0.14469447332641955,0.8010276357283312
0.000192368055555,0.00013362174603493215,0.11564320467647676,0.1453334836310674,0.8013595629701078
6.791985484345764e-05,-0.00043234085264129846,0.11568918929997414,0.14461720693056412,0.8009462126636337
0.0002673792295513098,0.000172322531884887,0.11564348481308241,0.14549420493211745,0.8014353980721438
0.0001353516904837208,0.00043946684788712386,0.11561183105056365,0.14551189759607475,0.8014941071424538
-7.909334214846804e-05,-0.0005695190745624501,0.1156941227517873,0.14424728886956778,0.8007624543576053
-0.00028913761783988095,-0.00015703883627427275,0.11564494299535935,0.14426380894296492,0.800848506371495
0.0005580751427440963,-0.00026601483927224536,0.11569925602215295,0.14558966831495296,0.8013920654053983
-0.00012523007556412174,-1.7067511515001587e-05,0.11564063101717655,0.14466472736978792,0.8010459970155838
-4.605950439275741e-05,-0.00026429808570678856,0.115667658204729,0.14457622900617656,0.8009609599266108
0.00011098943305716488,1.3322628437361507e-05,0.1156501501580181,0.1450889179935555,0.8012324023739261
-0.0004578268092918325,0.00036462589455481514,0.11558787061466827,0.14444784045792308,0.801026786764782
-0.00043492195030304595,1.0695256736764928e-05,0.11562175710152771,0.14416907284408242,0.8008403089440673
-0.00039344145708162344,-0.00015295139790641075,0.11563904790841677,0.14409214796672654,0.8007762110845759
-0.0004024744705629934,-9.815742697412973e-05,0.11563351581645097,0.14412606489257368,0.8008011468924799
-0.00012198741804521122,0.0003113076243690445,0.11561038858023191,0.14496453608055576,0.801236536616229
0.000124685525713364,-0.0008419841465473813,0.11573005197079075,0.14434570206901703,0.800752153768868
9.656546617514411e-05,-0.00072469828827754,0.11571773087590141,0.14440348055224655,0.8007992193795325
8.806643681298066e-05,-0.0006298304656740142,0.11570851402733279,0.14447416171583638,0.8008474831870086
-0.00019841875664986788,-0.0006570753305260606,0.11569587485950958,0.1439683364104941,0.800626927420927
-5.645931967804456e-05,8.133498515098755e-05,0.1156351180456065,0.14486849845742883,0.8011515960837577
0.0003499738995966229,-0.0007659980990519409,0.11573486666125882,0.14479223609558162,0.800956805853984
-0.00011929538668806373,0.00047491586840255,0.1155953572348138,0.1451157621907626,0.8013322581232626
0.00044380661752709005,0.0007535139893719139,0.11559834471163673,0.14631179827892088,0.8018947976049972
0.000235741853902909,0.0002471902539053108,0.11563489003536787,0.14550817050541398,0.8014556858747005
0.0004902237596070203,0.00015950309070549026,0.11565614052193453,0.14585707317194807,0.8015874199926631
-0.0001392776038859729,-0.0008115525325510899,0.11571325629028399,0.1439293952991707,0.8005807563471787
-0.0003376357751821044,-0.00035317212109749137,0.11566046811127485,0.14400655962911135,0.8007014185502842
8.921044539526296e-05,-0.0001203156356108409,0.11566140792260475,0.1449325533432249,0.8011402346986803
-1.5471475140269013e-05,0.000244499531225123,0.11562212811093381,0.1450836447025456,0.8012744442280106
-9.550261311978893e-05,3.378035287478962e-05,0.11563748145307716,0.1447602602731356,0.8010964075912854
-0.00022124059612661773,-0.0005193935242481,0.11568196990971658,0.14405329431666053,0.8006894709368876
-8.932454687771084e-05,-0.0009206566167749468,0.11572596817967863,0.14391565410460694,0.8005540053755038
6.486919929408746e-05,5.6939027154905194e-05,0.11564370470203034,0.1450505155902399,0.8012244096008768
-0.0002849063757061757,0.0002056691715830497,0.11561165035322032,0.144596005293118,0.8010594109920521
-5.410438226431737e-05,-0.00043891330312303284,0.11568337834352267,0.1444062716129369,0.8008551556519931
0.0002846185725170476,-0.00023880541283887108,0.11568257321108008,0.14515469061977987,0.8012121022494689
-0.00037499569081821,5.36586609906904e-05,0.11562095765630376,0.14430831551961393,0.8009078169080714
0.00034710938406220095,-0.00043486655702815153,0.11570401800148054,0.1450840119799655,0.8011444538226066
0.00012248088741939825,-0.00020220122293085184,0.115670733738924,0.14491507797648623,0.8011171083125447
4.2408215123694545e-05,6.877058768829727e-05,0.11564143814303422,0.14502337809957583,0.8012151233989083
-0.0003257654023391044,-0.000474026820356676,0.11567223660620612,0.1439182486819544,0.8006406711846717
0.00011515832483726245,0.0006395283184833403,0.1155921797150956,0.14565738918744459,0.801594370766608
8.676642429231397e-05,0.0006464746292555441,0.1155900729016153,0.14561591141758046,0.8015780438487635
0.0005050041233980658,-0.00011944280585883146,0.11568288006647702,0.14563187189827786,0.8014381109559989
-1.5075466253578002e-05,0.00017507335104134224,0.11562858757501664,0.14502207066368294,0.8012349313204137
1.2532773303882232e-05,0.0006180820634688578,0.11558888807029959,0.1454657019416421,0.8015086585228621
-0.00014551492367901093,0.00045914378785822865,0.11559545723011404,0.1450575527135095,0.8013044561166649
-0.0005484711848696774,-0.0001072927428746906,0.11562660960959946,0.1438724456166542,0.8006914277915541
-0.00015548095916749014,0.0004060945162777863,0.11559985732439138,0.14499323356138427,0.8012669119172879
-0.00013787583794294442,0.0005717577062385029,0.11558540721529764,0.1451713824991031,0.8013744884916605
0.00016323202555603583,0.0005056221317355088,0.11560711367163858,0.14561806999615606,0.8015519795468017
-0.00044642038785033816,-9.263966196664757e-05,0.11563067865623457,0.14405713582297036,0.8007728599297937
-0.0005363240174901529,-0.0003415594175670839,0.11564882093600866,0.14368296614453818,0.8005658852305803
-0.00014667436574057074,0.0004868529250561801,0.11559282710473699,0.14508045210690385,0.801319512951545
-1.1211469983800877e-05,3.0308765207766175e-05,0.11564220814892089,0.1448988006612542,0.8011547209900374
-6.405615057378732e-05,-0.0007646901011745586,0.11571293034908804,0.14409776816359215,0.800661412353369
7.954018167182033e-05,-3.6787280058693154e-05,0.11565316030399896,0.14499116210005586,0.8011811868131246
0.0002717422392446332,-0.0006654723200141918,0.11572145868320459,0.14475083853422566,0.80095844018315
0.0001116491136209523,-0.00016692943565676719,0.11566689927119529,0.14492848453519774,0.8011295727071742
-3.143542946548465e-05,0.0008128954357747064,0.11556850702077846,0.14556656214272562,0.8015889165980521
-5.137413521327762e-05,-0.00020459948228068845,0.11566185663791433,0.1446207892348767,0.8009913663124097
0.000635430546091595,0.0003038972684091377,0.11565008586778262,0.14623042991080304,0.8017740245558056
-4.49025477740292e-05,-0.00047712794851877924,0.11568739454698358,0.14438750253203064,0.8008398445956566
-0.00014758589707117097,5.6892799413570405e-05,0.1156326149540936,0.14469344469858386,0.8010723909997105
-0.00015626059652342064,0.0012340981841291287,0.11552289939066462,0.14573472759631378,0.8017411970111418
0.0004910434335176127,0.0006469631056413429,0.11561069840697759,0.14629556900672064,0.8018674765450231
3.8859366682320916e-05,-0.0004746375315969132,0.11569157486354685,0.1445304864448242,0.8009011918074098
1.7335884743934534e-05,-0.0006282296615835241,0.11570463796172475,0.1443567466399447,0.8007978047221083
-0.00021060296519001014,-0.0004964326630637336,0.11568041648921461,0.1440917395187134,0.8007102361942677
-0.0005321453969784828,0.0005889538979044415,0.11556323260418709,0.14452405811876695,0.801102208332407
2.360516132644567e-05,-0.0005054850288893595,0.11569362455839834,0.1444772219507845,0.8008726069339227
-0.00019680334377848867,-9.478649726668085e-05,0.11564405993261123,0.14447478609426317,0.8009502478375876
0.0001378250646557418,0.00029295304123060117,0.11562557853754565,0.14538468056832365,0.8014118814120381
0.00010992068395886698,-0.00028484277939868805,0.1156777348706867,0.14481992453459713,0.8010607685329365
-7.955376970269083e-06,0.0001385703010187808,0.11563234303252988,0.14500131324554172,0.8012191016947638
0.00019305308770950388,-4.8558849577935785e-05,0.11566015774632367,0.14517134064150772,0.8012556360830982
0.00014654827394981347,0.0007337287988437814,0.11558502128167703,0.14579463080318406,0.8016708423851272
0.0003766398145105178,0.0004969727988206213,0.11561886670703056,0.14596885923722436,0.8016996581509978
-1.3632799412470019e-05,-0.00013833160762489265,0.11565770178952729,0.14474359408040016,0.8010563409352784
4.176054683747217e-05,-0.0003383302924724769,0.11567911735403442,0.14465747275616136,0.8009813640376964
0.0003462625501501359,0.0004663048502827272,0.1156201713194793,0.14589032342567226,0.801660349343678
0.00021532204630883133,-0.00019792351083498328,0.11567517585318347,0.14507490087928715,0.8011859664961309
-7.287712975751407e-05,0.0005723841686858205,0.11558871851407557,0.14528118293335823,0.8014213519835108
0.0001437826956638299,-0.0013088555909743494,0.1157741514276109,0.14395985814090406,0.8004984559918968
-0.0001058055234072315,-0.00044353278522658304,0.11568107799022953,0.144315249442393,0.8008155213661308
-0.0004924159013292342,0.00020487285975318177,0.11560080030972458,0.14424646987819206,0.8009104566475441
-2.9009571044995994e-05,0.00048225230039047705,0.11559935997408866,0.145274073327276,0.8014010586898476
0.000267088836826957,0.0013322757019935908,0.11553529182465401,0.14653427495687843,0.8021003827257452
4.4494767428328606e-05,-0.00035826457788661796,0.11568110551886802,0.14464420777468767,0.8009718981330944
0.00010320265673914071,-0.0011939426144600288,0.11576139871274084,0.14399452341402696,0.8005352274318944
-7.511105438273221e-05,0.00042181577777478796,0.11560257874451452,0.14514240247606502,0.8013334268097334
-9.564588553825138e-05,0.000957948683248523,0.11555170993160704,0.1455887889286815,0.8016261668097673
-0.0004677288258514686,0.00029502269862254554,0.11559377926123172,0.14436878996842922,0.8009797999926818
-0.00032231412181853603,0.0005251740658788078,0.11558012312328662,0.14481960187294257,0.8012158068125109
0.000276255191007742,-0.00016358164182317286,0.11567515574491012,0.14520804692748024,0.8012492274110941
0.00021493896395791321,0.0009382906321704537,0.11556944903354165,0.1460930665494103,0.8018370784733448
0.0002479301014851235,-0.00011959571352211158,0.11566960159325887,0.14519987706678017,0.8012541758176651
0.0005939751799176592,-0.0010950335455008476,0.11577812364096116,0.14490748150065258,0.8009428337186791
0.0005142713327360686,-0.00021313544921658967,0.11569207685353065,0.145563476190193,0.8013910452269245
-0.00021312719069010804,0.000124503139319292,0.11562292357609943,0.1446438924581422,0.8010642481357326
1.9337747508771375e-05,0.00038173100909470503,0.11561119880771761,0.14526518082897955,0.8013780160847477
-2.3186000686611735e-05,0.00029264013727144946,0.1156172611989868,0.14511384081616208,0.8012965214465451
0.00021807632098331465,3.2517013821813026e-06,0.11565664602284775,0.1452598191806858,0.8013032279464912
0.00031133074947430886,0.0005583290068457995,0.11560980578515982,0.14591416710388067,0.8016881290578806
-0.0005947660290085867,0.0007916775671684454,0.11554120460879347,0.14460060529597996,0.8011736314181379
-7.506236285932067e-05,-0.00034357456390301134,0.11567346320683335,0.14445646218577723,0.8008947865610988
-0.00012639319780565964,-0.0006280274537951384,0.11569701868173411,0.14411539777457055,0.8006950980929599
0.0003880376324971055,-0.00013822969111896929,0.11567859178930506,0.14541855543595994,0.8013437003299091
-2.149771505551819e-05,0.00030818489277433,0.11561590668868689,0.14513061504272506,0.801306640376532
-0.00019588774015265437,0.00021045354115812928,0.11561587211155809,0.14474991541512588,0.8011258490883981
6.406084505374117e-05,0.0008799128791041235,0.11556717679602972,0.14578716615207016,0.8016956691986663
-9.741880387001882e-05,0.0005716762308432288,0.11558751283648741,0.14523930330660983,0.8014033876587865
-0.00023131402362082344,0.0005392840572321213,0.11558356184795171,0.14498521431493622,0.8012890132569991
0.00010555486767470021,0.00042351464564437997,0.11561177652126027,0.14544752523845916,0.8014636470110682
-5.2305660059454625e-05,0.0006510919688746219,0.11558247186922474,0.14538634743111112,0.8014812000072817
-0.00044649604406638216,-0.0004401430434068478,0.11566268640899596,0.1437456608148348,0.8005736894190302
-1.1656325665084784e-05,-3.8623324061076645e-05,0.11564857136532973,0.1448362717269706,0.8011148962244118
1.5322725610843423e-06,-0.0009658684584005149,0.11573496587959464,0.14402785306785765,0.8005931086681897
0.00016084987223777766,-0.00016168396985806317,0.1156689781866349,0.14501585351592716,0.8011677717026356
-0.00013763188958480112,-0.00016205958700157142,0.11565339115079008,0.14451394783991323,0.8009540319394477
-0.00028629193044236176,-0.0005701716389969756,0.11568319426894084,0.1438984788534145,0.8006138363626505
0.0002013171407844834,-0.0004549818196982594,0.11569827580034282,0.1448210594694992,0.8010286580036761
-0.0001930542190311712,-0.00016096593476483363,0.11565037353431808,0.14442178243894727,0.8009150054356335
0.000216377900447376,0.00029741780653772784,0.11562922004965615,0.1455206688791889,0.8014706287322823
0.00015919238901337593,0.0006915645520995996,0.1155895967530134,0.14577805435067392,0.8016557081307445
1.9341519727026603e-05,0.0004892578169714729,0.11560121179673236,0.14536160869076842,0.801439665691105
0.00021409332540616897,3.3771692021944745e-05,0.1156536050951774,0.14528048251521652,0.80131787133956
6.994680355078839e-05,-0.00020390546826946137,0.11566814730859028,0.14482527890141844,0.8010785531888878
-0.00041023227820749823,-2.8344522394809754e-05,0.11562666495847665,0.14417558826878957,0.8008356037606267
0.00033661050317937365,-0.00025254912310233987,0.11568654921678265,0.14522972093862352,0.8012414107421147
0.0004023202762079822,0.00024602970497825095,0.11564356973572736,0.14578698310844312,0.8015741577163403
0.0002862587913720043,-0.000774833085332387,0.1157323453883514,0.144677287951131,0.8009061784004817
9.695130708775529e-05,-0.0007703848172051781,0.11572197293513077,0.14436321626418097,0.8007733261372664
3.718269004079056e-06,-0.0005332297592884478,0.11569514167534374,0.14441895274187944,0.8008424858876968
0.00016345482452401352,0.00012378479219910275,0.1156426208133473,0.14527608576046708,0.8013332434725231
-0.0002909622662013488,0.00011087583026294041,0.11562009729438813,0.14450085273667307,0.8010007436612565
0.00023833934727203237,-1.5911912688871332e-05,0.11565947624902073,0.1452766873336968,0.8013067377492494
-0.000387464428005218,0.00033508770507340377,0.11559429904918253,0.14453963938948505,0.8010602081127153
-6.21497750545585e-05,0.00047116465845247824,0.11559867163937308,0.14520843710531428,0.8013709924229961
0.00012977311835146274,0.0005167781357600551,0.11560435302597072,0.14557185477929585,0.8015344422905015
0.0002088423294187882,0.0005486497686740029,0.11560545345896048,0.14573329367554838,0.8016092746153477
-0.00015436494346689292,0.00010428419863963037,0.1156278735125841,0.14472453030499288,0.8010947033607411
-2.7329493072514017e-05,0.0006650541867834906,0.11558246444394973,0.14544084430375914,0.8015070747925976
-0.0002945445531791745,0.0012339690593849238,0.11551580197650325,0.1455021769957771,0.8016421724446575
0.00024406819815823923,-0.00010178349214910756,0.11566774742732691,0.14520935166021526,0.8012616215788626
-6.768395639382976e-05,-0.00035315528261612166,0.11567473722950802,0.1444602781981172,0.8008945757006982
0.0002020793510165497,0.000773986638479578,0.11558411434944957,0.1459240508614965,0.8017336504252075
0.0001709504894616198,-0.00014940987591155794,0.11566836589160254,0.1450438235423639,0.8011820302674346
-0.00012037819323071286,0.0006604332376614649,0.11557808286002741,0.14528032275449299,0.8014378534318607
9.859728416895558e-05,0.00027816505852879225,0.11562492253730933,0.1453055079513162,0.8013753436473624
-0.0002675268546942305,2.971649187849083e-05,0.11562883148876947,0.14446749900210304,0.800970996774563
-3.909917742908476e-05,0.0005769474502096251,0.11559004292381132,0.14534204137361467,0.8014481344087736
-4.592613396961348e-05,0.0005014317272646022,0.11559670274141495,0.14526284422282187,0.8013999525330315
6.932612451424044e-05,-0.0006518114732858683,0.11570955871792019,0.14442298647613316,0.8008214862976393
-0.00025614570525667787,0.00020650210211616755,0.11561308178466057,0.14464509366230366,0.8010804681176058
0.0006444330957436829,-0.0002731778712774809,0.11570436902081174,0.14572829424058104,0.8014497080453411
0.000298101468585133,-0.0005884079345308884,0.11571569900565844,0.14486414403465436,0.8010214391077546
-0.0002743060782706086,0.00025569855648972453,0.11560757823709031,0.14465867323510512,0.8010956737273417
0.0004242576167442301,0.0008925823455228315,0.11558435702803656,0.14640372399266555,0.8019605730302899
4.381369032009931e-05,0.00017376409245350625,0.11563177230451814,0.14511985585753867,0.8012763089396095
-8.383413679958045e-05,-0.00016760492330514777,0.11565673043679602,0.1445993896789719,0.8009893433220454
-7.320750020889379e-06,-0.0004260468118699695,0.115684652676517,0.1444964146158787,0.8008959955515271
-2.2662487311726864e-05,-0.0006295013348685867,0.11570264357970982,0.14428839521230746,0.8007684630104797
0.00020049773682711983,0.00044981460567147753,0.11561422452063114,0.14563063757062428,0.8015466386305562
-8.394500844366864e-06,-2.9040924929368857e-05,0.11564785412890564,0.14485034110620837,0.8011227214516774
0.0001626629731587468,0.0003574518772647614,0.11562086624145661,0.14548424528841375,0.8014666235134879
-0.0002143665353142688,-0.00027830352258891976,0.11566008780927275,0.14428082544469895,0.8008325197358596
-0.00030552516827030347,0.00041870537471619076,0.11559085813297824,0.14475234892635086,0.8011667800532027
1.078599132901794e-05,0.0004190851326005739,0.11560728705181791,0.14528430492899475,0.801393313426422
-0.0005723234274467639,0.00023141998417294297,0.11559412690136661,0.14413592811785408,0.8008684832314739
-7.996732848565419e-05,0.00010998035919759883,0.11563123658233877,0.14485466907846117,0.8011511963559388
3.778745729485101e-05,0.0006021883098674355,0.1155916686086815,0.1454938860048165,0.8015176120665206
0.0003551793191975022,-0.0001096026140857164,0.11567423142826216,0.14538901149056965,0.8013366072006093
-0.00017972963072069656,-7.499304696157965e-05,0.11564312801101605,0.14452121986353927,0.800973807148747
-0.00026060247446488326,0.0008771424111197388,0.11555070132341082,0.14523903731507976,0.8014617928480561
0.00023855250381366017,-5.574194025700251e-05,0.11566318623562243,0.1452413476669664,0.8012840629177739
-0.00023873970046825446,-0.0006068879163732945,0.11568910629895719,0.1439455175331471,0.8006268275737672
-2.9961277785026054e-05,-0.0004043241093929849,0.11568145294768727,0.14447782904605477,0.8008922448688072
1.9994782440003405e-05,0.00047788431344121914,0.11560230222359562,0.14535250704143954,0.8014336121679387
-0.000177419518752193,3.7379260122783416e-05,0.11563285656941394,0.14462581440304983,0.8010398616730972
0.0005470654823883241,0.0002454201152568265,0.11565103845739667,0.14602957831599056,0.8016773168871248
-0.0001795015790352864,0.00045698503340569653,0.11559388878854965,0.1449984956280364,0.801278901189046
-0.0001491502733385118,0.001166930134320502,0.11552951599860004,0.1456863952099201,0.8017077538400871
-0.00027813035950435046,-0.0008212713462243396,0.11570674937440553,0.14368732989069966,0.8004758440974452
5.004774764193851e-05,0.0008424166126448425,0.11556994929000661,0.14572997791157666,0.8016641402244644
-0.00017434871979361496,0.0001431450972648951,0.1156232301360522,0.14472577841222772,0.8011026793128978
-7.12781079124606e-05,-0.0001830828743004294,0.11565882138166374,0.14460662087499138,0.8009894566119865
0.0001330468338200468,-8.084749072655971e-05,0.11566003320156919,0.14504158059523398,0.8011942099720762
9.371950239962462e-05,-0.000504529521483629,0.11569722300906576,0.1445958913944448,0.800923309114422
0.00027040551490285374,0.0006720421215883037,0.11559711192070019,0.14594740212336427,0.8017240617616344
0.00040735120834538106,0.00044498863548227504,0.11562528431802144,0.1459738332567973,0.8016918170041568
3.231218123770663e-05,0.00039404885965880864,0.11561072697438787,0.14529802851162216,0.8013943595140353
9.91768105368424e-05,4.236209627935575e-05,0.11564684173806168,0.1450950976862067,0.8012405962662974
0.00029070726229232286,-0.0006737858965940464,0.11572322197336603,0.14477525376372713,0.8009672414262494
-0.00044209123997639843,0.0003164011954534802,0.11559315433656407,0.14443105590829758,0.8010104029145388
-4.944695649027501e-05,0.0005186379265729674,0.11559492270645527,0.14527235771621722,0.8014072987582695
-0.00019159412840862635,0.00027414631907948924,0.11561019920823196,0.14481423255636222,0.8011654314176024
-0.0002850189716928259,-6.826072664990804e-05,0.11563696260297215,0.1443502882644368,0.8009023290495719
-8.320362754510464e-05,-0.0008326062819866705,0.11571817756886507,0.14400477669505468,0.800608813907263
-0.0001876945176844412,0.00037492359214955144,0.11560106743203569,0.14491114245160308,0.8012259932175694
-0.00013439539092467825,-0.00010571840805080767,0.11564835127129533,0.14456987557496492,0.8009886344365016
6.6349347880386e-05,6.192644610888038e-05,0.11564331914938485,0.14505747315679463,0.8012283269721344
1.1140046125016465e-05,-0.0002922156819463935,0.11567324364242679,0.1446473353000141,0.8009858826067
0.0003254273502930873,0.0005216105025778371,0.11561394982877551,0.14590491873010053,0.8016771577080718
-0.00012769830149601176,-0.0004750538897350997,0.11568283215575559,0.14425022128823495,0.8007817995052594
0.00035659207563897396,0.0008140035791323416,0.1155882625280483,0.14621954897299244,0.8018671139138366
1.0813134180702317e-05,0.00025818927052841134,0.11562222412443182,0.14514008807946438,0.8013010954666676
-1.4322136130685225e-05,-0.0003608490479852454,0.1156782557059158,0.14454305764614944,0.8009283420921908
0.0005202490958652996,-0.0001903179871364946,0.11569026183041872,0.14559396386684154,0.8014083953906472
-0.00039637024701341965,0.0003154594091448293,0.11559564571198769,0.14450707048355205,0.8010425828938559
0.00020876814387956808,0.0006228338172554497,0.11559854100142015,0.1457997041121724,0.8016517579097222
-7.240307218949279e-05,0.00028860145426623583,0.1156150760341291,0.14502750946371268,0.8012589953674468
-0.00011024400432999068,-0.0011568671201447164,0.11574660437560921,0.143669046298469,0.8004037701551315
-0.0004206875295737401,-0.00024699045954588083,0.11564627164303787,0.1439620861733526,0.8007028269334002
-0.00017365697147245048,0.0003163045543284627,0.11560723097371231,0.14488217706665768,0.8012024325739062
-9.914765429199023e-05,-0.0007172606530148728,0.11570669442596894,0.14408127053525305,0.8006634751985511
0.00017168725382474333,2.443520348592742e-05,0.11565227263688464,0.14520086486965378,0.8012821884679534
-0.00012885610408193404,-0.0005330521312815755,0.11568812460730908,0.1441963242701546,0.8007477440660188
0.00014534952654266162,0.00036888171171566475,0.11561890993327284,0.1454654030557227,0.8014607917522328
0.00011533216172211213,-0.00011460218775833294,0.11566224049886252,0.1449815652528349,0.801162194239397
8.916608527684306e-05,4.3223335766546226e-06,0.11564984945090663,0.14504418153406223,0.8012116332840238
-0.0005912986137424647,-0.00043118632856957716,0.11565412243341859,0.14351025395660205,0.8004751894886104
0.00031287322289510626,-0.0001499167054364972,0.11567578631572738,0.1452818110994839,0.8012832475870744
7.170141567918333e-05,0.00020266689640601149,0.11563053839537012,0.14519262793262727,0.8013128258986846
0.0003116495207027244,-0.0006010123722135236,0.11571757521492726,0.14487561458526232,0.8010239076278273
-0.00043643005400472026,-0.0008751252834748413,0.11570321900390407,0.1433730320749409,0.800331726563379
-0.000388557336667108,-0.00023883740868052035,0.11564722589603203,0.14402340120477053,0.8007304914307639
-3.3880116387319488e-06,4.885777123063239e-06,0.11564497228779029,0.14488916123707707,0.801145747056953
0.00022766210335496158,-0.000319098561086015,0.11568705748679715,0.1449870579046642,0.8011253569826206
0.00042650107435865874,0.0003078759329476543,0.11563904689330252,0.145883054669791,0.8016269045719956
0.00013663821443767025,0.000284369145538269,0.11562631480900663,0.1453749902020411,0.8014061116720023
0.00016968525581934478,-0.0006793474302749188,0.11571738722364033,0.14456694960828048,0.8008774981969591
0.00046301902242208384,-0.00039254309089044087,0.115706108303676,0.14531663729636357,0.801251593403773
-0.00013417794048890157,0.0004039931898151135,0.1156011611645252,0.1450271526512253,0.8012809491641729
0.00024436455608042423,0.0007511540074329803,0.11558840487847873,0.14597461525457683,0.8017508022809373
0.00016134660594624257,-0.0004209594242411296,0.11569303304150577,0.14478438173625252,0.8010195615135565
0.0002800489499787364,-0.0015698814043225233,0.11580546725716245,0.14395522035200226,0.8004464766794624
-0.00017612903903971384,-0.00046443375263001467,0.11567929036099862,0.14417834169465565,0.8007532339318741
-0.0001434119498017235,-0.0005590823600022162,0.11568975616004369,0.14414854696743656,0.8007224180099769
-0.00019070875465590866,0.00044884143829458195,0.11559406001361867,0.14497235687905768,0.8012662135062965
0.00011905143786820451,-0.00031887233960587266,0.11568136454098679,0.1448047770463901,0.8010478009764017
0.0005360675468840001,0.0006642302052713474,0.11561137024895361,0.1463866876834941,0.8019095748300836
7.829445694975697e-05,0.0002856208030857857,0.11562317845738568,0.14527807704036727,0.8013650942536211
-0.0001631563740573261,0.0012590984754889299,0.11552021840732471,0.14574557627629126,0.8017506047638405
-0.00044066961421436197,-0.00031293611943436484,0.11565128473531515,0.1438694125488646,0.8006507412920899
-9.529661222335454e-05,-0.0008982500221058102,0.11572358556886295,0.14392567930446876,0.8005625656851942
0.00011571364353383528,2.3968902786838018e-05,0.1156494081162283,0.14510639820737686,0.8012418834455646
-0.0002654152531624004,-0.0006700442324597982,0.11569350542691915,0.14384412109936756,0.80057156287559
4.720484163839787e-05,-0.0004816368066999486,0.11569266098808649,0.1445382397865973,0.8009031516490347
-0.00038693005740672674,0.0007712379423905579,0.11555395941452395,0.14493168045056182,0.8013106588014635
4.44484520611204e-05,-0.0004473613396347288,0.11568934599079618,0.14456431191769598,0.8009208170774204
-2.2437734057886245e-05,-0.0001964082733374188,0.11566261645660904,0.14467675566594662,0.801016761150679
3.074901491737244e-05,-0.0004054137494621213,0.1156847460671775,0.14457887020878196,0.8009350506690184
0.00021281621526792423,0.000522944680321126,0.11560805089177403,0.14571691716421248,0.8015973785740133
-0.0003219927355299656,-0.00016632694417355648,0.11564406386103017,0.1442002617882926,0.8008196741862131
7.067569668962568e-05,0.0009628981629731661,0.11555978545714786,0.14587273844123577,0.8017479960045014
-3.1922884100972956e-05,-9.259717616231846e-05,0.11565250992846769,0.14475384329759128,0.8010694655463254
0.00018779816718382154,-5.1920058100981374e-05,0.11566019676174713,0.14515949909550996,0.8012499510725265
0.00032029956316603574,0.00037302037328737817,0.11562753128460881,0.14576305441655307,0.8015882986737047
-0.00011038127366960287,-0.00012393340022082516,0.11565129702487338,0.14459391031008467,0.8009953768752599
5.496014072074466e-05,0.0004743936921603882,0.11560443418472259,0.14540813325874047,0.8014566242742498
9.692852811688955e-05,-0.00024076612566432812,0.1156729724950071,0.1448375872836543,0.8010767315994489
1.2378323799162e-05,9.495101351822066e-05,0.11563744650755993,0.14499638286309519,0.8012086465811743
-6.076388130833855e-05,0.0001631021570647598,0.11562731664185405,0.14493455987953258,0.8011953835037088
-0.00026463419029954904,0.00014615819009063658,0.11561821819929259,0.14457673208779692,0.8010398055654908
4.653385561174726e-05,0.0004659865512643242,0.11560477994767743,0.14538643454056377,0.8014457762829429
-0.0003690330436980583,-0.00024946386980313106,0.11564924128493585,0.14404669918324953,0.8007383739641712
0.00011018559091963545,-0.00013417439827631444,0.11566378668619537,0.14495537800171587,0.8011472965187278
0.00020541752040152022,-0.0003300606751355679,0.11568691358278821,0.14493986320058583,0.8011031655584397
0.00012836133845359917,0.000366036502710009,0.1156182971754522,0.14543430709029964,0.8014470087341504
8.269451155232337e-06,0.0009838942626073219,0.11555463273974621,0.14578670660315157,0.8017153933679545
0.0001724342937528806,2.2579445731862283e-05,0.1156524836874028,0.14520045670945736,0.8012816591996751
-0.00016976856538934587,-8.859710717141468e-05,0.11564490942977639,0.14452576955036778,0.8009731378680889
7.118404531317887e-05,-0.00016797212885218346,0.1156648830680216,0.1448595571456101,0.8011000296669335
0.0003274540787588974,-0.00034456644298190483,0.11569461589944675,0.14513189204936577,0.8011821358663364
0.00018702721777400758,-0.00044981013203635237,0.11569704916000088,0.14480168355782308,0.801021400169607
0.0004328589188973272,0.0003047979765454394,0.11563965944135618,0.14589097518784472,0.801629686793227
-0.00024261308712385528,0.00042712556735860995,0.11559336569052493,0.14486564490623677,0.8012166246962743
-1.3263422639170868e-06,-0.00026489921433130945,0.1156700619070382,0.14465086185697335,0.8009926169478605
1.6932485739498628e-05,0.0004367606558663189,0.11560596375457513,0.14531048365958166,0.801407844169741
0.0002541762158989489,0.0008662591048811423,0.11557816983474385,0.14609436407306436,0.8018238317029633
-0.000130613338038043,-0.0003597600764274245,0.11567203120336877,0.14434860575053904,0.8008457699941025
-1.5105217753585524e-05,-0.0008482323088268665,0.11572323279615847,0.14410521959298023,0.8006485802699056
-0.00016201854922811944,0.0007762306676917433,0.11556517442351563,0.14531420842011367,0.801474462418295
-1.579435960670444e-05,-0.0008784026716688007,0.11572597938237882,0.14407704771123708,0.8006308073686617
2.2486119242265125e-05,-0.00010794840166574853,0.1156567775409064,0.14483151652961895,0.8010995912085438
-0.00021770050444553033,0.00029439258258685,0.11560695982147846,0.14478850620099049,0.8011583579664345
-0.0006306626050060913,0.0005446585733074857,0.11556214108853984,0.14431869781144846,0.8010062980712801
-0.00044389141175823094,-0.0005913613663341463,0.11567673840634399,0.14361459312845354,0.8004889231645821
-0.00021441352880669697,0.00029327030530134187,0.11560723557781846,0.14479302462745397,0.8011600665239845
-7.617351995064613e-05,0.0007013823434742871,0.11557656581019109,0.14539134417465133,0.8014929613576904
0.00016525565046076997,-0.0007195270563067811,0.11572087066539435,0.14452352389941575,0.8008513140587815
0.00022515865402538603,5.476063667911056e-05,0.11565222875577706,0.1453178868056001,0.8013378157054516
0.00020467060383314915,1.7865531966189797e-05,0.11565459379971481,0.1452503940878912,0.8013020151457114
4.6125292333994925e-05,0.00033878575519116105,0.11561657461710083,0.14527168844584087,0.8013725594021613
0.0001040648001252538,0.0002549934491074423,0.11562735787429826,0.14529392050197015,0.8013659717130986
7.706366996786019e-05,-5.8353652711525964e-05,0.11565503069295292,0.14496767240035247,0.8011670554519508
0.0001215108527078833,-0.0009201607828438567,0.11573710534251384,0.14427037093019046,0.8007051079514308
3.962801445883714e-05,-0.00026220891320257264,0.11567195975533193,0.1447220913218928,0.8010234556453605
0.0005212073174078988,-0.0009047042282046513,0.11575667481738114,0.14495566211104405,0.8009998063892516
0.00019275809040939968,-0.001086723951349726,0.11575625479331535,0.14424095992129676,0.8006606786475903
-0.00016869276378309422,0.0008195455686430286,0.11556080629100718,0.14534184775698245,0.8014945267189748
-4.7556167113373124e-05,3.742136287559774e-05,0.11563965123559827,0.14484409934061798,0.8011327964895326
-0.00011549514445177356,-8.487066103275106e-05,0.11564741504996422,0.1446203222034383,0.8010141040468173
0.00029240324868633276,-0.0005524798045155438,0.11571207161581538,0.14488675225214953,0.8010379465049458
-0.0004918889449754075,-0.00013785792906184391,0.1156324332005615,0.1439401791994966,0.8007144074633541
0.0001774362227508819,-0.00018123450390697431,0.11567165531714578,0.1450262022081067,0.8011684319631114
-0.0003817591829227717,-0.00039998908288054803,0.1156624375587621,0.1438904516143556,0.8006430210843165
0.0001712372198667947,0.00010060403792378508,0.11564517695969223,0.14526838257705388,0.8013255233691442
0.0002674250615142479,-0.00013536211581578013,0.1156720773304205,0.145218500571984,0.8012590837036471
0.00026910776659782893,-0.00026899328228849946,0.115684568256378,0.1451015828146041,0.8011837104459661
0.0004563324930844121,-0.0006211926495409946,0.11572699277120072,0.14510058446846835,0.8011158142938165
-8.810357458451345e-05,-0.0009345370769379114,0.11572731222870432,0.143905278675376,0.8005469293276943
0.00021061767916084843,-0.00046903548706583674,0.11570006419325962,0.14482409592055406,0.8010272583871326
-0.00017777695217199152,0.0007746011423544852,0.11556451020815142,0.1452862609554229,0.801462252647715
0.00040888184338111965,-0.0004928604860734721,0.1157126137492557,0.1451358290330484,0.8011554030712283
-0.0001701424535167984,-0.00025896845560002303,0.11566063569225764,0.14437247554980343,0.8008752404192352
-8.255276050658508e-06,-0.00026927433449883505,0.11567010323902005,0.14463529829371075,0.8009851531899473
0.00024188831316553842,0.0006265607561589194,0.11559989134421282,0.14585869447350824,0.801677584850481
-4.5330785979725336e-05,0.0008578682165027973,0.11556360860776299,0.14558355658115518,0.8016047668278338
-2.069212659607909e-05,-0.0004248040146360067,0.11568383409637728,0.1444750585011373,0.8008871420581316
0.00017790612824157312,-3.804985362620034e-05,0.11565839554493602,0.14515530978023583,0.8012508247535565
-0.00035934053009517596,0.00029472271959330777,0.11559950796459914,0.1445507253257824,0.8010571947848444
0.00026946048297840403,0.00014730348704015912,0.1156459186883527,0.14547527307176145,0.801422545611294
-0.0005077924396471776,-0.00041132191379745863,0.11565676259192596,0.14366843557345416,0.8005463349136848
0.00013905884341899682,-0.000168465575331018,0.11566847133573054,0.14497316297260981,0.8011482986222694
8.977402195716204e-06,0.0004490989446217102,0.11560440597056093,0.14530817961802112,0.8014092269659859
9.345418451595407e-06,0.00017711702950537085,0.11562966900957632,0.14506494080527632,0.8012535732092609
-0.00030246747502862267,-0.0004937331376893568,0.11567529107849799,0.14393975667372044,0.8006460522612858
0.0005374395934178599,0.00026968348895306684,0.1156482832064564,0.14603516382940046,0.8016843428690632
-0.0002512408925427141,-0.0005746461546861189,0.11568547045451011,0.1439533834831293,0.8006363527941766
-0.000403920212617662,0.0005863098535282177,0.11557019762565829,0.1447372505734017,0.8011924606247295
7.178519897045786e-05,-0.0004837752011410113,0.11569415073633178,0.14457762680221642,0.8009195095622406
-0.0004994979623634859,-0.0003292373156229274,0.11564965201074176,0.1437559144307039,0.8005993008253187
-7.059762536499227e-05,-0.00011568486734783841,0.11565262105069041,0.14466816042565805,0.8010285662985746
0.00047876092960193607,0.00018189989247607477,0.11565346567085132,0.14585789669037968,0.8015920611502741
-7.858585328564363e-05,-0.000542656870982598,0.11569166938909958,0.14427220188150797,0.8007782061683976
-0.0002505047544644639,-0.00023554263947756562,0.11565423105526138,0.14425839983590422,0.8008311646011662
0.0003484494765123441,0.0002803669310047838,0.1156376054372515,0.14572726972593825,0.8015553149616392
0.00016960407649212428,0.0001265536942078556,0.1156426822920397,0.14528889987528132,0.80133922904967
-0.00025283069573346525,7.992241930034064e-05,0.11562496296826778,0.14453720005191573,0.8010102874161775
-0.0003019548864319731,-0.000683977452218062,0.11569284092217308,0.1437702286030738,0.8005374366750003
-0.00028550474260378663,0.000199470465969776,0.11561219225578791,0.14458944267448276,0.8010554297080329
-0.00034137936432801556,-0.00033713307761761377,0.11565879087970934,0.1440146362504131,0.8007079294872224
3.1260307129458546e-05,0.0004504744564839712,0.11560543134953759,0.1453468582126341,0.801425956457238
0.000138978243991545,-0.0003806922680232245,0.11568813294961793,0.1447828727909929,0.8010266331504395
-0.0004811585881275883,-0.00020705441596291475,0.11563937830345815,0.1438962144479719,0.8006824350620642
-0.000491707550634434,-0.0005134765335110726,0.11566701834846543,0.14360397075771764,0.8004993215485899
-0.00021142325571851198,6.54049937000131e-05,0.11562847989871475,0.1445937837325646,0.8010315947125286
-0.00026695607908069354,3.648019081661146e-05,0.11562823637444732,0.14447452053931736,0.8009752816624883
-0.0004736380555908374,-0.0006259775417346241,0.11567832936812433,0.14353358616937195,0.8004478059921633
0.0001533733705152738,-0.0004326217976284778,0.1156936957070261,0.14476053764981145,0.8010071766031838
-4.322209092609647e-05,0.00018648902469461904,0.11562606320019471,0.1449850042404009,0.8012213385702485
0.0004090533581001905,0.00042705066707889885,0.11562704400182174,0.14596060674276295,0.8016827499118555
-0.0003743165592782753,0.00011552436103165664,0.11561528023384524,0.14436490887233489,0.8009437611046399
0.00032208976998330906,-6.06050535175313e-05,0.11566796570348307,0.14537733477831155,0.8013410227774495
0.00017068253308417778,-0.00043067919853491193,0.11569442187850609,0.14479136021104044,0.8010206703157513
0.00011407435834592157,0.0007953726610960209,0.11557761473957524,0.14579536324105336,0.8016829633625145
-0.00013005977673224249,0.00014742579235135217,0.1156251507731191,0.1448040501236016,0.8011368206599233
0.00028307410396884126,-0.0009482208626150144,0.1157482214690421,0.1445166854630337,0.8008045917730341
4.7973799725629065e-05,0.0007730962567904054,0.11557629521564469,0.14566430497095118,0.8016229026336769
-4.210773977450759e-05,-0.0004916457189171324,0.11568888330077745,0.1443791945413972,0.8008335265933949
-0.0004696401363497979,0.000538440667688956,0.11557118339900624,0.14458383988255957,0.8011179813465389
0.00018894348069612706,0.00012317045793596617,0.11564399828368417,0.14531836101168077,0.8013511229109205
-0.00017409639524566445,-6.889211820610727e-05,0.11564285998173526,0.144536155013666,0.8009813339976473
0.00025668577431419614,-0.0011858930818135695,0.1157687948066445,0.14425959176827408,0.800649612550642
-0.00023506272179977814,0.0003124160475555169,0.11560438322790471,0.14477548343782798,0.8011562667770235
0.0003495935158798848,-0.0001324190880892835,0.11567606282976674,0.14535918017515187,0.8013195366477275
-0.00017724490513242706,-0.00039993731872994814,0.11567327860509247,0.14423424277368413,0.8007893873904878
-0.0001720736103822602,-0.00038983136086388244,0.11567261901887432,0.1442519872542823,0.800798877455042
8.552532013981669e-06,-0.0002447360935993459,0.11566871390562039,0.14468552865689638,0.8010112377244686
0.0002789855364181513,-0.0003885384482140271,0.11569617227187984,0.14501107070336533,0.8011222768844909
0.000275683819533148,-0.00019674457626951344,0.11567820479852596,0.14517736945050103,0.8012298145556321
2.755051489377385e-05,-0.0004938997124319737,0.11569276110164886,0.1444942291548712,0.8008820665322592
0.00014724660190166817,-5.193070057513815e-05,0.11565808978843137,0.14509135508521814,0.8012209392379563
-2.7903982425403907e-05,0.001196612814441175,0.11553296433260145,0.14591680813624003,0.801811529971366
8.406531817567232e-05,0.00022341521493118098,0.11562925369611307,0.14523200429416905,0.8013335637040818
0.00016849966406368567,-0.0009163767095634675,0.11573923822898252,0.1443527071898777,0.8007408844915174
-5.4003564996305585e-05,-0.000360625032281001,0.11567614782798209,0.14447657577393014,0.8009000828051953
2.21708602296757e-05,0.0007649382588272573,0.1155757273627207,0.14561362620178575,0.8015997651844436
0.00011036368124024546,-0.00014140502546740406,0.11566446625819235,0.1449491976083847,0.80114328026689
-5.98575831629189e-05,5.7141317162897644e-05,0.1156371818092566,0.14484110195500166,0.8011352982323223
9.621645343084375e-05,-3.810550426383483e-05,0.11565415133031204,0.14501800188888125,0.8011923603286346
0.00019747392732726157,-0.0006383656395949818,0.11571505484766008,0.14465034139821115,0.8009208500895673
8.828330446514066e-05,0.0005086842976266608,0.1156029670666264,0.1454948798582904,0.8015001225169104
5.2042863113080553e-05,-0.000524642049830662,0.11569689234672272,0.14450784705373038,0.8008819745131148
0.0004362671942018893,0.00018428279644267523,0.11565106401401161,0.14578865156243304,0.8015630390893284
-7.645404792862508e-05,0.00014624933847602712,0.11562805979896497,0.1448930846643321,0.8011744984532339
0.0003099800647555428,5.4158002101609765e-05,0.11565667178418151,0.1454598519681753,0.801398136683321
-0.00016503113906280928,-0.00026425490561019014,0.11566139354433688,0.14437632925931526,0.800875868263853
0.00011368621914533839,-0.0006966010878768598,0.11571603609836746,0.144457409562395,0.8008275602694127
-0.00016544957150364077,-0.00030975829527379086,0.11566557477681336,0.14433485684385328,0.800849495790115
0.00047537032369558056,-0.0003232972454102484,0.11570031250552028,0.1453994245361877,0.801300102501385
-0.00020345676788508058,-8.968413973427595e-07,0.11563502991671154,0.14454774784369573,0.8009992951319996
5.6934131235935924e-05,-0.0007599422210840827,0.11571889546800122,0.1443053282916132,0.8007506829681249
0.00020462618215337625,0.0008056209269907059,0.11558129569004125,0.14595670927508736,0.8017536137472258
0.0002810761355044944,0.0003679843429874423,0.11562598527266271,0.14569264162686113,0.8015573582721182
-0.0004242457191638779,0.0005821743325440074,0.11556951676461526,0.14469937331772792,0.8011755435365572
-0.0001947757892180793,-0.0009064082811949059,0.11571903627143375,0.14375119474206627,0.8004867224416895
6.875757446158365e-05,-0.0004961124997463267,0.11569513283701341,0.14456148812793107,0.8009102756505089
-0.00013441379098269924,-0.00015140339916002804,0.11565257504995513,0.14452890516935657,0.8009624408853703
-0.00017640706450594202,-7.676238190795739e-05,0.11564346624951559,0.14452521837464277,0.800975170414127
-1.9526392079706883e-05,-0.0002485729895572651,0.11566759638775226,0.14463490642335863,0.80098895214051
0.0004139088393953045,0.0005300116989838885,0.11561768901911822,0.14606109878587342,0.8017452550235914
-2.6134275308363405e-05,0.00020457522549489595,0.11562527615292799,0.14502993396083136,0.8012439305288651
0.0003622522681420852,0.00037041623972711103,0.11562992621317045,0.14583119936901495,0.8016168099944199
0.00022794575807683176,-0.00018709064977915388,0.1156748275509471,0.14510581727212435,0.8012012032693588
-0.00019286253254832998,-0.0010127975726205694,0.11572893010951271,0.1436591638408316,0.8004271625939346
0.0002511455961810133,0.0004083753689227974,0.11562068651575821,0.14567857386441807,0.8015591071862211
0.00035521444841990116,-0.0006089746415486212,0.11572058874870893,0.14494166834945132,0.801050502239572
1.729186722277759e-05,0.0005111905574180959,0.11559906804314658,0.1453778333624532,0.8014507744203029
-2.1399778969942166e-05,0.0006811829974656425,0.11558127131440596,0.14546527625872113,0.8015205656056112
-0.0001887933287345328,0.0010801797850231235,0.1155355472474167,0.1455419135807216,0.8016296272813888
-4.735974787380832e-06,-0.00011516340654314986,0.11565602220313033,0.14477930650629356,0.8010759825344186
-0.00030352136314677395,-0.00035716082829525826,0.11566264585139276,0.1440603273644549,0.8007235440577787
-7.882878065835515e-05,-0.0005228924238648149,0.11568983148964526,0.14428949691701215,0.8007893551835986
0.00017329391744731304,-0.0003865448759828502,0.11569047017894231,0.14483528604546603,0.8010478249686138
-3.176746876175427e-05,7.584715986879688e-05,0.11563691549936364,0.14490507410292008,0.8011661155065395
0.0002963339027738916,4.063096477191058e-05,0.11565722426114108,0.14542480135018826,0.8013806237906921
-0.0002500073528732114,-0.00039256719873495446,0.11566874778148938,0.14411855377562177,0.80074154897241
8.774678493294198e-05,-0.0001508948722539983,0.11566416565682723,0.14490269076375423,0.801121663717003
-0.00018023523031302803,0.00032728449097462034,0.11560587043043147,0.14488096541549117,0.8012040201943081
0.00024762340329150646,-0.0004037370802699986,0.11569594602688019,0.14494476516174642,0.8010911381335143
0.0003181808103258197,0.0004108455127299625,0.11562389943587428,0.14579341272824603,0.8016084687990527
1.9809889642359075e-05,0.0002432344800155591,0.11562407913826027,0.14514179909557584,0.8012989589661911
0.00018707373817468888,-4.727341423838861e-05,0.11565972785662375,0.14516244641770898,0.8012520959477658
0.00034189705138763224,0.0006743817126890392,0.11560054538394772,0.14606961096400728,0.8017765358598201
-0.00017027264102360904,0.0004588686034069268,0.11559419460726726,0.1450156958839992,0.8012865843999712
8.43282997292402e-05,-0.0008043223353921647,0.11572444170510449,0.14431161675941773,0.8007448581134489
0.0005342156027449402,-0.0004506656131017391,0.11571519729947366,0.14538415557289786,0.8012692022337174
0.0001241855167823261,-0.00026159489608569607,0.1156763267282723,0.14486472299599973,0.8010842934409371
-3.0660847098991085e-05,-0.00017464634383558528,0.115660171315649,0.1446824374586061,0.8010233489160835
3.163113508236243e-05,0.0004810779038202634,0.11560260726893656,0.14537492509730876,0.8014437676262358
4.076188830029993e-06,-8.909644250580067e-05,0.11565406893527565,0.14481747494898728,0.8010972250105831
0.00019524902249771017,0.0009208286373640229,0.11557007376441872,0.14604431530196632,0.8018129792204258
0.0003753057957127276,0.00019298604679570227,0.11564712181707429,0.14569404604232516,0.8015244315723216
0.0002886878458370895,0.0008640516049730857,0.11558013434544152,0.1461503674641978,0.8018472501857964
-0.00042627420690511905,-0.0002721720354389643,0.11564829513290677,0.14393013315627912,0.8006844000597411
0.00014082435740530303,0.000592833280105443,0.11559784521661351,0.14565863441660276,0.8015859554672841
0.00018239458390730917,-0.00020573034421274842,0.11567418536877735,0.1450125827002987,0.8011579412709251
-2.565995760134377e-07,-0.0010515016605179518,0.11574276578775634,0.1439481858351344,0.8005427884580253
0.00042815317553829524,0.000984510745469967,0.11557595930223129,0.14649275323197658,0.8020160847456101
-0.00011866507080733438,-0.00022999400577786698,0.11566066927786572,0.1444849502740127,0.8009286730401928
0.00014244734415958234,-0.0003574952183554337,0.11568616590369123,0.14480948384329034,0.8010424057024396
0.00029266712538914756,-4.257570479026241e-05,0.1156647675321516,0.14534406344914996,0.801330312636013
-5.880607541632853e-05,0.0004329707216997574,0.11560239003455774,0.14517980668506114,0.801351487232791
-0.00034993259565945927,0.0003017174686251409,0.11559935509252578,0.1445728107252357,0.8010679368182704
0.00023418443064621432,-6.195345903451513e-05,0.1156635364043927,0.14522844193561857,0.8012773788331431
8.090065089081425e-07,0.00043759312980847203,0.11560505156117153,0.1452841353537488,0.8013967868293583
7.646988106783324e-05,-0.00029416531380756054,0.11567684795349212,0.14475536514355064,0.8010314988302841
-7.65282544347255e-05,6.511284575258135e-05,0.1156355722714875,0.14482023146276468,0.801127940503769
-0.00014024161332274447,-0.0006753370089765602,0.11570064786791853,0.1440497549130922,0.8006580899357398
-4.258238740624748e-05,-0.0002857769453959418,0.11566982749955629,0.1445628275221973,0.8009511400156532
-0.00013156912178559195,0.0001516143890461086,0.11562468397398282,0.14480526819003398,0.8011381416198828
0.00035035726973916734,-0.00021499802593216916,0.11568377468720861,0.14528646254404037,0.8012727600818949
0.00027449300243927724,-0.0009229590940190378,0.11574543339708546,0.14452488711631223,0.8008129227432966
0.00045247822374131527,0.00010444134534347777,0.11565933325232941,0.1457443088406264,0.8015288665159774
-2.531607327106423e-05,0.00014695636981478462,0.11563066109362626,0.14497965657714024,0.8012114886945751
-3.422994011453521e-05,-0.0011738107484777177,0.11575222427869854,0.1437816171126713,0.8004484471161586
0.0004164082058319323,0.0006473673304235476,0.1156068644114436,0.14617055523767447,0.8018143339873841
9.635332782946392e-05,-0.00014749334516054048,0.11566429963211033,0.1449202004417377,0.8011297694493043
-0.00010908895699341937,0.0005820875789462696,0.11558594146003565,0.14522902764292228,0.8014010076855889
-0.00012664791240693895,-0.00025897057997309236,0.11566292751206028,0.1444455712540194,0.8009063578088683
-8.36928886226233e-06,3.1959743599040426e-05,0.11564220349597383,0.14490505657100133,0.801157700491963
-3.701059764282849e-05,-0.0003792321493790175,0.11567876225915263,0.14448846200381887,0.8009015783467852
-0.00015823710697261985,0.0008108812279331887,0.1155621516916278,0.14535164812620477,0.8014970390288526
-8.853497571066223e-05,0.00014951189370200125,0.11562712689710744,0.14487570655827403,0.8011677253769434
0.00016425584407697913,0.0003692162759648981,0.11561985454663247,0.14549747033528238,0.8014745073050092
-0.00030012994542402585,0.00041614771311295173,0.11559137708605982,0.14475912430766996,0.8011691744480932
-4.594690414003374e-05,3.0955944103771965e-05,0.11564033422847288,0.14484100874495143,0.8011302421965936
-0.0002638514441960286,0.000699933337242061,0.1155669743317406,0.14507460886925444,0.8013578454112446
0.00019492292390673846,-0.000463232893320822,0.1156987056233962,0.14480292502624192,0.8010193572687304
5.102112548262498e-05,-0.00011900408899030939,0.11565929277021801,0.14486955828719333,0.8011136681341625
8.342607944602945e-05,0.0007486411653753968,0.11558039309668398,0.14570194145634652,0.8016342400939828
4.346530163003429e-05,-0.00037089415194527605,0.11568222015667165,0.1446311631230896,0.8009639253957915
0.0001503020099123804,0.00025188501488240784,0.11563003993626982,0.14536882492444447,0.8013972640192174
0.00019998954388761843,6.668536239850934e-05,0.11564981723157629,0.14528628790345355,0.8013266480700438
-0.00016619232218195184,-7.9331416531725e-05,0.11564424063066485,0.14454008361302534,0.8009810065881593
-0.00025194548239245405,0.0002924132617735581,0.11560535171634381,0.14472917323682005,0.801132719967909
-5.320249923316966e-05,-7.301885626717423e-05,0.11564958329967114,0.14473562896770664,0.8010654621040385
4.192405906027422e-05,0.0007584463187273428,0.1155773474759096,0.14564099685033577,0.8016101735605633
-0.00018175206302245374,-0.000579390375516253,0.11568959740439237,0.14406592299812804,0.8006833534819693
6.904800512420584e-05,0.0002748481012108003,0.11562369963458614,0.14525288131101965,0.8013523043663536
0.00016444751768176076,0.00023979300878756223,0.11563189515519921,0.14538175174532325,0.8014004506595478
7.632265195594637e-05,-2.7559968167199238e-05,0.11565213709359665,0.14499402553627944,0.8011841734996187
-4.818046938593813e-05,0.0008025089721825171,0.11556861038188775,0.14552910347256315,0.8015709802086187
-0.00012825089117919142,0.0002510535376363625,0.11561564597058019,0.14489998875254845,0.8011975150466092
3.9100256481000794e-05,0.00047590601377293636,0.1156034739648811,0.14538283840270716,0.8014461456402321
6.340697918010594e-05,-0.0007024311302416417,0.11571392435455014,0.14436770686858852,0.8007882557939463
0.0004154592170529482,-0.00039881872466225853,0.1157042245622013,0.1452311246876547,0.8012139873399561
1.6624278939985793e-05,-2.9130666666356126e-05,0.11564916905560836,0.14489230280826548,0.8011405679047534
0.00023248854168101644,-0.0010256398722383187,0.11575271209158289,0.1443623911812435,0.8007240754528465
2.448881992567282e-06,0.00022303141309437603,0.11562505135143057,0.14509451276175045,0.8012749582365445
-0.0001306393246703802,0.00018555544104800168,0.115621589070937,0.1448372566922162,0.8011582616605738
0.0004751625897210708,0.0006541603918702654,0.1156092191074835,0.1462753479776306,0.8018602469791283
0.0001010756093211389,-0.00013831323327991865,0.11566369515434885,0.1449363617836108,0.8011384081858812
-8.250271917101783e-05,0.0006408837817526581,0.11558185875529423,0.1453264428067787,0.8014537422343838
-6.166369972311473e-05,0.0006012257001800465,0.11558662044305613,0.14532589503733223,0.8014459117081368
-5.728580329064163e-05,-0.00017919956695002046,0.1156591964048129,0.14463361475848824,0.8010016921895959
0.00021872888938165812,0.00010086972477040837,0.11564761209739452,0.14534841473263144,0.8013596450016084
7.132658804921163e-05,-9.009562901326321e-05,0.11565767384232817,0.1449295851163191,0.8011447603589882
0.0004079952559250314,-0.00036857614447725716,0.11570102859216641,0.1452456811472902,0.8012259778128036
-2.0174898720282734e-05,-1.921463293257915e-05,0.11564632832522742,0.14483935149885907,0.8011199254636183
-0.0001320101369461409,0.00028823111639432285,0.11561200485592259,0.1449270018970747,0.8012161370368038
-0.00010620145175732931,0.00014170131610370502,0.11562692780261505,0.1448390151505382,0.8011506090859025
-0.00015099205484357203,-0.0003257170462924975,0.1156678115767903,0.14434485660368807,0.8008506955865715
-5.181469079251752e-05,0.00045263846311012257,0.11560092728958112,0.1452091925254455,0.8013677649356514
0.00018544988819485327,-0.0003905243386769926,0.11569147436906206,0.14485214473636543,0.8010542395844874
-2.2575515484344212e-05,-0.00036340757419211416,0.1156780583963392,0.14452689628606225,0.8009209718508624
0.00042790204238625436,0.00011579362873235358,0.11565701311945835,0.1457132015163835,0.8015177984884262
-0.00015215239513758166,-0.0005064671557477007,0.11568443828682037,0.14418098566429788,0.8007463071282297
0.0002221157268467444,-0.0002088956254969362,0.1156765473090988,0.14507648312633747,0.8011845381417045
-0.00041388718719841404,-0.000293898725000744,0.11565095532388157,0.14393148980226167,0.8006808154006009
-0.000413138446727061,-0.0003703380224296427,0.11565803672020113,0.14386426712177303,0.8006375542833886
-0.0002312703183257816,0.0006744886609531202,0.11557102720659322,0.14510654957080288,0.8013665685262801
-0.0004524296970237362,0.0002485077868032409,0.11559888135592788,0.14435280815704693,0.8009640854240564
-0.00016689425415387338,-3.908261039288798e-05,0.11564048164776618,0.14457497465369618,0.8010035706594378
0.0003682707683565518,-0.0008562723155029086,0.1157441865147,0.1447421350047386,0.8009181832536238
-6.301360104133637e-05,-0.00036343723279105736,0.11567593350791011,0.14445891514959192,0.800892025710871
-1.6391937910742116e-05,0.00021044801500189636,0.11562523856157454,0.1450515706010178,0.8012542665848313
-0.00024019343947836365,-0.0001630495403299665,0.11564808144684548,0.14434068756402596,0.8008800831293647
0.0002949693636047202,0.00018580258359909623,0.11564365421629841,0.14555264245229316,0.8014628580736113
-0.00012061501312517943,0.0006407462784732712,0.11557989852400762,0.14526226690153893,0.8014263953711588
-0.0002779583717058297,-0.00047529859095881154,0.11567489419542838,0.14399746407000236,0.8006741505764458
-0.0002507548204392181,-0.00017809032851875294,0.11564891325473194,0.14430945879534984,0.8008639072573506
0.00019252329077900285,-0.00030084182178945326,0.11568353215265713,0.14494437822033118,0.8011106851428378
-0.00048276917485548027,0.00037424982629113583,0.11558566898630719,0.1444145383038739,0.801014453267648
0.0001782571234323516,0.00014617004168131892,0.11564130837018173,0.14532102332132624,0.8013566623414572
-0.00011845441561851066,-0.00021323044220921308,0.11565913061202378,0.14450032496495452,0.8009384296577099
0.0004435826506613002,-0.0003739230337935814,0.11570337094880737,0.14530067067658226,0.8012483632658047
-0.0001145824004697984,-0.0007601010212841665,0.11570982601657866,0.1440169687217287,0.8006278941090468
-9.381754298517076e-05,-8.916045567906191e-05,0.11564894906536109,0.14465290853115903,0.8010271546726707
-0.00013185323617449532,-0.00040664679609336764,0.11567629625866063,0.14430451792876975,0.8008180191019701
-2.5696328797557356e-05,0.00032515380769085025,0.11561411411508395,0.1451387735441662,0.8013133643072061
-0.00010215990492742024,0.0008844112990728193,0.11555821311192678,0.14551186253446646,0.8015793306168792
0.00031934415673730434,5.715657766681173e-05,0.11565687656471314,0.14547827140749003,0.8014065525191316
-6.827295131700479e-05,0.0005185171997166664,0.11559395847218387,0.14524061127778337,0.8013937607567714
-0.0003655799255384358,-0.0010218475527242687,0.11572050269355455,0.14336077062620056,0.800298398989985
-0.00016534910771703214,-2.3870354003516774e-05,0.11563915577937628,0.14459120509203943,0.8010133943945245
-0.0002000790436882355,0.0009505044738901088,0.11554701856461856,0.1454065868840796,0.8015471749243637
-5.2234989879928624e-05,-0.0006787020215816446,0.11570562221438742,0.1441946370683616,0.8007191235243295
3.5232147247670265e-05,5.008033939032049e-05,0.1156427974227065,0.1449945668512203,0.8011992775666011
-0.00022069106858068648,2.374630963161577e-05,0.1156318457817823,0.14454086842681058,0.8010010873844806
-0.00014124094699866026,0.0008600821035945618,0.1155584586096459,0.14542435281555843,0.801537415820424
-0.00015929553348548417,-0.0006816904851485118,0.11570022226431984,0.1440120433535706,0.8006408184909553
-0.0003665196451352937,0.0005785947858086416,0.11557286718831815,0.14479320244115657,0.8012148020837678
-0.0001328829901493069,0.0008398661844118073,0.11556076872494288,0.14542026357890775,0.8015318021974854
0.0004858778555256562,0.0010610291198847005,0.11557171535919866,0.14665838874359377,0.8021012566400775
-0.00012716484224350744,0.0008617681319042414,0.11555902844892746,0.1454495230264105,0.8015484541020722
0.0001767344241782699,-0.0001557399287661648,0.11566925417346953,0.1450478690377755,0.8011825398338999
-0.000179436297641531,-0.0005047137495441375,0.11568283189911041,0.14413670241437454,0.8007277910715538
-0.0001296455275629274,0.0008072543742401496,0.11556396620995474,0.14539644840239346,0.8015154162923804
-0.0005423781930876881,0.0003548776430126947,0.11558431702409386,0.14429695584932734,0.8009606857337944
-7.57170393318987e-05,-0.0006644729943160167,0.11570306592908235,0.1441679194731627,0.8007104753621629
-0.00026766920954944594,-0.0004577080234653223,0.11567381871427015,0.14403051480640566,0.8006915905474016
0.00030707802014262,0.0005350095384579038,0.11561176156006525,0.14588610801144136,0.8016717166044051
0.00014569138723764352,-0.0002710729833268599,0.11567832838597285,0.14489236516895265,0.8010942453497044
-0.00025543077751215634,-0.00028104589840139744,0.11565817083568573,0.14420935029658855,0.8008015664718212
0.00013693563867913627,0.0011124830906822816,0.11554922160974118,0.14611830997371728,0.8018811951317686
0.00035090497618887553,-0.0004197593232703408,0.11570281372121116,0.14510392217586165,0.8011558239592976
-0.00028054108097675464,0.0009418859143795697,0.11554365862974378,0.14526360970510394,0.8014846566056087
-1.7447651868059393e-05,0.0005108184973294387,0.11559730568375362,0.14531912080160742,0.8014257084399343
-4.838095182025368e-05,-0.00022833109473254672,0.11566420925398165,0.1446045547045538,0.8009799087747655
0.00011733841787026813,-0.0008031839020905472,0.11572607928492422,0.14436810047403809,0.8007691220596413
-0.0004795914154118144,-0.0005496688555455328,0.11567099468254115,0.14359192202932042,0.8004872588524159
0.00013790722919900813,-0.00032515636143427346,0.11568293277473625,0.14483082884945003,0.8010576877338462
-0.00012234204857056817,0.0004247879951768742,0.11559984854957042,0.14506569100790295,0.8013013391254715
0.0001550046992585914,-0.0004217126490162521,0.11569277084323676,0.1447730514505277,0.8010145937669095
-1.6660273578686113e-05,-0.00018169380766390862,0.11566155737280089,0.14469964958803466,0.8010293262556774
-7.844461079505939e-06,-7.3314710270939335e-06,0.11564587158691181,0.14487072251822491,0.8011355569843606
-0.00015658598449075855,0.0007553533842252749,0.11556739433415562,0.14530461114154009,0.8014663772517844
0.0002203063101513992,-0.00039617351246685605,0.11569381894518214,0.14490564653604449,0.8010759337826456
-8.990030903641025e-05,-0.00033574245988880416,0.11567195799798195,0.14443854364335196,0.8008886588064718
-0.00010776025189646643,-0.00022562574508299787,0.11566083904352176,0.14450719064828188,0.800938977889738
0.0005198581425352826,0.00036307304901507563,0.11563867206122876,0.1460893688274888,0.8017253093654941
0.0001602153745204052,-0.00044541165097988674,0.1156952383719344,0.14476057587722818,0.8010047427136174
-0.00038704884033093767,0.0012254045519190385,0.11551182425266958,0.1453389895044021,0.8015710606865755
-8.942482367702436e-05,0.0002596667292680566,0.11561687216827392,0.14497296195971082,0.8012302307313246
-0.00016857840530802476,2.82588682620244e-05,0.11563416408539164,0.14463249893835434,0.8010409601656332
-1.3246526219320271e-05,0.0007489873320201063,0.11557538750569166,0.1455397988442318,0.8015652801803494
-7.587121693154303e-06,-0.00026119326495249143,0.11566939054608857,0.14464366167343745,0.8009902616876156
-0.00031773637010904123,0.0004799059383853189,0.11558455386806991,0.14478670202141003,0.8011931288606571
0.0001100151886068348,-9.12050372977104e-05,0.11565979402386065,0.14499359922567168,0.8011717994716423
0.00011209850572240553,-0.00013996562634541174,0.11566442330800766,0.1449534024663714,0.8011453460768481
-8.93277015015473e-06,-0.00045634394312671074,0.11568736878189488,0.1444665651853228,0.8008774842106922
-0.000500440826694559,-5.896734441599006e-08,0.11561927922435632,0.14404929182356085,0.8007872564019821
2.7960299021862718e-05,6.61786556012845e-05,0.11564092596899558,0.14499677673645928,0.801203302312252
-0.00017554778306483806,0.00011792980682844275,0.11562550121126512,0.1447011604449397,0.8010873686070722
7.565271796185772e-05,-0.0007868054125453384,0.11572236545187073,0.14431272523104122,0.8007486857366521
5.8160617246136295e-05,0.00017349953580141647,0.11563254230960153,0.1451437269134953,0.8012864204787595
6.925932876519765e-05,-0.00027275179846519474,0.11567448761235125,0.14476243536952305,0.8010386109238884
-5.659174982315595e-05,0.000823261810580716,0.11556624718787593,0.14553358515234965,0.8015768637578166
-0.0002925306827471589,9.89089990894599e-05,0.11562112099664786,0.1444874899654044,0.8009927624584907
2.7199840939185036e-05,0.0004434857644246855,0.11560587048750899,0.1453337678940294,0.801419044907629
-0.00032908091855908875,-0.0008013308096119776,0.11570219117513182,0.14361954787297082,0.8004508084327993
0.0003004452345148132,-0.0006364154475534534,0.11572026985411153,0.14482508289020818,0.8009956134264833
0.00031028953214273363,4.88831063131371e-05,0.1156571782064357,0.14545564372435715,0.8013953346624939
0.0005379517879307528,-0.00013285532285282024,0.1156858247808168,0.14567519381495325,0.8014539842144187
1.9029662088597994e-05,0.00040611378480719926,0.11560891862280712,0.14528652660559677,0.8013917742906599
0.00013284227366200762,0.0007771114315751171,0.11558027780487753,0.1458105174709926,0.8016859163964246
0.0001818064308423181,0.00034535852716325335,0.11562297848253043,0.1455055670694791,0.8014733837406142
-0.0002534068307399706,0.0004920649210402913,0.1155867864461166,0.14490573520233307,0.8012461321484893
-0.0007240830331747681,-0.0003571003633876274,0.11564019423192089,0.1433533682832851,0.8004225939207156
0.0005076514467460259,-0.00011438293688990697,0.11568254541115476,0.14564085326724963,0.8014429037657085
0.00035156204831359323,-0.0005884717318723573,0.11571849718713988,0.14495389682326398,0.8010596358211671
0.00017303924787408237,-0.00034689236991839167,0.11568678292094792,0.14487038308550065,0.8010703625027831
-0.00012508877523367817,0.0010166407347968634,0.11554473560517126,0.14559196832115368,0.8016387640067315
0.00011471898057608946,0.0004077488726171097,0.1156137152653463,0.14544878652491244,0.8014611636941635
0.00015071600398980999,0.00030862788951669366,0.11562478810615945,0.1454203945982076,0.8014300881858196
8.759033572014157e-05,-2.3431555331982046e-05,0.11565234128224838,0.14501665888425475,0.8011945996953408
-0.00016278199656035244,-0.0007177177342693145,0.11570335828855309,0.14397392040549822,0.8006176872818549
-6.13699523401409e-05,-0.000669407379541824,0.11570428085824032,0.1441876101957309,0.8007179126755799
6.616838402378534e-05,-0.000140567121330484,0.11566208187570241,0.14487568729471806,0.8011121464836609
-0.00019341860899110513,-0.0003069394124989069,0.11566383813052397,0.14429037608877304,0.8008310997671982
-0.00011257812091803666,0.00032109429321106547,0.11560997158492585,0.14498912414003257,0.8012488789152736
-0.0004619749893783628,-0.0008886378630508562,0.11570308663950427,0.14331799342919954,0.8003057072757883
9.151137294672331e-05,-0.0005771603845371859,0.11570382512592964,0.14452712428800102,0.8008801201000253
-0.00015938689259145498,0.00011917099392343326,0.11562623258682221,0.14472943421799983,0.8010996428970905
-2.9735070841828676e-05,0.00042161351756757733,0.11560495226039731,0.14521847728460235,0.8013657741028131
-0.00019906486414459802,-0.0004867531475783419,0.11568013511919005,0.14411980168242955,0.8007240369374284
-0.00028829572712753883,-0.0003608393211818094,0.11566379234059292,0.1440826233413805,0.8007323310544269
0.0001931122220436853,0.00021105066934404973,0.11563604835224159,0.14540414621098197,0.801404478080965
-0.0001385772071930959,-0.0004916802677953337,0.11568379177856482,0.14421704523712542,0.8007644908968147
9.923735961600478e-05,0.00024129965258468068,0.11562837953827733,0.14527353194014464,0.8013546687031962
-0.00044158253548526614,-0.000159428110030839,0.11563709225870038,0.14400541922352406,0.8007380487756536
0.0001123714724257605,-0.00046265720830294466,0.11569432746496672,0.14466473965334598,0.8009606402339761
0.0001525309481466273,-0.0004504348781750138,0.11569530108056936,0.1447431647855787,0.8009963682802895
-0.0003463977768269891,0.0006353705389452588,0.1155686599066437,0.14487794712327506,0.8012617555835677
-0.0002146916656052916,0.00010974979160198247,0.11562420643591514,0.1446280384931889,0.8010546725838271
0.0001259209047524164,0.0003775273620281264,0.11561710302076023,0.1454405099065657,0.8014518506681475
-0.00023922962642275973,0.00031081964027193903,0.1156043131142215,0.14476704846023225,0.8011523700716708
-0.00014740802491742982,0.0006390733520738594,0.11557866537238397,0.14521573613612032,0.8014062661322068
-0.0004011189389872672,0.000746030985795487,0.11555555498664254,0.14488521717668734,0.8012860498596405
-0.00012433227997911287,-0.0009352813146909838,0.11572545152405651,0.14384373008064316,0.8005205847122318
-0.00024180707076341097,-8.100940084246792e-05,0.11564041763465437,0.14441149349770294,0.8009259426425389
0.0002996809841694468,-0.00035788347267677237,0.11569440668215311,0.14507330305917182,0.8011546426123743
9.082914139624533e-05,-0.000622978643305001,0.11570802598925602,0.14448494046186428,0.8008533844497135
-0.0002545811677899975,0.000562149250122853,0.11558023071982924,0.1449666124020344,0.8012854744847125
0.0001959433658567711,-0.0004898557224757603,0.11570122493142689,0.14478079089747425,0.8010048343219924
-0.00010403100642236854,0.0007771883135908775,0.115568082925017,0.14541252617061506,0.8015165010267055
-0.00025639171468836656,-0.0007273271982660426,0.11569926160640819,0.14380798888185237,0.8005452071701289
0.00016543235518145055,0.00023618918431733056,0.1156322809747128,0.14538017555612465,0.8013990892673766
0.00013059536446774324,0.0003998297162868573,0.1156152711153023,0.14546836245025313,0.8014679803416698
-0.0001396841105873111,0.0005715679267770154,0.11558533098900911,0.1451681731796728,0.8013730858862165
0.00028098043020071816,0.000633969513280822,0.11560120201252083,0.14593101919284113,0.8017097937308717
0.0005171629068014983,0.00028347936876922935,0.11564596028957694,0.14601347404777404,0.8016777521344063
-0.0003202521059029429,-0.0005049373677332742,0.11567537768709146,0.14389982793696243,0.8006269076719806
7.21774751064312e-05,0.0001528131189618406,0.1156351900857099,0.14514873599569816,0.8012845899954155
-5.208893771942331e-05,-5.7582191758590376e-05,0.11564821244646853,0.1447513346107781,0.8010751054169803
-7.2481834230484495e-06,0.0006512302900847885,0.11558478588166715,0.14546219187107207,0.8015135144749299
8.98087859193518e-05,-2.707554664333687e-05,0.11565279474621262,0.14501712062650268,0.8011940981824237
0.0003251490836402991,-0.0009606385592270308,0.11575158358498887,0.14457625058222917,0.8008275705536727
-0.000405179330100435,9.42795500072324e-05,0.11561561444741672,0.1442939863960515,0.8009094985924031
-0.00015677368870369365,0.00011454787429360542,0.11562679733893788,0.14472968207254483,0.8010988627569081
-6.0653148706798784e-05,-0.0002468993823073992,0.11566528233833669,0.1445672938882283,0.800960489215066
0.00013724842382989102,0.0007166995553898456,0.11558613018868044,0.14576372855876396,0.801654424588629
-9.626881036202752e-05,0.00041342148619668835,0.11560225833627118,0.14509931793282238,0.8013134770547514
-0.0003171096985561221,-3.655379392608669e-05,0.11563234181798128,0.14432476411118245,0.8008975372089893
-9.13909832833744e-05,0.0005010354493119979,0.11559438236753547,0.14518608199221877,0.8013671979329116
-9.27803086980834e-05,-0.000184821235713965,0.11565785310106581,0.14456892809048366,0.800973077281572
0.00013376338169473483,0.001110637823715559,0.11554923217605798,0.14611132351569328,0.8018778674058601
-0.000304780067288908,-0.0001059530412943459,0.11563940060322846,0.14428329499577702,0.8008665883896103
0.00042527089008331353,2.3943586501418162e-06,0.11566743386777233,0.14560713419690957,0.8014509202461908
0.0002857798313627094,0.0006783218421487498,0.11559731239118085,0.14597886538718474,0.8017386590958501
-0.00026302503262354266,0.0005438336629293684,0.11558148814330975,0.14493599386909273,0.8012689310418949
-7.369539547783809e-05,6.957243134547411e-05,0.11563530727038143,0.1448289894727129,0.8011325232298078
0.00045728511286488485,-0.00016119434257629885,0.11568430463105295,0.14551429960830525,0.8013800605168778
-0.000285146791282567,0.0003153253266789286,0.11560149296603027,0.14469390947499622,0.8011220970080893
0.00033413991485504915,2.766842335514426e-05,0.11566038257719102,0.14547669652529838,0.8014002329994927
9.207659789706442e-05,6.132092878360743e-06,0.11564983309972643,0.14505069414042693,0.8012147524828532
-9.566977891058221e-05,-0.00021355130897034416,0.11566035824991985,0.14453832845018116,0.8009545467693251
-0.00014674871082809434,-0.0002481603715785427,0.11566086989984484,0.14442147576122516,0.8008981709638208
0.00013350575699222107,-0.0001373537138277641,0.11566529723828026,0.1449917125939209,0.8011621555652186
0.00026784475488449795,-3.201721704482825e-05,0.11566250112502846,0.1453118240318424,0.8013186105935174
-5.5295814009380394e-05,-0.0010340205326085157,0.11573822530362095,0.14387134800562523,0.800513426464858
0.00023990740987145506,0.0006735051844091353,0.11559541523135347,0.14589747358310395,0.8017030868097438
0.00018631491805381326,0.0006259434082918906,0.1155970995461594,0.14576476707588054,0.8016374804638621
0.00014943127618087006,-0.0005103055519645247,0.1157006814658927,0.14468432540895765,0.8009598501109296
-0.00015427444972179058,0.00017522788403391047,0.11562131020082876,0.14478827635990882,0.8011354316337693
-0.00022050562116779693,-0.0006447268937848324,0.1156935627814907,0.14394227475920912,0.8006181982362733
-0.0002147005627215505,0.0007905052091578165,0.11556112146307074,0.14523846770543136,0.8014449531926575
0.00014627423399961304,-0.000521878334592889,0.11570158706799373,0.14466865468881002,0.8009509618723897
-0.0001158090728837931,-0.00045864660936006203,0.11568194547400039,0.1442848991281936,0.800799705472108
0.0003877095429583198,-0.0003565652241944668,0.11569886034243355,0.14522236521565401,0.8012183528585639
0.00022170795385889248,0.00043758210104897263,0.1156164541392691,0.14565530500643187,0.8015547964886778
0.00023567972036121678,8.411545551095761e-05,0.11565004606324336,0.1453618759387847,0.8013621659828714
-8.511301981688427e-05,-0.00012865178175673533,0.11565305963659192,0.14463214675145963,0.8010107507235714
-0.0002960424283217381,-5.306159118547506e-05,0.11563497751324127,0.1443453808906428,0.8009031516281863
9.14062198528556e-05,-0.0002268687293717868,0.11567139636661904,0.14484076083443126,0.8010807449579456
-0.00017679508240491535,0.0009109975073283886,0.11555189170230466,0.14541027573731846,0.8015411769329998
-0.00022816688245459786,0.0009616341555992245,0.11554453371360399,0.14536936249754734,0.8015334601394496
-0.0004215149252169669,-0.00015530808411568905,0.11563777706689175,0.1440428450936191,0.8007547707346816
1.1519094748340725e-05,0.00037904103650306104,0.1156110433903971,0.14524963003326735,0.8013708805873537
0.00012958570621689178,0.0002456243578137079,0.11562954963370743,0.14532840327767577,0.8013788566363099
-0.00040921498036749105,-0.0002200450778114975,0.11564439738868419,0.14400551427883723,0.8007264767960077
-0.0005097274160864883,0.000749275503671289,0.11554958081252961,0.14470554252723583,0.8012101815682793
0.00018057455689504104,0.0003812034853672024,0.11561958139569165,0.14553563800695074,0.8014930521819353
-0.0002560689978158669,0.0005850257149469226,0.11557803287112159,0.14498462812760116,0.8012975264790666
-0.00044375489306006034,0.000406149361682067,0.11558477295130361,0.144508727788828,0.8010606619844977
7.645833056455748e-05,0.00017109420779414937,0.11563371581065718,0.1451723172528671,0.8012981309690824
-0.00010303445228546395,-0.0003808121411606278,0.11567543053052505,0.1443760937094274,0.8008534390148596
-0.00015173021180444512,0.000244733321393439,0.11561500591184318,0.14485486213021148,0.8011770932843076
-4.337282240764347e-05,-5.156422842983524e-05,0.11564811137783922,0.1447713753360514,0.8010847898821873
-0.0003661320737718617,0.0001901929116674978,0.11560881300048971,0.14444559923026806,0.8009924163646311
0.00010530303930667271,0.00019533499400461424,0.11563296214143555,0.14524251665790622,0.801332659602047
0.000331552771070636,7.133244240314267e-05,0.11565618845052311,0.14551148841198613,0.8014234091149713
1.1681359905383034e-05,-0.0003070595693541699,0.11567464559390564,0.1446349453671842,0.8009777643937739
0.00035968330053047444,0.00036801372229113916,0.11563001833459562,0.14582472931242058,0.8016135953543856
-0.00041516497449539484,-9.694533062680544e-05,0.11563273195629428,0.14410581844917275,0.8007927599192809
-0.00019948363718164387,0.0003095513452218956,0.11560650803684135,0.1448327149533552,0.8011800821876139
0.00020860306659631228,0.001128962995911912,0.1155513293246448,0.14625352151894672,0.8019419135236727
0.00029931414223705396,0.00013425567171555444,0.11564867286660092,0.1455137320537438,0.8014364185210796
0.00016171766406677723,7.773146393378939e-06,0.11565330166983111,0.14516917974882948,0.801265507732953
0.0001763759794948257,-0.000492947370656663,0.11570048661909409,0.1447451457207054,0.8009890674346147
0.00025891290307218564,0.0003268715686979354,0.11562867173149,0.1456185416877362,0.8015179369491913
-0.00041052844169387197,-6.424751038133703e-05,0.11562996151476879,0.1441429146423514,0.8008148162037803
-0.00031900664029038797,0.00024236236902379805,0.11560646720240778,0.1445715816691202,0.8010560428842831
-5.850856699092968e-06,-0.000671317664769993,0.11570739346483382,0.1442791948010222,0.8007565354839828
0.00019247204981260267,0.00034591522905937056,0.11562347682026969,0.14552398660717047,0.8014813318264143
1.1498634498996239e-05,-0.00038672047461254074,0.11568200553841237,0.14456326910141287,0.8009319901608503
-0.00015414490187802134,-0.00027560647748967526,0.11566301615595662,0.1443844542483716,0.8008771525472548
7.506615521713792e-05,-0.0007701990387563813,0.11572080051696929,0.14432661021050647,0.8007577780515395
-0.00027848661418211396,-2.5486711816013623e-05,0.11563335562938759,0.14439960192668955,0.8009315167758078
0.00020629573404347753,4.9333669669145715e-05,0.11565175562516525,0.14528133013156114,0.8013212134026872
4.722546008484051e-05,-0.0010117805612587486,0.11574162612651051,0.14406352899477787,0.8005995009545388
0.0003182605153216657,0.0008012354806272094,0.11558750332506704,0.14614369611627032,0.8018323763654971
0.0003628824351266708,-0.0002156231391015117,0.11568448193007815,0.14530694362028246,0.8012813593902456
0.0005362748805621985,-0.00013844694102790666,0.11568625907061832,0.14566736608751873,0.801449580657325
-2.7655520115529718e-05,0.0005482777852673167,0.11559329805969698,0.14533556042055912,0.8014398831093783
0.0003508358963437329,-0.00041226680391879856,0.11570211484202614,0.14511051845637696,0.8011600674306572
0.00018256102300776787,-8.663993654324304e-05,0.11566314668106509,0.14511958337190894,0.8012263071096061
0.0002782897332877152,0.00020214329925462643,0.11564127422194172,0.14553926922255916,0.8014602953202316
-0.0007291366843834277,0.0001267272848557788,0.1155954473014923,0.1437784231434424,0.8006962326188283
-0.0002128437175816432,-0.0005123356479727891,0.1156817644056108,0.14407372873026303,0.8006995222174011
9.923421722924507e-05,0.00030343956844543056,0.11562260779903794,0.14532923877810144,0.8013902880306096
0.00010161742753843708,-0.00036071858439807447,0.1156843272284724,0.1447379923361511,0.8010113533304266
0.00047399626475694143,-9.366915262973971e-05,0.115678884001937,0.1456028851377248,0.8014307083946537
-0.00018817358007511221,0.0004373536855118103,0.11559525687146886,0.14496631663988452,0.8012614413786143
-0.00026804091272708113,-0.00023772887459926263,0.11565350614330575,0.14422696667600549,0.8008173642751962
-0.0006735129367995513,-7.098050930437137e-05,0.11561660521779225,0.14369475629746536,0.8006227394926686
1.1682192076154495e-06,-0.0006624465064208293,0.11570694505102096,0.144298934337671,0.8007666383183405
0.000763652668879283,0.0004379152713063915,0.11564406084815818,0.14656595318460824,0.8019425351454645
-0.00027404130197871145,-0.0011361141844014161,0.1157359182449116,0.14341234392723318,0.8002984642589411
0.00010568690384595189,-0.0008126053504136921,0.1157263347706237,0.1443400871338037,0.8007553915394285
-1.6291421052390708e-05,-0.0003247087978481259,0.11567480967667675,0.14457212699299182,0.8009476407126268
-0.00038761975362163967,-0.0002327424127539003,0.11564671375213643,0.14403043830965762,0.8007346548420258
0.0002906172305842727,0.00040472439003447046,0.11562305469448778,0.14574161583748318,0.8015852455568322
-9.172903469596594e-06,1.2111954681310266e-05,0.11564400070557686,0.14488591673280954,0.8011457501542854
-4.4498366975746835e-05,-0.0004925507178610248,0.1156888408442647,0.1443743665539019,0.8008312978845741
0.00020421473818249872,-0.0009650079785525997,0.11574561698428941,0.14436917143190958,0.8007385771994725
7.505011536227063e-05,0.00014505425115733095,0.11563605932344749,0.14514660773265237,0.8012821975928792
-0.00035807932823562414,0.0005266041652360373,0.11557812154580269,0.14476076482017158,0.8011910330755759
-3.8494768424255976e-05,-0.0010959644231457444,0.11574482700800964,0.14384413045401406,0.8004899729517235
0.000291404396082575,0.0008268153773442707,0.11558374781929757,0.14612152442660864,0.8018278379507934
-3.467435597552127e-05,-0.0004169156850761088,0.11568236881761235,0.1444586289202226,0.8008816589450568
-1.4630571433155674e-05,-0.00016573761289618625,0.11566018671378646,0.14471735854831164,0.8010399219338052
0.00011174810669078029,-0.0004916045771698254,0.11569697369858203,0.14463776157687547,0.8009436098412726
2.0479716055029766e-05,7.841263268628808e-06,0.11564594393062214,0.1449319179745318,0.8011645153439774
-1.6004568827766578e-05,-0.0009992181464061496,0.11573710886982928,0.1439685284447531,0.8005614645716775
-0.00015765959340057286,0.00036525538550225483,0.11560352932648466,0.14495295338721037,0.8012419405324336
-0.0002494985195785041,-8.98204004450508e-05,0.115640826489676,0.14439066990177224,0.8009153898346412
-5.4026845757632135e-05,-0.00020711710447626644,0.11566195033724858,0.1446140754673867,0.8009880258707418
0.00018466465303321604,-0.0006592579099993223,0.11571631568620519,0.14461010895389043,0.8008997202615542
0.00025295519353690343,-0.0007126866093416761,0.11572484523666716,0.14467699194274958,0.8009179578410157
-0.00019500718460575622,-0.0003998766619891695,0.11567233372300013,0.1442044448291821,0.8007767136361376
6.346944077240231e-05,-9.157554608962136e-05,0.1156574010127484,0.1449150562453188,0.8011382917197014
0.00011585058522153731,-0.0002678659155922705,0.11567647217320957,0.14484509942402757,0.8010747380851474
-4.050803510946629e-05,-0.00046039434344680115,0.11568607994086666,0.14440987695848223,0.8008525753528869
-0.00024727156396960265,0.00025372456848910517,0.11560917718411681,0.14470234359363032,0.8011138866110901
-5.251049446292625e-06,9.614977094082476e-05,0.11563641671798451,0.1449678323854403,0.8011967219167151
0.00016776315513725845,0.00069142253876466,0.11559004958872311,0.14579232810402254,0.8016617574484746
-0.00017451631849451046,0.0004445401789049663,0.11559530205139432,0.14499571489153273,0.8012753333214304
-0.00029859565777540524,0.00043379841103588507,0.11558982326167808,0.14477753034264168,0.8011803914974917
-6.223235851285105e-05,-0.00019699960885682358,0.11566058364492153,0.1446093519900561,0.8009879532422608
-0.00029811510273700223,0.0005972121525943262,0.11557471293571565,0.14492488365122919,0.8012744270412502
-0.0001508961323339207,0.000296235108852964,0.11561027808884389,0.14490243713702372,0.8012072128292923
6.740424501927045e-05,7.826845741045705e-05,0.1156418582129245,0.14507389387226732,0.8012384481388259
-1.0720473287188972e-05,-3.0777459643959775e-05,0.11564789347070874,0.14484487609616736,0.8011200622559931
-8.872682673542813e-05,-0.0003884334250180742,0.1156768889882362,0.14439331048948645,0.800859308407079
0.00010355992198179273,0.0005206471764231432,0.11560264240987143,0.14553127821387302,0.8015179095118193
4.2323398976686176e-05,0.00021075003442998238,0.11562826293158915,0.14515050844375227,0.8012964435756688
0.0005162918817275705,0.000544933733539686,0.11562151236077936,0.14624646789377438,0.8018270277027958
-0.0004091030537020527,0.0003286043275269814,0.11559376152288549,0.1444974516839832,0.8010410062287656
-0.00043781831108073276,0.00035934044591986986,0.1155894112909117,0.1444767375164988,0.801038076082232
-0.00020253787966439536,0.00018103091640249162,0.11561824752362669,0.14471236230832668,0.801104225721885
-0.0006170382064974008,0.0010446777074690243,0.11551663206293453,0.14479014089480713,0.8013027866595012
5.251366097102262e-05,-1.2051125229544555e-05,0.11564945833359894,0.14496791821669863,0.8011760303151747
6.65993110038323e-05,-0.0005046283677035532,0.11569580704770953,0.14455023344445023,0.8009038529923302
0.00017279848209320343,0.0005561791581732169,0.11560290064296558,0.1456794851218805,0.8015878100225877
-0.0005227241741655529,0.0002331398298520173,0.11559659072654443,0.14422085687908848,0.8009049679874508
-0.0002510836049678936,0.00021861951748597343,0.115612225994959,0.14466446492155616,0.8010910360597807
0.00024180801311907347,-0.0006364771887940603,0.11571720519596454,0.14472651713500456,0.8009536408684749
5.040902418229819e-05,0.00021162732099856845,0.1156286014168958,0.1451648818850929,0.8013027306000606
-5.461970585257367e-06,0.00017975194920127465,0.11562865414150389,0.14504241990401756,0.8012444905411487
-8.578361707503854e-05,-0.0001967446287227753,0.11565932340671606,0.14457000216850419,0.8009712503557169
0.0003683026885135058,0.00011488368956282518,0.1156540312858436,0.1456122656613144,0.8014746544579046
-0.0003676323370790838,0.00036899131814018004,0.11559220488170836,0.1446033748908641,0.8010938360936685
9.103570518475565e-05,-0.0007198905454759453,0.1157169949870886,0.14439849472616417,0.8007980178717327
-4.354765007885753e-07,0.00018766575767212383,0.11562818175242463,0.1450579610864557,0.801252622680889
-0.00029034754096132206,-4.9155961556852295e-05,0.11563491705519435,0.14435845325193503,0.8009094649081459
0.0004060381659922514,-0.00036477381575924654,0.1157005739067525,0.14524580016993577,0.8012267568977626
0.00014086323992291774,0.0002739995220019913,0.11562749687163976,0.14537279226112626,0.8014031894619102
-7.977667854798426e-05,0.0009040523723493025,0.11555753970792956,0.14556710223071678,0.801606609535238
0.0001957359804355894,0.0003800976386405686,0.11562046572510162,0.1455601206687394,0.8015032629230003
0.000269360675421893,-0.0009877267910835693,0.11575115245768801,0.14445827795985727,0.800772158750051
0.0006578794209298235,-2.063477878073281e-05,0.11568152084487637,0.14597720008767312,0.8016040504202733
-0.00016384930290845495,0.00013687725261631533,0.11562435994831681,0.14473780606669145,0.8011065989060745
7.244173659308379e-05,-0.0001485890315505898,0.11566315282315352,0.14487903990251977,0.8011120369682087
-0.00017594935979981018,-0.0004193177646816071,0.11567513603823865,0.1442190585035757,0.8007792105191439
0.00011845432877070967,-0.001193875583175548,0.11576220306031723,0.14402020886641642,0.8005461749059121
-0.0001776011381026797,0.00029377490559131115,0.11560911217228417,0.1448553487031522,0.8011866953642692
-6.694581513582626e-05,-0.00044487328201609026,0.11568325208615533,0.1443793528753189,0.8008425542351689
5.388378144134811e-05,-7.948581948608999e-05,0.11565578030551948,0.1449097837076705,0.8011383631710949
-0.00021009443748282958,-2.594207262415089e-05,0.11563699680161676,0.14451414530263507,0.8009801921540887
-0.00016915553485547075,-0.0002984169949543144,0.11566433172575634,0.14433878960140528,0.8008533426793001
-0.0001377892380863117,-0.00023501726741110936,0.1156601270864663,0.144448309456279,0.8009121122545526
-0.0002156137236082505,-0.00023571758509377872,0.11565608955430025,0.14431688568447942,0.8008560292767932
-0.0001330826069972164,0.0004853220343034524,0.11559367553792776,0.14510192249799114,0.8013283599035452
0.00017817863445553097,0.00017601491608513687,0.11563853163505307,0.14534764591865995,0.8013737133379729
2.683345468702234e-05,-0.0010203408555398362,0.11574133286275919,0.1440216010908114,0.800580011794729
-5.324133070381738e-05,-0.00043637003323475354,0.1156831888086602,0.14441000023897366,0.8008572301932815
0.00023037582872755184,-0.00023525249804735464,0.11567942235419049,0.14506674355940025,0.8011753426714683
0.0002163718866733085,-0.00013774179328056795,0.11566964645872012,0.14513059447688303,0.8012212050531745
-0.00019237085973539768,-0.001403040629346284,0.1157648286292959,0.14331072008543672,0.800204066327046
0.00011981303521454822,-0.0003683183499205332,0.11568598378783741,0.1447617567723265,0.801020014267715
3.635444698444263e-05,0.00048724510925248073,0.11560227840294146,0.14538839284925853,0.8014506824812355
0.00013790797103708426,0.00030507098052659184,0.11562445671692771,0.1453956846972138,0.8014188874578335
-2.500733395593586e-05,0.000827589475634073,0.11556747117856728,0.14559054704547003,0.8016019422347831
8.838731642452412e-05,-9.746799982849343e-05,0.11565924714980329,0.14495164549148415,0.8011527394174378
-0.0001273377087826973,-0.0007383495730803296,0.11570714316683586,0.14401501109727394,0.8006312276668318
-0.00037216940937423275,0.0006792190206246452,0.11556325377154765,0.1448739537715515,0.8012684556538241
-0.0003172201905835365,0.0006673898364909306,0.11556721431505429,0.14495571171625493,0.8013009949521822
2.359711138292393e-05,-3.587284366047764e-05,0.11565015781829413,0.14489797736429227,0.8011416920326289
-0.00026746615653856217,-0.00020625652557811403,0.11565063138788967,0.14425613249329683,0.8008358097304329
-0.00015574249989663543,-0.000245352261072692,0.11566013661629541,0.14440887668573177,0.8008933453249252
0.00011095285851525179,-0.0002486422546120861,0.11567443517294296,0.14485409466287125,0.8010822501695598
-0.000284793198027259,-5.4103563230668776e-05,0.11563566687069521,0.14436335514523718,0.8009106038917767
-0.00016935284155908398,0.00013865533636957654,0.11562390726970331,0.1447301502756601,0.8011036803648474
8.772903599666055e-05,0.00011598666254992157,0.11563941541025301,0.14514185597434653,0.8012746062037012
-0.0004416797766037657,-5.3057783493430145e-05,0.11562727998385641,0.14410057654697395,0.8007989359490856
0.00038824007512345946,0.00046054063666891903,0.11562285690692077,0.14595567474017568,0.8016870659968824
-0.00025713026390342803,-0.0005814478690529909,0.11568578420303405,0.1439373930438102,0.8006282424447579
0.00029728995308485144,0.0006471361459892502,0.11560080850468578,0.1459702304345849,0.8017290088123799
0.0003777962734366206,0.0004934900289571167,0.1156192505858125,0.14596767863506366,0.8016984883559364
0.00015535236037792082,0.0004540220185250712,0.11561150840079505,0.14555855631276465,0.8015167587148153
9.741421515205026e-06,-0.00010513653134859676,0.11565585081345926,0.14481262023366587,0.8010920854808681
-3.6712223092586556e-05,-0.0002599568469316363,0.11566774753019328,0.14459582652815345,0.8009701345027818
-6.591000193594703e-05,0.00024662426567286096,0.1156193062350498,0.1450007871708745,0.8012395777311313
-4.411487948815483e-05,2.0321726244516604e-06,0.1156431090816103,0.14481816357417127,0.8011149757564293
0.00012564028820143347,3.975897904809301e-05,0.11564845895347371,0.14513723045893429,0.8012580340568353
-0.00031720166523827606,0.0004472104786601274,0.11558760871063355,0.14475828211205855,0.8011747666357836
-1.9936915651525214e-05,-0.0002583547294409107,0.11566847990374084,0.14462545206278282,0.8009830533991207
0.00025251714085102844,-0.00010794860476370087,0.1156687583386498,0.14521802146115526,0.8012641313703753
0.00025133599491618773,-0.0009553458213995123,0.11574720887115691,0.1444569871218579,0.8007778124743415
1.3296243181108386e-05,-0.0005917064189798759,0.11570105036461403,0.14438267033255336,0.8008158375666294
-0.0003291065927512964,0.0002991587286532527,0.11560068452524888,0.1446055237434165,0.801081372997578
0.00010375170674234407,0.0008033265443432348,0.11557634462919737,0.145785153054725,0.8016801404851764
0.00017673865076563904,-0.000723102953269924,0.11572180544023662,0.1445396144826015,0.8008574789926054
-0.0003294020658505923,0.00033881954080922794,0.11559700040126966,0.1446405857973892,0.8011038972289287
5.4148301869198506e-05,0.0008663436728221731,0.11556793196641463,0.1457583349163058,0.8016807958999898
0.00020038903906424463,0.0005113742421853517,0.1156084894607623,0.14568566056182058,0.8015818556708404
-0.00020983205928510346,-0.00017295310829210976,0.11565059711003939,0.1443828424972951,0.8008961318001548
-1.9553186597024427e-05,-0.0012235321456857515,0.11575758603592605,0.14376177725158118,0.8004304758561186
-9.050927649220154e-05,-0.0005327073725082384,0.11569012062328671,0.14426107637787433,0.8007753759302877
-1.0941782554385417e-05,-0.0011118648986181935,0.11574775987237464,0.1438761967028801,0.800500577904854
0.0003550310243239499,8.886385521571042e-05,0.11565576855086745,0.14556664577852657,0.8014502488349825
0.0005393387974331346,-0.0005008172975189215,0.11572012387395206,0.14534783357373687,0.8012441318815894
5.825539481640809e-07,0.0007709268518427608,0.11557405919122364,0.14558271960656533,0.8015877550829692
0.00015575093495026694,0.00025889098264902336,0.11562967072679166,0.14538426160106893,0.8014051777536233
-2.840670293552906e-05,-0.00028059713558530015,0.11567009299763165,0.1445912901168534,0.800964249214917
0.00015606916572263974,0.0003354752716168755,0.11562256904517805,0.1454534609930066,0.8014493081588907
7.034646285411831e-05,0.00021076209101140365,0.11562971665499859,0.14519760839139434,0.8013164969486375
-3.628878867097678e-05,-6.921151099690511e-05,0.11565011611877675,0.1447674643596894,0.8010797442229634
0.00010298582331228761,-0.0002247382857944901,0.11567180412431945,0.1448621267418866,0.8010902488349422
-0.0001310784639184857,-0.00018683900422883764,0.11565602673262024,0.14450275725687572,0.8009445209472
-4.94456943343128e-05,0.0002345487238402561,0.11562128319748494,0.14501763009004826,0.8012444346597601
-0.0004492488721115413,0.000278018597119148,0.11559632332058456,0.1443846119059583,0.8009832781075615
0.00032741972165826046,-0.0009027092469755253,0.11574634237055445,0.1446319312506507,0.800862372111329
5.5752869398411096e-05,0.000872216127067117,0.11556746746257898,0.14576629987691625,0.8016853116790534
-7.977032844758001e-05,0.0005894330848875327,0.11558677841822826,0.1452848888472536,0.8014261957153909
-0.00011352307030857361,0.00030189877186989373,0.11561170177087264,0.14497032569499618,0.8012371988685985
-0.00021421543316683096,0.0005887642259465706,0.11557986411054413,0.14505832888964515,0.8013296180465395
-1.8120554494621828e-05,-0.00013116020969808917,0.11565680287046626,0.14474247916899113,0.8010572401339409
0.00029625947166049077,0.00033060772853026987,0.11563024537563053,0.14568463660542846,0.8015467901589047
0.00020701976709926515,0.0009758123671360502,0.1155655445309976,0.14611342789207338,0.8018529346348594
-0.0003114817018064544,-0.0006939879946713429,0.11569325421640239,0.14374525117721615,0.8005248857299336
0.00013958150103457142,0.00010846452713024933,0.11564280555962166,0.14522223995871958,0.8013073856943075
0.0005150061555675441,0.00013240695615964664,0.11565993609620917,0.14587441055707845,0.8015896099137294
0.0002501755262091437,-3.785064098539821e-05,0.11566212738857057,0.14527691029497108,0.8013026298452651
0.0005486012415421215,-0.00100067063304108,0.11576700378649085,0.1449157511752293,0.800964431413521
-0.00041999523805755153,0.0002911410695751077,0.11559665095400756,0.14444555370291035,0.8010117357106085
7.70277893235125e-05,-0.0007176300884679771,0.11571604729747118,0.14437698221469625,0.8007892927521864
4.009888030638215e-05,0.00043295844976903034,0.11560751581777101,0.1453460036183029,0.8014222370884202
0.00021703485715349245,-0.0001079816680174745,0.11566691895659029,0.1451583782257807,0.801238734131619
-0.00021096874995522378,0.0003586147928836621,0.1156013638173742,0.14485740153052445,0.801199990714058
-0.0003217009081851193,0.0005126087570732067,0.11558131869945253,0.14480936435092517,0.8012090414183092
-0.00020426915954684877,0.0004972217638990813,0.11558886915729548,0.14499294988831768,0.8012842484810866
0.0001379460743630009,0.0005856136365746119,0.11559836909256113,0.14564732284952858,0.801579756911872
-0.0002774977630491034,8.747658147786164e-05,0.11562296818705274,0.1445025104959205,0.8009969667763243
-8.197550532826472e-05,-0.0005188601519228169,0.1156892929113434,0.14428782065914442,0.8007894140446059
0.0003304786597896621,0.0006769552456709672,0.1155997226503053,0.14605273627563792,0.8017698450984206
7.403090377200211e-05,0.0007733763377875004,0.11557760798125696,0.14570834290623613,0.8016417038136401
2.235123375840205e-05,-0.0004893555089771936,0.11569206734641353,0.1444895630578122,0.8008809506508184
-0.00028670394816074666,0.000653355235580496,0.11557010420604115,0.14499441874359392,0.8013147844187336
-6.98815466993001e-05,-0.00042672622116079665,0.1156814206002097,0.14439067580276793,0.8008508510018074
-0.00010835886019901783,-0.0008090302848611365,0.11571466758845177,0.14398361376942143,0.8006043210477795
-2.0007247420990556e-05,-0.0002865412478914892,0.11567108392240597,0.14460007912637285,0.8009668520923039
-0.00019734498007997804,0.00021386544439981823,0.11561548000591879,0.14475052487271411,0.8011267621637693
-0.00022878630205711584,-0.0005290511686521268,0.11568246004175657,0.14403196181065225,0.800678539286828
-0.0002106233081456799,0.00019461395047245137,0.11561656697703587,0.1447109492973483,0.8011062262984509
-0.00020288400385468726,0.0010949068332849442,0.11553345220695521,0.14553144570516408,0.8016279922435685
-6.846354387111949e-07,0.00030002557445120133,0.1156177447837577,0.1451582753536838,0.8013168526446092
-6.668300078066675e-05,-0.00038736805529716986,0.11567795211559552,0.14443130969715295,0.8008756892602253
-0.0002605454050452411,0.0001225416888721872,0.11562061686180888,0.1445624350580878,0.8010291948991403
9.798753216974487e-05,0.00010050629735167927,0.11564138492003417,0.14514521700510857,0.8012730714512205
0.00017147859425875104,0.0008074457429386108,0.11557943029412393,0.14590265050296264,0.8017309498030163
-0.0002998491163624783,3.548257512371009e-05,0.11562659741346563,0.1444183388139595,0.8009511732536251
-0.0004388078578188324,0.0003710428538933058,0.115588277741014,0.14448556649976835,0.8010440765364072
-0.00033263331526312944,-0.0003832008205614181,0.11566350164765071,0.14398806656241087,0.8006877931856783
0.00030928144008243605,-1.4600892253324755e-05,0.1156630275340467,0.14539704853205676,0.801358228237779
3.7228161419582714e-05,9.251651739233562e-05,0.11563896634876361,0.1450359584414097,0.8012250280435234
-0.0001506303887594849,-0.0002712165267775966,0.11566279580256089,0.1443942940927685,0.8008821824843417
0.0003830384892114439,-0.0006135106560049407,0.1157224612079287,0.1449843461919395,0.801067801786606
0.0002831210067799846,-0.0008924200715576152,0.11574306232921751,0.14456672519128494,0.8008365841460554
-0.0005242664978811441,-0.000654961712719152,0.11567827859116904,0.14342251891569746,0.8003949706875155
-0.0001970120402629584,0.0008465921167577436,0.11555682966500268,0.14531851375679544,0.8014897744611905
0.00023979617361080525,-0.0005342095622506199,0.11570762824943161,0.14481473688143637,0.801010788666847
7.636058738172181e-05,0.00030756429927475653,0.11562104036504516,0.1452945016171064,0.8013762901455003
3.6361723507996434e-05,9.42523476573268e-05,0.11563876026526036,0.1450360584343754,0.8012254031463693
-0.00018857624852061208,0.0006718696261684745,0.11557348657369906,0.14517595983833448,0.8013956156535166
4.754474846165864e-05,-0.0008448514137462399,0.11572623945606914,0.14421351980059144,0.8006953327647534
0.00017328896922467335,0.00048638599438508993,0.115609421175736,0.14561771717839295,0.8015481442638852
-0.00023506455713781936,-0.0009970551677883075,0.11572522437142962,0.14360233014831025,0.8004059835346129
0.0001092136316752878,5.387885246111188e-06,0.11565079388003828,0.14507882233097974,0.801226584452678
-0.0002311237214149448,-0.00030656682698200255,0.115661811552235,0.14422733889673245,0.8008043353872246
0.0004127313874620416,-0.0008331389003180901,0.11574437166801317,0.1448375349962867,0.8009632279655784
8.105356619419046e-05,0.001091104097531112,0.11554836603134983,0.1460052213626526,0.8018289562394814
-0.0002267634485699752,0.00019331402630407062,0.11561584191025417,0.14468265639527328,0.801093932612648
-0.00017720293389484584,0.00011480500359604368,0.11562570371203754,0.144695577660178,0.8010843933213266
-0.0003813122872402186,0.00024961930071859827,0.11560252272503477,0.14447335538182632,0.8010156168868241
3.9187550998214004e-05,0.00012113580987069199,0.11563641398479031,0.14506490482763634,0.8012428335215318
-9.79185496507057e-05,5.307311656354701e-05,0.11563556872298397,0.14477349234676334,0.801105736589705
-0.00019914552545124913,-0.0006163671486152313,0.11569208375856366,0.14400357302507366,0.8006497266105563
0.00028718227403018936,-4.187659528269391e-05,0.1156644185966599,0.14533547534595997,0.8013267904972682
6.359377760436099e-05,0.0003774492885914139,0.11561388812619114,0.14533570965940218,0.8014072208766575
-2.1736325784222336e-05,-0.00042232102324829497,0.11568354959340785,0.144475528143524,0.8008878176598818
0.00025852506463029564,0.00040357955204072275,0.11562151234110203,0.1456866717320351,0.8015616358154336
2.5839038450659338e-05,8.030723606512865e-07,0.11564687582276065,0.14493461561367244,0.8011643154517816
5.784217097533913e-05,-0.0004483474879566471,0.1156901409381606,0.14458593426620536,0.8009298330764687
-0.00020005327447072678,-0.00020191811989981419,0.11565378842240139,0.14437332335998881,0.8008865305261959
-8.722482334453255e-06,0.0002830529269653311,0.11561890222860775,0.14512955088195673,0.801301372796548
-4.515086382323518e-06,-0.00010484596353559322,0.11565507830390809,0.14478892372934643,0.8010820532336124
-6.942843613680808e-05,-0.00022333330468431493,0.11566264171340171,0.14457366271460453,0.8009677150819484
-0.00019045467594848097,0.0007528791830229818,0.1155658703971377,0.14524546731637522,0.8014407249675333
-0.000221994801553397,0.0005225609932294773,0.11558559727202858,0.14498588078077068,0.8012860933281073
-0.00047984702335948637,-0.0003733853982716973,0.11565476330708643,0.14374939858488667,0.8005880694574987
-0.00015506393631314788,0.0004927129980959735,0.11559184743254236,0.14507160698654936,0.801316870087566
6.091824051357794e-05,-0.0003856446440097735,0.11568450092925295,0.14464727502122698,0.8009679586766381
-7.476726147967565e-05,0.0008512862035452759,0.11556270475427419,0.14552818096166747,0.8015799317808697
4.514640462598682e-05,-9.220064678235327e-06,0.11564881179261961,0.14495807593170312,0.8011723826745841
0.00010961972229009504,-0.0006577862977662252,0.1157122334425959,0.1444853387341189,0.800846885866379
-8.147627614603936e-05,-0.0001375114833405883,0.1156540701473312,0.1446303190278505,0.801008275376904
-0.00028289002469152356,-0.0005160221441197729,0.11567838565807523,0.14395269758132656,0.80064729145018
8.872103684429222e-05,0.00025290438241423263,0.11562675691484266,0.1452662651572018,0.8013537982670449
0.0003077625237347289,0.00016323442659110728,0.1156464131389035,0.14555390349697722,0.8014590715150887
0.00021371535189057138,-0.00012525529637431648,0.11566834960385444,0.1451373209839228,0.8012264606643484
7.788250466591256e-06,0.0004028990968079182,0.115608634795988,0.1452647534333944,0.8013818893260783
-0.0002816920141806014,0.0005128203281918901,0.11558338805992906,0.14487680485996945,0.8012377922552814
-0.00014626905445211657,0.00030081670410255255,0.11561009493056949,0.1449143213977736,0.801213149814653
7.742358418559845e-05,-0.0006383309332990513,0.11570873935070947,0.1444486657329388,0.8008350007717984
0.00036015713066969317,-0.0008358354387773526,0.11574186861884254,0.14474680505759524,0.8009240864666435
-0.0004920414740944488,0.0003508838539485061,0.1155873391238015,0.1443780002747626,0.8009944223112131
-0.0003215578629450244,-0.0003225208443321558,0.11565849520564206,0.1440610446235388,0.8007304854165983
-0.00012128334573894355,-0.0004582494046300832,0.11568161961190104,0.14427605511197472,0.8007960165516779
0.00016194837678048686,5.7068023317235515e-05,0.11564873771217424,0.14521375123283126,0.801293925859227
0.00013291029671037158,0.00013856400554677144,0.11563966491813601,0.14523801209285114,0.8013198662815442
-3.6930288330856926e-05,-0.0004228801365180299,0.11568280134230693,0.14444949479617986,0.8008766278138556
-2.1549750167567252e-05,-4.076299285007604e-07,0.1156445142686818,0.14485389703916068,0.8011297205643648
0.0001555388915861443,0.0004237815948468283,0.11561433068594158,0.1455317520573186,0.8014995546083439
-0.00027690857244956396,0.00016456380851415895,0.11561587169035861,0.1445725999578128,0.801041572444293
0.00034688835717801183,-3.3426573685284554e-05,0.11566672166211446,0.1454433541568277,0.8013743346950487
0.00013344575221374045,-0.0002202311389737196,0.11567297712609849,0.14491734558775932,0.8011146196573952
0.0002494383872653832,0.00011458565164261517,0.11564792591667766,0.14541230517310683,0.8013894715693257
0.00012234441263217545,0.0005144934886377823,0.11560418283406217,0.14555732342601546,0.8015278184316316
-0.0005139802559966104,-0.0004928859346602767,0.11566393351448184,0.14358497150511113,0.8004951778776135
0.00014207638148635099,-0.0002871032925695861,0.11567962503800415,0.14487192814979571,0.801082474103082
-0.00021112337265425751,-0.00045843632866275353,0.11567688403128956,0.1441249004277796,0.8007316322179147
-0.0001253239720499567,-0.00015765312976683067,0.1156536307071929,0.14453858113122114,0.8009653628023952
-4.615711843543279e-06,0.0001294179627642643,0.11563336557272699,0.14499872116679657,0.8012162448914605
0.00017456146975311642,-0.0008396742804282085,0.1157324694791137,0.14443156943530622,0.8007891511320194
7.500959018363196e-05,0.0008747019625383261,0.1155682234409961,0.14580088939122687,0.8017005131010512
9.967487934954811e-05,0.0004621686470189538,0.11560787960032187,0.14547230735458017,0.8014816020628943
-9.31529122718012e-05,0.00045432199525429043,0.11559862573294173,0.14514123038074217,0.8013391550781638
-0.0001519299308804613,-0.00037762043185735907,0.11567255568464965,0.14429678048212197,0.800820285775984
-6.642743953490859e-06,0.00021426562894119228,0.11562539167694852,0.14507137622954147,0.8012634294434079
-0.00010734614435994869,0.000660596132033054,0.11557874239635889,0.14530237112846228,0.8014472709186365
0.00019904371206869495,-0.00017600690785776724,0.11567229547944466,0.1450671905669515,0.8011868826983464
-0.00011609277122937275,-2.4006872871232342e-05,0.11564175214529322,0.14467386418114525,0.801048557296021
-4.623438738920239e-05,0.0008886894033764359,0.11556069502193086,0.1456096897693776,0.8016217965095348
-7.016970052717252e-05,0.00030556692686339507,0.11561361902158644,0.14504647350647037,0.8012703186988331
-4.635507719428238e-05,0.00031034113384408035,0.11561441482154644,0.1450907753760543,0.8012900931827519
3.9083690505162704e-05,-0.00014510330279583904,0.11566108686085715,0.14482611065535672,0.8010901720600676
0.00024341322346179542,0.0007232136551246627,0.11559096117622322,0.1459479529390893,0.8017340992268606
-0.00025532407613330216,-0.0010418639178860368,0.11572825995749843,0.14352816765295345,0.8003658275393379
0.000348127030659098,-0.0002617383960360112,0.11568800017099373,0.1452408340257667,0.8012443813314392
-0.00012077652590960521,7.185115460795879e-05,0.11563263411152108,0.14475190870480742,0.8011001454765352
0.00020956430901718367,-0.0002832773309172656,0.1156827924146105,0.1449887468100015,0.8011329382763256
4.37901148040108e-06,-0.0009951315450518045,0.11573781545895394,0.14400643854728007,0.8005783862716078
-0.0001477899096872563,-0.0007622782174932757,0.11570826239944988,0.1439592122794902,0.800602889349348
-0.00024216825767218103,0.0005105142394179773,0.11558566284388694,0.14494116993377298,0.8012647515289533
0.00016911037689327759,-0.00043134659324332115,0.1156944014165187,0.1447881208625616,0.8010191634293752
-0.0004818616427154767,-0.0007693532159466878,0.1156910632261335,0.14339136790414836,0.8003597952136963
-8.214584579356918e-05,0.0006536451922160323,0.11558069188588864,0.1453384886688604,0.8014613150299522
0.0003527083839386651,-0.0002695159961755837,0.11568896016010641,0.14524156140435207,0.8012432010242968
5.8972771472722406e-05,-0.00039351570555008265,0.1156851272090799,0.14463695455200148,0.800962057251811
-0.0006686094665771519,-0.00020487280003741944,0.11562918098876103,0.1435830239732383,0.8005495237178466
-0.00010899441667393176,-0.0002991775897330442,0.11566757308224232,0.14443921487723954,0.800895949323908
0.00033550865333579615,-0.0004965360394080992,0.11570913452129777,0.1450092790617989,0.801100824965545
-0.00025558242832828665,-0.00048342349798668517,0.11567683107115279,0.14402779479603461,0.8006855062673226
9.501097188224028e-05,0.00045098712912976653,0.11560867833277048,0.14545444341132197,0.801471855095543
5.779866437164354e-05,0.00024296727719212856,0.11562607608414327,0.14520539580382708,0.8013259817277836
0.00012714734060730701,-0.0005794531669911626,0.11570591056748492,0.14458494727112509,0.8009042968692972
7.289767768470676e-05,-0.00036853330719025255,0.11568354560664203,0.14468273394794445,0.8009863320390417
-0.00012219788044000323,0.00010249571288452622,0.11562972244201565,0.14477698819038348,0.8011166927463523
-0.0004066064784142221,0.0005301733366622957,0.11557525189087724,0.1446823909893607,0.8011583520608169
0.00023281111255187375,0.0002782139557710759,0.11563185358888908,0.14553106112388642,0.801471373948056
-1.3843008801443201e-05,0.0003442619112607024,0.11561295638570683,0.14517582548197394,0.8013327983576166
8.709425943205093e-05,-0.0006232697747658951,0.11570785628499074,0.14447840416590602,0.8008505460907882
0.0001306769567470098,-0.0005177363088798576,0.11570038537017517,0.14464615844455792,0.8009421784187153
0.0004060047737517995,0.00027548033873924855,0.11564101512865013,0.14581957731772538,0.8015936753810805
-0.0003000311866871466,-0.0007149377419888672,0.11569579361438105,0.14374573632426618,0.8005210789018183
-0.0003961553061108445,0.0010546159887921823,0.11552720585576068,0.1451704129875097,0.8014665773446004
0.0004209950916802645,0.0003544739783074689,0.11563442144766121,0.14591558737022403,0.8016496809963655
-8.800811323435238e-05,-0.0007499940594539493,0.11571030444329092,0.1440706776013,0.800652694880607
-0.00023341556768931534,-0.00017021175885036536,0.11564910045710582,0.14434566154924178,0.8008808285473645
0.00032292327667650525,-0.00017024139591724632,0.11567819517000845,0.14528048133323562,0.8012787878693372
-0.00022324196896483363,-0.00024483639451184985,0.11565652896548632,0.14429589428947198,0.8008453460672379
-0.0002429231924853382,-0.000452864322992385,0.11567468471642336,0.14407644549756932,0.8007120717548841
-9.055190069150075e-05,-0.000101936936895694,0.11565030254002948,0.14464694679947726,0.801022169083812
0.00042687957550491886,0.0001355875737337762,0.11565511735831749,0.14572922793510573,0.8015284130878186
0.0005224072923926456,-0.0007572695025936704,0.11574306054558957,0.1450896991407259,0.8010851119048782
-0.0003768674229927402,-0.00047910878399570663,0.1156699850523404,0.14382780017386027,0.8006011925164165
0.0002785089785512008,-0.000881843432843031,0.11574184133762823,0.14456844724776496,0.8008393434240041
0.0001709214710732332,-0.00048302240129944013,0.11569928187530024,0.1447448719432078,0.8009908522190818
-3.1855564806053204e-05,0.0004728400386719865,0.11560008649949712,0.14526085005423373,0.8013936262544216
9.224603990232069e-05,0.000806825458919153,0.11557542864966959,0.14576895825808306,0.8016739164387385
-0.00028150460149367786,-0.00020167876204399784,0.11564946702226031,0.14423663856749386,0.8008283878776391
-0.00021211968028781315,0.0009157498164471548,0.11554962523763741,0.14535516659648373,0.8015186266555492
-0.0001323778358886533,0.000271983661620332,0.11561349127970738,0.144911817314138,0.8012065602221657
0.0005062123144529973,0.00017576801689881205,0.11565544381695109,0.14589851124676267,0.801608176608926
-8.036264915228896e-05,-5.91786115812057e-05,0.11564687963299056,0.14470238939957997,0.801053962973337
-0.00019708503245925133,0.0010974190813730145,0.11553351726031709,0.14554344708893652,0.8016335826630713
0.0001686274860569783,-0.0007741020771584896,0.11572609480075297,0.1444803163693158,0.8008224650636844
-9.27752415338226e-06,0.0001043538324844263,0.11563544632608469,0.14496841999153393,0.8011985437276083
-0.0001589088666825058,-0.0007442603844441534,0.11570601064297226,0.14395666057679402,0.800605254748316
0.00021965976872216546,0.0005652998769510475,0.11560445831798878,0.14576640178950206,0.8016265588480759
-0.00015011248686201182,0.0001279995217847498,0.11562590071721057,0.1447529350676886,0.8011113388048071
-0.0004422518422207104,-0.00011426566043772682,0.11563289352191565,0.14404476373172975,0.8007634500572725
-0.00015069048315448667,0.00122148157469636,0.11552435958622438,0.14573276585706735,0.8017379448981187
0.0002113327148661742,-0.00020659976209451495,0.11567577308516992,0.14506042372762767,0.8011781412663624
0.0002637078897920578,-0.00036141043399922534,0.11569286014773231,0.1450097080903932,0.8011268937399292
1.5017225172509311e-05,-0.0008063712110080388,0.11572096580158207,0.14419331923098222,0.8006941048046099
0.0002997635295652608,4.922421912917553e-05,0.11565660266558556,0.14543826568354784,0.8013880019506837
-0.0002011274617908799,0.00030821622818337274,0.115606545818318,0.14482875508913629,0.8011781406521153
-0.00012083855638990576,-0.0005375919107706832,0.11568896780859197,0.14420573192222985,0.8007508793369021
-0.00028786390033531636,-0.0002986004273198852,0.11565807439740805,0.1441391092661634,0.8007683010105873
-9.183491866847457e-05,0.00033439952880534216,0.11560981791058855,0.14503591466531562,0.801271347149118
-0.00010906699608417257,-0.0005648709598582596,0.11569210842108278,0.14420108094939343,0.8007436734855076
0.0002489252998336237,-5.218885985226111e-05,0.11566339422247118,0.145261959262509,0.8012935182101216
-0.0002039406162756124,0.000584093291767062,0.11558083149834969,0.14507140936311042,0.8013342917600705
-0.0005456320673229164,-0.0004415756207429056,0.11565752221830522,0.14357772150037384,0.8005019210178969
-0.00038996007314996846,-0.00017252048829781677,0.11564103702565467,0.14408046480954034,0.800767488543979
-7.088506561344252e-05,0.0005650207827944662,0.11558950542283045,0.1452779269008042,0.8014185552375742
-3.615915758557855e-05,4.169979738276631e-05,0.1156398502070625,0.1448670867248782,0.8011434021429121
-0.0003802375987491348,-0.0004883677995520457,0.11567065811306121,0.14381384153795312,0.8005934763849105
-2.416669742731424e-05,-0.00014786655515186488,0.1156580328537613,0.1447173479810897,0.8010433410094813
-0.00010220762237989493,0.00021021880767823023,0.11562078851801688,0.1449071491257078,0.8011927405658421
-0.0004561705327229661,-0.0010393090126270934,0.11571722864269447,0.14319286455411995,0.800223574073409
-5.528866667424946e-05,-3.554120105370662e-05,0.1156460042306806,0.14476571097060903,0.8010854480332631
-4.661335561218995e-05,0.0010103092562791464,0.11554935783929138,0.1457181757708012,0.8016912792405819
-6.238113676223619e-05,-0.00021025995986094455,0.115661802528493,0.1445972199753528,0.8009802481879164
7.833576496532949e-05,0.00019400265787178762,0.11563168694349636,0.14519600859638176,0.801312605275617
-7.646998489550072e-05,-0.0003952237120977458,0.11567816243053883,0.1444078251313457,0.8008641866585363
0.0002749682117973327,0.0001958462027021385,0.11564168863872885,0.14552804351775506,0.8014543100506476
0.00039081411647128185,-0.00027176331624244733,0.115691144942481,0.14530356120269183,0.8012691646276641
-0.00010929951588518876,3.668876857434031e-05,0.11563649009426688,0.14473968032179013,0.8010882036047887
-0.0003575164455835597,0.0005880505460840392,0.11557246202197771,0.14481681700315746,0.8012266665597682
-0.0002462408703494255,-0.0005757210321000968,0.11568583525066146,0.14396082444261976,0.800639314592667
-0.0003230052903583275,-0.00046330017810983784,0.11567139500355861,0.14393249647215905,0.8006487915674797
0.00034338561310106886,7.006369491167143e-05,0.11565691694182878,0.1455302299305648,0.8014311445692955
0.00026622690574922215,5.379671949660008e-05,0.11565444385771732,0.14538602131144135,0.8013666367966007
0.0004181951848363773,-0.0002819957713228357,0.11569351426471569,0.14534038865696625,0.8012828823158242
-0.00030726161934513597,-0.0007405761036610844,0.11569776742173245,0.14371062451697253,0.8005012197830248
0.0003249384291664084,0.0005630246641255716,0.11561006428623255,0.14594123991844093,0.8017005538600671
-0.0001711829863516751,-0.00018478018363516586,0.11565372598959298,0.14443720139878485,0.800917007371711
0.00012056009988152495,-0.00014882171034617177,0.11566568558239182,0.14495968390832586,0.8011463236009665
-4.551824437752097e-05,0.0005071266892657106,0.11559619508400404,0.14526863686018088,0.8014035095233506
-0.0002861493988244709,0.00039047659627367785,0.11559448473736617,0.14475960556657447,0.8011644614878236
-6.747778764185193e-05,-0.00039268582054432973,0.11567840170286596,0.14442521008435683,0.8008720738463653
-4.739795589434287e-05,-0.00034119469352998064,0.1156746990289917,0.14450508401468415,0.8009159414229867
0.00013618345113603983,6.648915752545144e-05,0.1156465258118936,0.14517890485910495,0.8012808961174932
-6.175891834724413e-05,-0.000594173292357867,0.11569731533993743,0.14425433713272073,0.800760731865117
-0.00022586279041577744,2.0198663219868834e-05,0.1156319020532064,0.1445289964248565,0.8009953536923395
0.00028314291855801454,-0.00042992223729274227,0.11570022673567075,0.1449809805616304,0.8011015391889522
-0.0001703382517333219,0.0004302193771189217,0.11559684718681815,0.1449898954528831,0.8012701124617227
0.00014754474442230708,-0.0002891189391641778,0.11568009748364955,0.14487931013003136,0.8010852305693519
0.00019272187197835828,-0.0002691677780575371,0.11568060602170199,0.14497309155939486,0.8011289766110128
-8.920364173782126e-05,0.0006564710902174985,0.11558006431106733,0.1453291619458671,0.8014578858818497
-0.00031674911153772986,0.000497983251915089,0.11558293168059475,0.1448045722984002,0.8012041995580086
0.0002549493311779367,0.0009552578558828194,0.11556990363205817,0.14617551549408808,0.8018754284926503
2.7743983652318068e-05,0.000505715499899229,0.11560011705907325,0.14539048754143064,0.8014551126080823
-0.000310608006582196,-0.0008940587584854436,0.11571170793316973,0.14356757165075823,0.8004109175008258
0.0002011434294911072,-0.00016234896077200797,0.1156711376962318,0.14508295743656202,0.8011962113257619
-2.7650437594194426e-05,0.0006860614273735017,0.11558049528516806,0.14545914769755258,0.8015188911621417
-0.0002637040141027405,-0.00027472009428688716,0.11565714949916593,0.1442011125677336,0.8007992714028542
0.00041998079619060116,-8.54569928188771e-05,0.11567533461931319,0.14551950976021016,0.801396787617472
0.0001679303395589537,-0.00019911042865623687,0.11567281774915145,0.14499421226034992,0.8011513889176053
0.0001353462780408479,2.8554386419735556e-05,0.11565000306829354,0.14514349611405425,0.8012585549544246
-3.4205760757069606e-05,-3.357875006614312e-05,0.11564692533720257,0.14480289940306446,0.8011016555834546
9.301178001923945e-05,-2.1529442756904816e-05,0.11565244723579472,0.1450274733324327,0.8011995679366506
-0.00015932055839708135,-0.00042863716093233977,0.11567687551234863,0.14423865685707,0.8007857684694127
0.0003375874735874491,0.000774017942808839,0.11559102807868268,0.1461517490771826,0.8018305905285
-4.274341293557647e-05,0.00017559770943397974,0.11562709781708048,0.14497604511158918,0.8012154380931608
-9.731033839328457e-05,0.0002770878947533014,0.11561484639502212,0.14497532843506705,0.8012345755588361
-0.00019575994901417095,-0.0006893158386062826,0.11569898763532623,0.1439439316873558,0.8006103616687881
2.9068612203833533e-05,9.156524106208339e-05,0.11563862974057489,0.14502139449936513,0.8012186457462083
7.370039012202908e-05,-0.0001791315937713879,0.11566604845611109,0.1448537854374295,0.8010954347467997
0.0003113435870378234,-9.264477711166505e-05,0.115670386646253,0.14533056679562412,0.8013149751579072
0.00016220498709373636,0.0001130113050541914,0.11564355655243053,0.1452643283485056,0.8013261743021627
-7.978099236367509e-05,0.0011178207206162252,0.11553764720517502,0.14575891065522784,0.8017292166792275
0.0006478282749672387,0.00046330677986899363,0.11563582046436027,0.14639419855090358,0.801874281226839
5.0215353086990885e-05,-0.0002764210194408258,0.11567383010159205,0.14472714772297218,0.8010228855956679
-9.763819944061146e-05,-8.266935935702645e-05,0.11564814807835147,0.14465230484327735,0.8010281411798922
0.00011022961293960393,0.00019862203149412046,0.1156329123500197,0.14525374154037984,0.8013380678818869
3.870789444629671e-05,-0.00017540444547741994,0.11566387380238446,0.14479832609572202,0.8010725389932981
-9.637580251123535e-05,3.135509347031877e-05,0.1156376603051921,0.1447566190712904,0.8010943928749903
-1.1924699203568187e-05,0.00011848608183051717,0.11563399826393156,0.1449766394502503,0.8012047501860682
0.00010160053572911625,-0.00016105323249351,0.11566583024189037,0.14491686594788428,0.8011257522321253
-0.0004515528474980128,5.278854952163574e-05,0.11561699391297486,0.14417884216054405,0.8008525317189565
-0.00015324813069136345,-0.0003282870156458489,0.11566792993286554,0.14433876252416272,0.800847608925978
0.0007376643839129415,-0.0009149110900690219,0.11576888647193752,0.1453100575922805,0.8011487218398252
0.00010130261276502083,-0.00047538331954631704,0.11569492439476627,0.1446347413053562,0.8009454315928312
-0.00021826352937022434,-0.0003995848440467578,0.11567107621079337,0.14416561966839786,0.8007602411615908
-0.00029501519824096247,0.0008729462828235316,0.11554930701498685,0.14517742864354943,0.8014347613754024
0.00022378434119744276,0.00035539555011727497,0.11562420878144539,0.14558509714789275,0.8015091635357368
-0.00030651558824304156,-0.0006707877873260376,0.11569138341373952,0.1437743749197546,0.8005417285719276
8.71348629172867e-06,0.0006566340811930698,0.11558510698444137,0.14549386213879184,0.8015280321308339
9.775877058679334e-05,-0.0005620827013038735,0.11570275916961495,0.1445511264102337,0.8008932265622167
-8.428633154253881e-05,0.0002592701423721498,0.11561717665734382,0.14498124202657653,0.8012336796895037
-0.00041731710159079914,-0.0003529164430125678,0.11565620974156117,0.1438728501987374,0.8006445456787492
-0.00015783978037587682,-0.0001372736340863675,0.11565003699383468,0.14450219672438108,0.8009537776028277
0.00029197439086461375,-0.0008052551566087486,0.11573546138842147,0.14465964759208544,0.8008928406860841
-0.00038955088031092063,9.214454623383886e-05,0.11561663614382284,0.14431834404076838,0.8009194589555444
-0.0002962217498709766,-0.00017283152917381926,0.11564602654778666,0.1442377503320012,0.8008343874601418
-0.00045119387261413835,-0.00020943830087526442,0.11564119069492766,0.143944451030038,0.8007025133225391
-8.237867389110469e-05,0.000444667314028388,0.11560008101773794,0.14515067987611202,0.8013413282960514
8.393057766329202e-05,0.000821561765144631,0.11557362981303378,0.1457682053345079,0.801676418956502
0.00010375432508714742,0.0001585794796777112,0.11563629423126555,0.14520696445701614,0.801310483279213
-0.0003541255053518618,-0.0005307507482675058,0.1156759519579533,0.14381977041070243,0.8005878810446923
-0.00020056181918402956,-0.00021545294011030933,0.11565501191193647,0.14436034095234562,0.800878410868155
-8.397266328471161e-05,3.29518595227128e-05,0.11563816139635877,0.14477889445974307,0.8011041816928601
-7.712665767787373e-05,-0.000594077947943983,0.1156964939866824,0.14422859740003557,0.8007497923897237
0.00017386268635435535,-0.00031901026273928535,0.11568424211372766,0.14489674731894037,0.8010869275013656
7.456910791267918e-05,-0.0002819279356835409,0.1156756152806436,0.14476313570516536,0.8010371511852311
0.00021406901772309014,0.00017438311441112696,0.11564053963274121,0.14540648511751736,0.8013984493482343
-1.0233143518594541e-05,-0.0015695396703161702,0.11578991838629027,0.14346782102338151,0.8002390498815408
9.484986388874225e-06,-0.00025910119817833645,0.11567009232272218,0.14467422426609344,0.8010036733618192
-0.00017338006284418864,-1.400764433758787e-05,0.11563782194484351,0.14458654705332724,0.8010133008145489
-0.0002756797526227928,0.0006291029816065331,0.11557292616242544,0.14499119704599084,0.8013087668742929
7.781443747090154e-05,-0.0004095151583260216,0.11568759641424475,0.14465428093898086,0.800966368291926
-0.0004915198983189377,4.5790439424356515e-05,0.11561552429254847,0.1441053815742283,0.8008199179531585
-0.00020311320154585928,0.0004332493369368997,0.11559485870884521,0.14493752662413345,0.8012483988189677
-0.0001177327186438947,-0.00015514033485246147,0.11565379724207982,0.14455359060361211,0.8009722339092927
0.0001057447080002618,0.0005751833218496849,0.11559768238831723,0.14558385980079175,0.801550741718018
-2.46667511114965e-06,-0.0008848166516172509,0.11572727801171769,0.1440937003072565,0.8006366678646355
-0.0002363742688782372,0.0002822976450504599,0.1156071029203054,0.1447462761641795,0.801138063050001
0.0006099811711661776,-0.00030803764538863315,0.11570584197584088,0.14563919590540209,0.8014050996019486
-4.958166723513295e-05,2.9027578005489525e-05,0.11564032292305941,0.1448331721365375,0.8011265366311793
-4.718236255943757e-06,0.00016085013706515155,0.11563044571868132,0.1450267252796844,0.8012341880976432
-0.00030689582180952647,0.0005352682188718517,0.11557999337943119,0.14485457106278277,0.801232627399436
0.00041565612900321114,6.473178590232243e-05,0.11566113698530177,0.14564685841118735,0.8014797733992522
-1.746662493880188e-05,2.1607451862591284e-05,0.11564268786851864,0.14488049021907784,0.8011452590772312
0.0001788385006063726,-0.00035794194952529126,0.11568810981804321,0.14487022718121784,0.8010681793545898
-9.689917415687167e-07,-0.0003296009683351254,0.11567606702416013,0.14459349198497395,0.8009557988715297
0.0002515802720218204,0.000430839157593791,0.11561861767690228,0.14569944799469692,0.8015722969840844
-0.0003509605461191789,0.0002331038759316757,0.11560564486516868,0.1445095696447002,0.8010278698973476
0.0005960617089883117,0.0002931152257549112,0.11564908764135237,0.14615463851941513,0.8017396936445317
-0.00012033016558090068,0.0006600860637632402,0.11557811758351769,0.1452800920779892,0.8014376887214486
-4.5311952440166646e-05,0.00012851096033399432,0.11563132839262227,0.1449295190301666,0.8011866108822124
-1.2408672701408975e-05,0.00024559196111946334,0.11562218603341232,0.14508977104203563,0.8012772615685566
-1.0515686844558188e-05,-0.00015092896555763684,0.11565903129928998,0.14473754345064138,0.8010513518161518
-0.00029252889502576483,-1.0230469357153461e-05,0.11563120638053691,0.14438967232540256,0.8009302122665781
-0.0006144145079069448,-0.00019918493028684914,0.1156315537073919,0.14367923876887384,0.8005915732440378
-0.0004916069877117121,-0.0003290313308886441,0.11565005376437883,0.14376936443711924,0.8006050661295102
7.922475393768785e-05,-0.0010149603186807889,0.11574361708024267,0.14411444937350926,0.8006205692763316
9.732667993727372e-05,0.00014889646828611386,0.11563685949112212,0.1451874838474812,0.801300335146109
0.0004246189734113214,-6.935631292404199e-05,0.11567407622030032,0.14554173098957224,0.8014093319066652
-0.0003690049562146892,0.0004639568713090545,0.11558334780685245,0.1446862201112229,0.8011472970214185
0.0001738305366955516,-0.00016633859071100724,0.11567008599656578,0.14503349234591728,0.8011743890932727
-5.7366063490993e-05,0.00043694698179443916,0.11560209572834546,0.14518579226281514,0.8013547971071191
-1.623574369849223e-06,1.984818216529826e-05,0.11564367790322938,0.1449055367982537,0.8011555847084837
0.00012685022311284143,0.00022513508522127148,0.11563131125587689,0.14530543780350247,0.8013651547858034
-8.520615349940668e-05,-4.041335689279654e-05,0.1156448889847111,0.14471106731660222,0.8010612521524055
0.00020274293853068815,0.00022067659211212013,0.11563565138976126,0.14542895722152455,0.8014168844989251
-5.67631542847753e-05,0.00047540216863079784,0.11559855762819816,0.14522128961603598,0.8013772756883439
-0.00022538005071481043,-0.0009668158515080421,0.11572296070676923,0.14364567791684585,0.8004302302186749
9.631071533356536e-05,0.0006376067353460267,0.1155913891083157,0.14562399528041936,0.8015797864245744
0.00010956281670623874,-3.0929941041550804e-05,0.11565418080930422,0.14504685862931138,0.8012060196491455
-8.629611693993597e-05,0.0008666210796463461,0.11556068478173245,0.1455225630448292,0.8015804778759771
0.0001233844767160906,-0.0002146120421425691,0.11567193113932041,0.14490547532199644,0.8011106427854544
0.000246941201089612,0.00017919823299873878,0.11564179039667369,0.145466031124304,0.8014247212980645
3.059467323501482e-05,0.00011707232794590674,0.11563634372504474,0.1450468229301614,0.8012343573766442
0.00012073210573290425,0.00016148856912086108,0.11563690483824832,0.14523809986537756,0.8013242953263015
-0.00023648201868837457,0.0002462246052329784,0.1156104362669002,0.1447137547821481,0.8011173077286092
-0.0002781216966002757,-0.0006183718509167313,0.11568806936485629,0.1438690415113586,0.8005920707443364
0.0003565741210772761,0.00023155067669755158,0.1156425682892267,0.1456971519231604,0.8015331416465196
0.00019102643156950028,-0.0003419584360251689,0.11568726520423522,0.14490502467527855,0.8010860550783598
7.764033336526605e-05,-9.734008452142592e-05,0.11565867471306909,0.14493370189333588,0.8011451250980423
7.693015264844706e-05,5.9145992714282255e-05,0.11564412759388218,0.14507276024348853,0.8012343022308259
4.966761018703042e-05,-0.0004413636060165367,0.11568906544349467,0.1445784546726644,0.8009279868241622
9.354484444261556e-05,-0.00015992408113355724,0.11566530510996965,0.14490434196567265,0.8011206369217381
-0.00038200830044185974,0.0005213313925962551,0.11557735779496255,0.144715811899569,0.801170885920067
-8.414722119787827e-05,-0.0002470692026344771,0.11566406335126705,0.14452765968498765,0.8009435838841219
0.00038348022440956163,0.0001686752462530975,0.11564980550598943,0.14568598405389666,0.801516342236999
-0.000262936696628329,0.00032986730600348196,0.11560130965958074,0.14474427914403526,0.8011463258542941
0.0002375562166229894,-0.0008581883738109163,0.11573749903238151,0.14452082734548993,0.8008236026297467
-0.0001181565655335994,-0.00012823090223543278,0.11565128626133778,0.1445769921941255,0.8009873513359386
6.657053423761355e-05,-3.97721477610246e-05,0.11565276102873587,0.1449666937151866,0.8011701984881627
-0.00016852784569190045,0.001282501399723423,0.11551776424993782,0.14575755375947708,0.80176018705379
-0.00017355178801811924,-1.6782789366363682e-05,0.1156380696061485,0.14458377124686578,0.8010115874804815
-0.00041030414626246986,-0.00029186961563400037,0.11565095878944927,0.14393933076751098,0.8006845421202536
0.0005619732173139602,0.0006199500825790535,0.11561682307838346,0.14639048365258983,0.8019027080416137
0.0002377926207411344,0.00011203660742917579,0.11564756069403687,0.14539045411927382,0.8013796809674828
0.00037788768162640835,0.0010801386120428116,0.11556447368179186,0.14649412282325375,0.8020349873131857
-5.075172784035719e-05,-0.0005659264532281937,0.11569528863854173,0.14429813401106906,0.8007847880404924
-3.1245645166068156e-05,0.0003724465715697241,0.11560943739330025,0.145171851892321,0.8013365061087814
2.875160064384403e-05,-0.0005703534568786929,0.1156998918262155,0.14442776601858304,0.8008391259953119
0.00013798828412761236,-0.0006088165147801232,0.11570919663883886,0.1445768623617914,0.8008952298553174
0.0003135595460533151,-0.0002443435970227964,0.11568459071814764,0.14519834880970517,0.8012296271566816
0.0002583923962305717,-0.0005100476911307455,0.11570636199572905,0.14486762231981554,0.801037931400088
0.00020837065390896011,-0.0006837540977361667,0.11571982736832025,0.14462799876359633,0.8009026434310835
-0.00012065328885424091,-0.000275834253121214,0.11566480172604159,0.14444053613573243,0.8009009837044819
-0.00031311712828537274,0.0005239894823226829,0.11558071315524956,0.1448339989591439,0.8012217089085523
8.146198709343828e-05,0.0007220910491371937,0.11558276344949685,0.145674824635239,0.8016176098796726
6.126087845615827e-05,-0.0002499468607185791,0.1156719571762035,0.1447694287830999,0.8010459568734681
-0.00044234826307113786,-0.00018549493028367154,0.11563945411159794,0.1439807747422998,0.8007225636541815
0.0004725382897548613,0.0004756876733009022,0.11562574904398232,0.14611086865831058,0.8017560358072781
9.189811075232313e-05,0.0004972077702079033,0.115604220617664,0.14549066188485077,0.8014961283020198
4.3637418165497904e-05,0.0005469363530962967,0.11559710700152152,0.14545416280929052,0.8014901167169791
-0.0007225535306032149,-0.0007266896760696485,0.11567418003091587,0.14302491809491213,0.8002119658325589
3.969225478436067e-05,0.00017440351281314143,0.11563149877157067,0.14511350345699975,0.8012737271339999
-0.0001083758114010338,-0.00011109447557219973,0.11565021464166246,0.14460878609775213,0.8010041692565963
2.4293361458024044e-05,0.0007915602068319071,0.11557335952966072,0.1456410748721193,0.8016165504321813
-0.00033379737898189593,-0.0010993918670673397,0.11572933340414142,0.14334477819229968,0.8002767355692293
0.00036347865003498453,-0.0004272259394144263,0.1157041607484358,0.14511835558814734,0.8011605380653091
0.0004895091116807913,9.726329742716271e-05,0.11566190335428639,0.14580007823187296,0.8015512331697383
6.0519623688363766e-05,0.00011945424646435958,0.11563767947910832,0.14509924329694407,0.8012571297181155
-7.190842303872284e-05,-0.0003224741235839792,0.11567167873285508,0.1444806666965685,0.800909132967627
0.0004833912913452348,-0.0010853102966388764,0.11577143313114387,0.14473045039933174,0.800869331956511
-0.0001376285516929493,0.00032894089142110295,0.11560793906167467,0.14495405876426165,0.8012354543062585
-2.806638939886465e-05,-0.0013453218996273054,0.11576834121259871,0.1436384772717978,0.8003546540727823
0.00023472221717393203,-0.000590848310230915,0.11571260869236755,0.1447554804941102,0.8009747121134553
2.1353832688445977e-05,3.195387163303888e-05,0.11564375452246706,0.14495499878167384,0.8011789604188628
-0.00032070901815971356,0.00045956600629063735,0.11558628151378077,0.14476346587957212,0.801179340392679
-0.00024407708257119995,-0.0001993896986346254,0.11565123254209488,0.14430159709155477,0.8008564800881947
-0.00024991526935106665,-2.0453400444965516e-05,0.11563439493119292,0.14445213554027458,0.8009548452575881
1.918227870858393e-05,-0.0008577339128103374,0.11572592675075945,0.1441543271110191,0.800667665751492
9.629861911959646e-05,-2.36001270199034e-05,0.11565281042400075,0.14503114033948689,0.8012007323466701
-8.29535968509959e-05,0.0001349945193914911,0.11562876328646753,0.14487207290978749,0.8011633973791034
0.00017883580602002692,-0.0005830712645151841,0.115708959102461,0.14466855190717604,0.8009391953333947
1.8256934216093034e-05,0.0008421553101025293,0.11556834085444641,0.1456763204307786,0.8016412474756598
0.00024849357667690395,-0.0003798248547306744,0.11569377447028054,0.14496764974509568,0.8011054612858522
-0.00011509522894499299,-0.001112595164111725,0.11574227067867161,0.14370052120228866,0.8004256506506763
-0.00036343996307850487,-0.0003664011566448803,0.11566031693148689,0.14395133418845651,0.800675374060437
0.0001843365806175318,-0.00039161421387335304,0.11569151715487697,0.14484929782414008,0.8010528188283939
-0.0001796915770604717,0.00010382972101084757,0.11562658903049335,0.14468155714141645,0.8010763220586937
-0.00019845035210900626,0.0003428730274205722,0.11560347555300296,0.14486432749620798,0.8011999235242858
0.00026466199853257614,-0.0006042221772341239,0.11571541502128252,0.14479380164930727,0.8009884638865696
0.0002681688268491066,0.0003715313603288638,0.11562499146850287,0.14567413683098396,0.8015501600439047
-0.00016788695107128063,0.00011893045758664075,0.11562580980607917,0.14471493281767872,0.8010934233816913
-0.0002343293572677928,-0.00013479183646181154,0.11564578049383088,0.1443758652173252,0.8009004720693561
0.0001293047248282776,0.0006229329006018544,0.11559445156132706,0.14566627464165832,0.8015949742217664
-9.082441280055543e-05,0.00023152258395194624,0.11561940791250269,0.1449453781814064,0.8012130963576777
-0.00016569440079738812,-0.00014718073397908694,0.1156505396899425,0.14448011805967803,0.8009424805148521
-0.0003748279211814969,-0.00035325920272920167,0.11565850076632608,0.1439439654383603,0.8006747547029086
-6.191442010072658e-05,-5.3229576250105794e-05,0.1156472951200225,0.14473872367717677,0.8010705706121176
-0.0002601545564187768,-0.0005419518021318693,0.1156819835492447,0.14396768533458343,0.800648704565187
-0.0001317393850173268,0.0007238892079615931,0.1155716020468542,0.14531814669171922,0.8014661118924232
-0.0006026822206715634,-0.0005341703214787861,0.11566297399251409,0.14339887077038954,0.8004080434762555
6.581383602697599e-05,0.00042466968191000657,0.11560961582053346,0.1453817822043057,0.8014358806135229
-0.00023109126002324062,0.0006054657487014064,0.11557743776476156,0.14504494316547395,0.8013271190942485
0.00026190999427169834,0.00029412686896078817,0.115631872924745,0.1455942177810457,0.8015013090132304
5.780859647077686e-05,-0.00014927878323725842,0.11566245231256844,0.1448538333310006,0.80110117406494
-0.00013221965908301862,-0.0001214460431408404,0.11564992010294288,0.14455943794712633,0.8009811780450035
-0.00016452494946000745,-0.00017414383181249738,0.1156530934806385,0.14445792214208591,0.8009278660782335
0.0002601019382902352,0.00033882213976850397,0.11562762083018688,0.14563125468914873,0.801525638421475
-3.664071764387491e-05,-0.0002252030332174809,0.11566453605540125,0.1446270866697219,0.8009901001723176
7.372156039985618e-05,-0.00012343101118696996,0.11566088833974728,0.14490373541106955,0.8011273697130845
4.1307037167317444e-05,-0.00012603192896548613,0.11565943637249583,0.14484693717797992,0.8011026917028291
-0.00015426480943609523,9.461296881646115e-05,0.11562877394860152,0.14471602970135983,0.801089231816657
0.00017533304558194643,0.00016610679614023518,0.11563930487648456,0.1453339825141559,0.801365998540834
-0.00022214795950673715,-0.00010734410442364937,0.11564388637757438,0.144420935566884,0.8009249172924195
-0.00017114673016154045,0.00012480684089176023,0.11562509519858388,0.14471472165666022,0.8010944592316142
-0.00017208231052806257,8.201283465317765e-05,0.11562900669084954,0.14467479034006897,0.8010692618627769
0.00018643144105361982,6.084494885771613e-05,0.11564965689405705,0.1452582729519339,0.8013136028858748
3.460471288211813e-05,9.268722018271841e-05,0.11563881394222289,0.14503170303958995,0.8012232491650372
-0.00010551638465247434,0.0002063565780396479,0.1156209737500855,0.14489812604518731,0.801188159431803
-0.00016035671263867266,0.0006255418590730308,0.11557924970046711,0.14518183675932722,0.8013892424844232
0.0003281630603056674,0.0005431712512330365,0.11561208006157012,0.1459288514766482,0.8016914766026834
0.0003480776588055772,-0.0004265089104383167,0.11570329291195466,0.14509312583588152,0.8011499347919048
-0.0002158901129214549,-0.00017631298058256098,0.11565058815948302,0.1443696499644918,0.8008898719128267
-4.182371078957825e-05,0.00021547496967365623,0.1156234486225345,0.14501333935894883,0.8012389540635598
-0.0003699649614138384,0.0002987456100311811,0.11559857806029836,0.1445364727297364,0.8010518979371011
-0.00040732039240154043,-0.0004554640202954028,0.11566618544232847,0.14379779051966152,0.8005929466626346
0.00016293388347060072,-6.481147232420663e-05,0.11566010072898107,0.14510616897390094,0.8012247781231823
-6.063711024186686e-05,-0.0001391392880947039,0.1156553137689137,0.14466388091782106,0.8010222512721067
0.00016355714248161556,0.0007348361382411931,0.11558579009929895,0.1458242037613965,0.801683644113923
0.00011142179835060464,-0.0009539675390007492,0.11573969330187169,0.14422315179994988,0.8006785297604937
0.0002513306571914393,0.0007924861539706304,0.11558490641800867,0.1460233979112458,0.8017794877311761
-6.0982077681003137e-05,0.0003235713710993206,0.11561242709485911,0.1450780563434491,0.8012872130525517
-0.00018880664936908996,0.0006463408589968806,0.11557584342435019,0.1451526749783052,0.8013808124158595
-0.00022265783815427758,0.0005773774714992109,0.11558048086280863,0.1450339267745721,0.8013170483766483
-0.00022769769435711224,-0.0003205597225182443,0.11566328424364218,0.14422056049917825,0.8007987691034675
0.00022556332515791773,-0.0005853784103484616,0.11571162238188977,0.14474499230086907,0.8009712950260589
3.133677195875539e-05,-0.0004675752997400419,0.11569052616880093,0.1445241721675145,0.8008998566550156
-0.00019447487074291932,-0.00041645664773997624,0.1156738920455641,0.14419048659578637,0.8007675951912744
0.00027619183507501127,-0.0004673616000010164,0.115703335287507,0.14493576338402597,0.8010751173537785
0.0003931322061144427,-0.0001222162848185774,0.11567736643713329,0.1454414644053103,0.8013565206799242
-0.00026689209135808594,0.00020807269166127782,0.11561237301380771,0.1446284389641101,0.8010736788741413
-0.00018527420682202704,0.00010246883599694084,0.11562642241523778,0.14467095460353463,0.8010715477138073
-0.00027609113356107773,-7.413614771455661e-06,0.11563181196017144,0.14441982592027686,0.8009435886733205
-0.0003323368072371468,0.0004352509098826374,0.11558792387936935,0.14472211701064946,0.8011570795743281
-0.0001715677810864272,-0.0011884290651442168,0.1157462249280272,0.14353774065658548,0.8003418252776802
-0.00035588120615760623,-0.00014059224111951518,0.11563989665095582,0.1441663593906694,0.8008101715122034
-0.00038417704796303814,0.00044479632637836364,0.11558432567085748,0.1446435345164056,0.8011254546033529
4.199552574391492e-05,-0.0006262689419915979,0.1157057574514545,0.14439993918616495,0.8008165679703145
5.5535289225931185e-05,-0.00014578607430835463,0.11566200994444857,0.14485314329729654,0.8011015494099012
-0.0002622323826510556,-0.0002380931969419581,0.11565384679225525,0.14423640310513441,0.8008213116928525
0.0005005189306547376,7.345432373221618e-06,0.11567084454716764,0.14573797260321125,0.8015075683472879
-0.0003583036359792682,0.0006498023936416801,0.11556670194799853,0.14487087761249445,0.8012615107235561
7.324908904219335e-05,-0.0012079844681164927,0.11576110007824729,0.14393162730310316,0.8005057617251813
-2.8439341884528568e-05,0.00018556282375093482,0.11562691907901332,0.14500901630664464,0.8012313833875405
-0.00014418733238270347,0.00034205420476649527,0.1156063818302732,0.14495479315484477,0.8012382790749212
7.281751389018157e-05,-8.228251876069893e-05,0.11565702743499669,0.1449390923612141,0.8011503044818101
-0.0002381029886305193,-0.00026189069857217247,0.11565731865472585,0.14425563645817951,0.8008249406742538
-2.3634932705759304e-05,-0.0010568668874757544,0.11574201626319766,0.14390409904786122,0.8005229923152394
0.0003919767162603022,0.00017571319691939608,0.11564958709801781,0.14570656674871862,0.8015264528255992
-0.00010934871606697344,-8.48890389200988e-05,0.11564773922992311,0.14463063530165016,0.8010184909468439
6.631007252346475e-05,-0.0004946544754032891,0.11569486933725365,0.14455868165022917,0.8009093602112805
-4.6256162977804225e-05,9.297230622724897e-05,0.11563457247611587,0.1448960761402192,0.8011655656355988
0.0002890212528354107,0.00013152687331068085,0.11564839548472539,0.14549399347814268,0.80142749279316
-0.00014588113423353213,-0.000824159369131446,0.1157140666818933,0.1439070093455308,0.8005688112513503
0.00011228769061125681,-0.00024325251112968942,0.11567400555444707,0.14486116686810357,0.8010862934176651
-0.0002313615095142281,-0.0002661902411899168,0.11565807175062703,0.14426311481087734,0.8008273006395666
-9.545048874032487e-06,-0.00044907327142655016,0.1156866644270834,0.14447204938916008,0.8008812117569256
0.00011923089101785513,-0.00019364688019576633,0.1156697712672327,0.14491728252344982,0.8011196855799753
-0.00038506568701257473,0.0005797585168881889,0.11557179005337592,0.14476307013242884,0.8012021973031199
-4.068849727880448e-05,-0.000466863501702722,0.1156866682347602,0.1444037787086649,0.8008487399458913
0.00022758884523512856,-4.392124977551506e-05,0.11566151987697272,0.14523352175452098,0.8012829958246582
0.0002884447158548308,-0.00015986539482566983,0.11567544331715347,0.14523185585217463,0.8012600751062168
0.000229255598545199,-0.0005790380281728682,0.11571122864188402,0.14475687456512215,0.8009775680938461
0.000296026780958425,0.0007054682723009397,0.11559530432352871,0.14602043171774265,0.8017615548915616
-0.00015902651442396243,0.0002863373224055492,0.11561077086347404,0.1448798987004692,0.8011957217946155
0.00013832910743022728,0.0006320254670012437,0.11559406909827885,0.14568959368268775,0.801606643313256
0.0004874340155304229,-0.0004951706331996158,0.11571690844945223,0.14526570876770906,0.8012102520148018
-0.0005154213724260518,-0.0008570864662250342,0.11569731405766334,0.14325639688523273,0.8002855291508861
-7.776189769433174e-05,1.7295662504083653e-05,0.11563993600920895,0.14477529946551698,0.8010996519853741
-0.0004377443071361213,0.00035782929336001287,0.11558955483751775,0.1444755070197527,0.8010372627508577
-0.00012256001910860182,-0.000593376382752894,0.11569402478273692,0.1441528741241111,0.8007176904009674
0.0003536285021813855,-0.00031486056349523705,0.11569321846875548,0.1452024784554754,0.8012178762034494
-0.0003432018754820824,0.00015090313613193166,0.1156136502355942,0.14444892356967654,0.8009863048024419
9.810903055108935e-05,0.0003365367355062538,0.1156194747867379,0.14535702330009065,0.8014084567182072
-9.439817916531095e-05,-0.0007331978381026957,0.11570841630834418,0.14407498008960223,0.8006577441730337
2.1461292012361918e-06,-0.000690221066194749,0.11570956169373066,0.1442757034739368,0.800751427839144
-0.0003173465361722677,-0.0005283515129236664,0.11567768926699082,0.14388373944887944,0.8006155731239097
0.0004838074088253011,0.0005223122346039146,0.11562197138141889,0.1461716127148866,0.8017908272543459
-0.0004256418404200777,0.0007308448390523761,0.1155556818236243,0.1448303705240968,0.8012597916993063
-0.00018936223692626284,-0.0004088542867831501,0.11567346089080825,0.14420588961279912,0.8007756088479127
-0.00018448317808469672,0.0002307306765672842,0.11561459127758152,0.14478726130262387,0.8011456322294931
-7.39686937285219e-05,0.0001143775547080242,0.11563114249534229,0.144868691625625,0.8011580083121514
0.00024138518957396503,8.800711588644989e-05,0.11564997962219009,0.14537495013654805,0.8013684773685386
-9.253986862195133e-05,-0.000480524674222509,0.11568519475453778,0.14430440601330669,0.8008038186078785
-1.233268404057228e-05,5.402289342560135e-05,0.11563995206123817,0.14491817177771898,0.8011675104639253
0.00014747456047884224,-0.00036600674620391847,0.11568721729090232,0.14481030500940867,0.8010411247226977
-0.0002641683791593692,-0.00025595601237408407,0.11565539318953875,0.14421714418649695,0.8008096909241927
-0.0003290109635669863,1.4522302834238161e-05,0.11562699713202722,0.1443505354630787,0.8009182931031733
-0.00014910351790995086,-0.00030366522087315814,0.11566587415007804,0.1443677874393608,0.8008646820306378
0.0003621110954606115,-0.0013704802772510633,0.11579142040393474,0.1442714932721993,0.8006193176447154
0.00023720649265225474,0.0002388468975649782,0.11563574149600213,0.14550315111920592,0.8014519507122649
0.0002889126924730147,0.00018595311619870616,0.11564332794329116,0.14554260194946672,0.8014586125379976
6.268986739289591e-05,0.0003775632095887505,0.1156138307674541,0.14533429289963584,0.8014066395674546
0.0002625150792675481,2.5888792946416746e-05,0.11565684521883163,0.1453547703864586,0.8013479865233225
-0.0002190942878060488,-0.0005821960192070785,0.11568787421760106,0.1440006505170806,0.8006550286540816
0.00024036683791417635,-0.00033086828776868893,0.11568881119706985,0.14499785770125467,0.8011276998602634
0.00019033424021966047,-0.0009523757524686549,0.11574371707338678,0.144357160773803,0.8007358840720273
-0.00012868691158998444,0.0003845248049198656,0.11560325207934709,0.145018924513787,0.8012737167628783
0.00024289518643136102,-0.00044400264400591797,0.1156994315939995,0.14490074946271697,0.8010646863656511
0.00050878052807989,0.0005939828402443773,0.1156165489991574,0.14627784277646183,0.8018497807810012
-0.00016233009190687068,-0.0001718914362267748,0.11565300081510359,0.14446362923632827,0.8009307271562479
0.0001751687048720898,-0.0006257759051569838,0.11571271883283117,0.1446241417991408,0.8009121084043509
-0.00047194485660569395,-6.324301391273527e-05,0.1156266151048334,0.1440405713398804,0.8007714397546274
0.00027275610869288274,0.000795135580752713,0.11558575276884654,0.14606177237576579,0.8017963317952765
-0.00038841087354044685,-0.0013520811634772313,0.11574957358410229,0.1430268320823151,0.8000929738436571
0.0002507986419801754,-8.055177677171601e-05,0.11566612528746668,0.1452396871330613,0.8012786031645441
6.532558836881634e-05,-0.0006414614213688023,0.11570839127979132,0.14442553404022118,0.8008245535975331
-3.4388450014604306e-05,-0.0006053594117751802,0.1156997946287269,0.14429031292918,0.8007739042970972
-0.00047480646157293144,0.00021353577660996784,0.11560093031502269,0.14428383933911348,0.8009280248780707
-0.00042842936124955845,-0.00010478301244219761,0.11563275196208096,0.14407649730018546,0.8007787760513353
-0.00024383063174013354,7.801647510394411e-05,0.11562561199832005,0.1445506188615155,0.8010156348553905
0.00017974465939892963,-0.0007660386643656453,0.11572593444787599,0.14450621528469115,0.8008350352855371
-6.658476579873055e-05,-0.00038177914980973006,0.11567744075966759,0.14443648169647422,0.8008789617194806
-0.00042858780257392645,0.00014465982451762418,0.11560972785077644,0.14429979494417777,0.800921622760839
-7.518108671189028e-05,0.00026167991658518727,0.11561742754193877,0.14499870441825247,0.8012415753004325
-4.7015065162840974e-05,0.0002688665151671143,0.1156182273296576,0.1450524815794454,0.8012658456838104
-7.720748252449198e-05,8.15785461012413e-06,0.11564081112439599,0.1447680411832577,0.8010948115018444
-0.0001232566353662278,-1.2552436565757492e-05,0.11564031664935473,0.14467209054691377,0.8010499965732053
-0.00019943156641883653,0.0002077296798535576,0.1156159388230968,0.144741517363222,0.8011217521154348
0.00015359839200063122,-0.0005051413395062895,0.11570042192828366,0.1446959527874802,0.8009657893506609
2.3121220186978318e-05,-0.00011142922838049421,0.11565713317271771,0.14482946437463817,0.801098050754307
0.00011886212446144061,-0.00027559849336102814,0.11567734597114195,0.1448432311609097,0.8010724614043837
0.00012868637640159846,-8.492091111276743e-05,0.1156601839409233,0.14503060339185997,0.8011887564844016
-0.00026780049272993536,0.0008063650841538343,0.11555689655082634,0.1451634429070412,0.8014160524456835
0.00023167150313819568,0.00011219631396810327,0.1156472292693441,0.14538031310631755,0.8013753944008528
-0.0002971584466112483,-0.0004153759941321313,0.11566835091155074,0.1440188704868307,0.8006947429925378
0.0006425751240504102,-0.0007639089797900974,0.1157499227691958,0.14528558170257194,0.8011672297410245
-7.623997377707451e-06,-0.00044720910799947883,0.11568659321460076,0.1444769474624768,0.8008836540501818
0.0002474442187543144,0.0012869730079720324,0.11553853487589644,0.1464606027157162,0.8020603408128155
-0.00015368582678311596,0.0003238281078785806,0.1156075757563203,0.1449224878177678,0.8012210346812743
0.0001265052728947515,9.166700974521141e-05,0.11564368631128286,0.1451852115357148,0.8012884042954875
6.296370968688893e-05,-0.0004619501990459532,0.11569166833653864,0.1445823546484633,0.800925703303062
-3.0067957736683314e-05,0.0009438629120376772,0.11555639217344986,0.1456863608085751,0.8016650060106395
-0.00012907241494790008,-0.0002128646785657726,0.11565853824192411,0.1444828082498163,0.8009310426328062
-0.00040991792898362244,-7.22191879570242e-05,0.11563072917768571,0.14413679698246956,0.8008106846947165
-0.00032581496994338663,0.0008205864469926785,0.11555256514208093,0.14507868328118895,0.8013826935642128
-0.00032943612683606125,-0.00038573973995335305,0.11566390544132536,0.1439911661101962,0.8006886263206544
0.00021497498075026227,-2.695340798923809e-05,0.11565928997291312,0.14522753641361813,0.8012836983312146
8.51316297519565e-05,-0.0004719777486147292,0.11569376034113427,0.14461062051360768,0.8009358154647642
0.0002976570868496722,7.138488625708189e-05,0.11565443358127929,0.14545459069875977,0.8013991970615477
-0.00025414655231356935,0.0003270988520024608,0.11560202579587181,0.1447565716335953,0.8011510285725826
0.00039311526126466223,-6.470050113480507e-05,0.11567201738649341,0.14549298199112354,0.8013894707388731
0.000216036700971748,0.0005090969509985959,0.1156095055838557,0.14570990922099297,0.8015917423792859
-0.00021972955932779388,-0.00032935791662515556,0.11566451761255418,0.14422607022862372,0.800799429189503
0.00040736556803563445,0.0005038365478791309,0.11561979671807776,0.14602663184265002,0.8017255675986359
0.0003036168811432212,3.843723889638564e-05,0.11565780459191756,0.14543507056039756,0.8013845752736913
-0.0003061710662180476,-0.0006213732835995329,0.11568685192779478,0.1438192084583924,0.800570281175297
-3.542170448663974e-05,0.0002808052533785281,0.11561772302766289,0.14508266803703235,0.8012809835679238
0.00017971551697734849,0.0003185420778312767,0.11562536410127412,0.1454780095268433,0.8014565148837239
4.016432929248654e-05,-0.0003347245711395889,0.11567869993971036,0.14465802101897918,0.8009822881915566
0.00011153835253441665,-0.0004812330373042943,0.11569600290244139,0.14464669973147987,0.8009494018155355
5.913911430960265e-05,-0.000366291481999897,0.11568261659098944,0.1446616237722615,0.8009777746297836
0.0002094208997647561,0.000339006855569396,0.11562499321219465,0.1455462694115458,0.8014894944642623
-0.00023124831715584532,0.0004575682020293184,0.1155911383051084,0.1449120448945988,0.8012422097000903
-1.2292566995237044e-06,0.0002498119549960665,0.11562237569149489,0.1451123409544351,0.8012876783031858
-0.00027379363271467366,0.00010465126775605222,0.1156215751288055,0.14452413093203248,0.8010094610483282
0.00024942650354389193,-0.0005240723089836765,0.11570719279075113,0.14483999665990677,0.8010234840872134
-3.430568267093438e-05,-0.000563588235867471,0.11569594107690592,0.14432786493396327,0.8007978928172937
-3.501656378112041e-05,-0.00010287877994508558,0.11565329988954925,0.1447394304404303,0.8010613601487676
-0.0001242271610753095,0.0009283837297150205,0.11555298746295085,0.14551422670177355,0.8015887609110879
-4.616237575366691e-05,0.0004353920663883349,0.11560282128852269,0.14520322620014886,0.8013619210855785
-0.0003778114316072152,-0.0006575270873118968,0.11568635713330962,0.14366641292962068,0.8004983081057175
-0.00019523523459469015,0.0005088591111892719,0.11558826056725334,0.14501856972657517,0.801297384557944
0.0001844889915590035,0.0008497220013760937,0.11557615496846368,0.1459624390007529,0.8017645014480086
-0.00016684588617439165,-0.0002844689282261733,0.11566316519413032,0.1443551681219366,0.8008629872729821
-0.00019026936543567937,2.2176458386208178e-06,0.11563543453716368,0.14457270335463335,0.8010105156642234
0.00012053869760492783,-0.0005242149789569863,0.11570045273860381,0.1446233208038808,0.8009312150120691
-0.0003168067939633902,0.0009724484815762521,0.11553894345058857,0.14523007131589427,0.8014762337729262
2.7414877876619247e-05,-0.00029867437061025133,0.1156746949653015,0.144668896415572,0.8009938241587048
3.665982755099085e-05,0.0010272608165461106,0.11555204749885077,0.14587332944931536,0.801760577614628
0.00012509242715501317,0.00020451479002775636,0.11563313538976941,0.14528399808455544,0.8013520773691222
-0.00017975470061701947,0.0009110886434178247,0.1155517304034573,0.14540538310315254,0.8015391115337125
0.0003815426146479599,0.00014718610553294523,0.11565170632446767,0.14566346476666842,0.801502638788488
0.00010267355713410857,2.3181767814523845e-05,0.11564880298152856,0.14508378168461467,0.8012321045041002
-2.272105533597969e-05,-0.0004981240781744368,0.1156905039954469,0.1444059695488749,0.8008436839990194
-0.00017706286532643973,-9.846851829490507e-05,0.11564543860947847,0.1445046639309261,0.8009622618551271
9.88488612971361e-05,0.00014868620170793088,0.11563695801947703,0.14518985309038834,0.8013013034828255
-0.00014477759123791652,-0.0009280288385796948,0.11572369389884292,0.14381586407173252,0.8005101111512865
-9.182222486615458e-05,-0.0003110633570602411,0.11566957580331959,0.1444574245078954,0.800901424434746
0.00032641953649061245,-6.013491632360185e-05,0.11566814601783013,0.14538503002893788,0.8013443888108098
-0.0006298511140628347,0.0008556148761745926,0.1155334531326665,0.144598970872182,0.8011851841491957
-0.0004374827486185516,-0.00023929331629752836,0.1156446700923219,0.14394074976958365,0.800695218295977
7.670260578097504e-05,0.000714424488698603,0.11558323231680666,0.14565995001331955,0.80160980886898
0.0003745084066813316,-0.0005019626305954807,0.11571166971762932,0.1450699334467907,0.8011256067530962
-0.0001868470399395796,0.00016619115409525492,0.11562044260270066,0.14472543133655968,0.8011069465116657
0.0002962801485163884,0.0007499088399725769,0.11559117200043652,0.14606072262785125,0.8017872207772836
-0.00011570669492691811,-0.00025644102473800466,0.11566326968126178,0.14446622528631725,0.8009156350894786
-7.252015481980154e-05,0.0011082828810053938,0.11553890760052239,0.14576255408356986,0.8017289405619508
-4.3231599664134355e-05,0.0008813000479467355,0.11556153693568894,0.14560810658601986,0.8016197069423567
-4.4672436615281034e-05,-0.000505059385283518,0.11568998731998323,0.14436286938615467,0.800824007093562
0.0007492659929481333,-0.000429350324780685,0.1157243058129562,0.14576442844995907,0.8014351727559846
0.0005990706914330971,-0.0001070163509380704,0.11568655954405814,0.14580100767568405,0.8015124948138621
-0.00010802220895388901,0.0002620706529048081,0.11561568005696941,0.1449438625488842,0.8012183032535937
-0.00011071181310845476,0.000252391271467759,0.11561643688263704,0.14493066457001186,0.8012108304138665
-0.0005763002448318233,0.00026364731210311087,0.11559094395977233,0.14415813310153247,0.8008841100008425
1.161572593961521e-06,0.00022928293347349068,0.1156244044863218,0.14509795401331438,0.8012776208315784
-6.617483413646692e-05,-0.0002912757336266075,0.11566909591663178,0.1445182541032874,0.8009311111209687
-0.0001817879119223339,8.646151171800014e-05,0.11562808634504919,0.1446624658147761,0.8010648673882713
-0.00017141874067026764,0.0007772186006350439,0.11556459625661375,0.14529929546771586,0.8014683030387406
-0.00011481349254269146,0.00045379843170554175,0.11559754909978094,0.14510435778846947,0.8013233576342006
0.00013872688776112258,-0.00031028776783399524,0.11568159814515429,0.1448455276208192,0.8010667935825007
-0.00031421411911121476,0.0006934573055692805,0.11556495492052385,0.1449841457949556,0.8013180934791239
-0.00011890070266094916,-0.00017422041993947243,0.11565550027436369,0.14453453024618773,0.800960464477316
0.0005708929462944116,-0.0004290070496130996,0.11571508065361659,0.1454651628376456,0.8013078372351298
0.00018329316719625094,0.0005129614706305609,0.11560746275625237,0.14565835939243932,0.8015705372729771
-0.000218770675301261,-0.00037492295959460687,0.11566877364518097,0.14418686068527625,0.8007740082390203
-0.00020851654745000154,-0.0002860603235111309,0.11566111295891514,0.14428370774315857,0.8008322607907955
9.869142322860801e-05,-0.00012228022110410725,0.11566208461329358,0.14494672356605842,0.8011458907903626
0.00024643268917375635,0.00019285237698952006,0.11564049459927266,0.14547741747722692,0.8014321843537132
0.0002826984451568635,3.01923301019872e-05,0.11565748952567033,0.1453925368852222,0.8013648886478366
-1.837554789931526e-05,-5.841384907142172e-05,0.11565005320988431,0.14480724379274473,0.8010987473651182
-0.00015347985377790014,0.00037353992541396046,0.115602979269107,0.14496740642053169,0.8012496804542223
-1.407956690062844e-05,-4.074979600459672e-05,0.11564864169670588,0.1448302937987362,0.8011119439721304
0.00028983362293995036,-0.0006492252527367098,0.11572090125717581,0.14479578288719763,0.8009806860466012
-0.00026064499565865544,0.00039249539238476425,0.11559563119930727,0.1448042846909558,0.8011838687175518
0.00024390215958838704,-0.0006897055513414194,0.11572224297538222,0.14468236371265386,0.8009246471752024
0.0002363953460461563,0.0004174389196012338,0.11561908436676889,0.14566191900649333,0.8015537533079242
0.0004383209258424559,0.000594020250715366,0.11561296039331749,0.14615951669017152,0.8017994149863744
0.000249338690835926,0.0002887658841900873,0.11563172404189681,0.14556829011365602,0.801489244257787
0.0002881899157384748,0.0014337707856543664,0.11552686026635621,0.14666084243206423,0.8021737076567087
-2.5876652473698308e-05,5.9247657423361705e-05,0.11563876112771879,0.14490009473844423,0.8011608157446934
0.00015871206126848422,-0.00021893972449491114,0.11567417566240693,0.14496095544248794,0.8011334323399172
0.00019442185364971343,0.0002265952589322249,0.11563467126336759,0.14542028254108053,0.8014143254183057
0.0003403978747471488,4.244682468151559e-05,0.11565933135707566,0.1455004560719576,0.8014131788603935
-0.0005478252114503649,4.5368173235645863e-05,0.1156125788422451,0.14401034489118159,0.8007793787012081
4.1336248306952675e-05,-0.0005475540118980851,0.1156984472078848,0.1444693338015618,0.800861189653558
0.00021164836414555002,-0.0006247617516494578,0.11571453933206996,0.14468633988050966,0.8009387812227619
7.257494191147162e-06,-1.1776427680123518e-05,0.11564707197510543,0.1448921164729185,0.8011438131462165
6.918156241918951e-05,0.0010411161332597534,0.11555241976707996,0.14594041341840408,0.8017917904122482
-7.64775423400617e-05,0.00029699828652245694,0.11561408534277351,0.14502819038172088,0.801260893831697
-0.0001996555623005646,0.0008082313880385486,0.11556025499433363,0.14527965691523476,0.8014658837972977
-0.00010205045858558184,0.0003130565671698697,0.11561126503324243,0.1449996104868565,0.801251803295906
-0.00014049069316388572,-0.0007796770272891551,0.11571025406850438,0.14395589912490708,0.8005981457908161
2.1975626999294436e-06,-0.0006880260231401002,0.11570936171202442,0.14427775569115547,0.8007527220011675
2.187123765546258e-05,2.6499845304674817e-05,0.11564428706140611,0.14495097977778215,0.8011762046437503
0.00033907199132495803,-0.00027030334801025804,0.11568832557263593,0.14521794778608504,0.8012329975647001
5.362214248626796e-05,-0.0006512336695150826,0.11570867747351611,0.14439711672478106,0.8008105838967643
0.00012493079089977589,-0.0003493494453990367,0.11568449496243169,0.14478735020812045,0.8010345436175781
0.0002486022475799054,0.00014449355344134003,0.11564510262966735,0.14543771056185562,0.8014060164584522
1.1997561038419981e-05,-0.0001646742396073422,0.115661482555382,0.1447630578510236,0.8010595804355898
-0.00034047224029678386,-6.208761339403004e-05,0.11563346620478139,0.14426261119432038,0.8008661863636838
1.1033729719863739e-05,-0.0006685789718394453,0.1157080325191904,0.14431001986457742,0.8007701827702213
3.093140560657311e-05,-8.140496119983953e-05,0.11565475976403386,0.14486949541776506,0.8011208442678694
-0.0002574329530379551,-0.00027687859057677286,0.11565768035044012,0.1442097188507398,0.8008025217049725
-5.197580944409383e-05,-0.0003367591986314309,0.11567404812593955,0.1445013648924905,0.8009152078557286
0.00030622694413380346,0.00037858812314304173,0.11562629019938812,0.14574440454836446,0.8015814257998207
-0.00032812965796540495,-8.122780500005586e-05,0.11563588497249,0.14426620492246278,0.800864049557349
-0.00015305940418210184,0.00016160907370518153,0.11562263477628047,0.14477811012399183,0.801128494766777
7.26573467267095e-05,-0.0007726432366592835,0.11572089909194296,0.14432037405139664,0.8007546549999575
-0.0002207754208590733,0.0003742437025749488,0.11559940412433267,0.14485493217491036,0.8012019335211022
0.00028881388704573956,0.00013902166066984966,0.11564768780780789,0.14550036367809538,0.8014316404535534
-0.0001411679445538821,0.0005489260276608517,0.11558735488982641,0.14514537326996207,0.8013590421381054
-0.00013360445649864897,1.5048163304643117e-05,0.11563722011163377,0.1446794372039073,0.8010584116123434
0.0002528410491998621,-0.0004182113921917657,0.11569756015451181,0.1449405639928003,0.8010865767842972
8.574174828080499e-05,0.0002647694649082558,0.11562550070078526,0.14527189653544514,0.8013584686226709
-0.0006957610193014632,4.485839887133448e-05,0.11560476011914857,0.1437611632240316,0.8006732011509254
2.5989230509198932e-05,-0.0007143345881236959,0.11571304843056132,0.14429417348043888,0.8007546713136583
-0.00020156648007663247,0.00037178866419286717,0.11560063419293239,0.14488501646944096,0.801214270484601
-2.279385291694119e-05,0.00036090906091925426,0.11561094682655097,0.1451757100716829,0.8013359383350773
-0.00021954104274791295,-0.00017817909168736562,0.11565056805243915,0.14436184161367144,0.8008861903032832
0.0001547753195878463,-0.0005654492549589734,0.11570606563576645,0.1446439105805299,0.800932081062494
-0.0001626258647018377,-0.0004636151778195551,0.11567992932020059,0.14420176875674923,0.8007633639534826
-0.0003166822873994008,0.0004322849025660267,0.1155890175021689,0.14474577143004563,0.8011665813691786
2.9092750336933715e-05,-0.0004226978090845591,0.11568625777195972,0.14456060326031311,0.8009239630677842
-2.3689072933289393e-06,-0.00043907979587322295,0.11568611821403642,0.1444930604505658,0.800892070899286
0.00023755847435211568,0.0005682628385105292,0.11560510061637295,0.1457991319070583,0.8016410601040392
-0.00018554467854513685,-0.0005058322844289654,0.11568261150787262,0.14412543450530918,0.8007227798966864
0.00039570254084082937,-0.00015252610063693617,0.11568031712657349,0.1454186197329153,0.8013409889261937
8.615067926083475e-05,-0.00011274216177829904,0.11566054630865949,0.14493419904251115,0.8011423861514309
3.811816991129031e-05,0.0006119483539081731,0.11559077819384939,0.14550319552241114,0.8015234449900681
2.2834332426627365e-05,0.00020681869393106067,0.1156276151366921,0.1451142345438513,0.8012802481720394
-8.38271008843762e-05,-0.00036185822809558236,0.11567469146014507,0.14442535262933048,0.800878040198675
-0.00019779665350629444,0.0007201494018404528,0.11556852787182345,0.1452037681319674,0.8014167030067244
0.00030963887393579276,-0.0005273090123320051,0.11571063855754089,0.14493825395613114,0.8010646934442665
-3.2895538244191665e-05,-6.299984296355504e-05,0.11564971847420567,0.14477873351528564,0.8010857316245007
-0.00020276113240262847,-3.307522787973411e-05,0.11563804177580045,0.14452007762140023,0.8009813511148806
-0.00021898612633927791,5.562789828487556e-05,0.11562898713351354,0.14457230919741576,0.8010205797154721
0.0003570889569816523,-0.0003383998976069275,0.11569558364861932,0.14518720132362428,0.8012068630777783
-0.000661362765607024,-0.0003747752233853916,0.11564518372542455,0.14344299027171592,0.80045736118399
0.00043731464778831144,0.001029224660413307,0.11557224022383668,0.14654826756183448,0.8020482838054579
-7.41606158230208e-05,0.0010596459408887021,0.11554335130489418,0.14571615115876208,0.8016998688089239
1.16713824725009e-05,0.0001163307781159046,0.11563542732643639,0.14501435928994977,0.8012203951213717
0.0001697941394399293,-0.000324661675764213,0.1156845533548459,0.1448848480953343,0.8010807792001875
-0.0005829572606566365,-0.00040331772082241986,0.11565200746617761,0.14354924192854818,0.8004971259915616
-2.1480732916751653e-05,0.0002626697050671448,0.11562013016059565,0.14508983637495626,0.8012805609800921
4.332617487187111e-05,-9.059986388671784e-06,0.1156487020439072,0.1449551607468485,0.8011711723086308
0.000399790196967792,-0.000360139071648998,0.11569981925195348,0.14523945699631202,0.801224944407863
0.0003023142390052298,-0.00046002987861571424,0.11570401834396582,0.1449862165945871,0.8010980004892337
0.0001640213638136413,-0.0004169236878293438,0.11569279923389134,0.14479249120027943,0.8010237869479593
5.549395778295134e-05,-0.0004848270149166809,0.11569339183141798,0.14454931042762276,0.8009072534146063
8.294034138922262e-06,0.0003439294698496969,0.11561413585627478,0.14521272792408407,0.8013484445234212
0.00031138613392645443,0.0001711707835382063,0.11564586161593468,0.14556710591079108,0.8014662123300909
-0.00029064062592687955,0.00026815016449798103,0.11560557004689404,0.1446423804159549,0.8010911230268111
0.00019060187738964465,0.0004809793153891596,0.11561081516540922,0.14564195803452168,0.8015574281508927
-0.00010436972633368153,0.0009589625773754225,0.11555116663292342,0.14557503689975443,0.8016205066239138
-0.00010914191685757839,8.835083436830029e-06,0.1156390767402921,0.14471498037428937,0.8010723525593172
0.00012523243905055218,3.9803556777251336e-05,0.1156484336231674,0.14513658512234184,0.8012577678684085
0.0002757525307700663,-0.0002660296986561763,0.11568463888239393,0.14511540163114006,0.801190161033097
-0.00035437228445202784,-0.000270156765418066,0.11565192672433723,0.1440528024222893,0.800737008036548
-0.00010460662757566856,-0.0002914342111355186,0.11566708844199615,0.1444535265206277,0.8009035253834044
-2.162727990271989e-05,-0.0005387525122823145,0.11569431575026239,0.14437141532880648,0.8008211905910088
0.0004526182605086246,-0.00020713622247088226,0.11568833632103033,0.14546529093202226,0.8013503957564541
-0.0005221022659012732,0.0012567251824728938,0.11550192481224718,0.14514005223164078,0.8014923706103677
9.990130640679706e-05,-0.00019253023851089707,0.11566865861840231,0.14488580435783888,0.8011064988295058
0.00024127214294730772,-0.0011518414140978353,0.1157648346731483,0.14426417626643606,0.8006580875394177
-0.00027154441687084565,-0.00018136990190328713,0.11564811846148597,0.1442715773641829,0.8008471523662523
-0.00013119436151938675,7.815222865845553e-05,0.11563150552106014,0.14474004823384318,0.8010963034213451
-0.0002867087974180124,0.0006627829687972741,0.11556923002864812,0.14500286655585037,0.8013201868419793
-4.643952853486122e-06,0.0004136388092110647,0.11560699336641542,0.14525349176776936,0.8013791525040078
-0.00019730745255554035,0.0005055039206436461,0.11558846378178762,0.1450120779944854,0.8012939781859408
-0.0001742994776549887,-9.201063836890783e-05,0.11564498685796003,0.1445150955372153,0.8009679398680074
-0.0005388009093326607,0.000557903841854617,0.11556575275184337,0.14448502251548517,0.8010796420793188
0.0002976156331200516,2.7988963154707276e-05,0.1156584656578279,0.14541562327052382,0.8013742947228367
0.00047501565057862886,0.00043747261804168543,0.11562944152956323,0.1460807596038683,0.8017358970974828
-9.767935904828852e-05,0.0007363947247497854,0.11557220147589246,0.1453866074142171,0.8014976522096018
-5.086016465421125e-05,-0.00020372102408397716,0.11566180233668341,0.1446224401011067,0.8009922373947506
-0.00039284311296841634,0.0010708657471980723,0.11552586986393543,0.1451905624661693,0.8014782682215447
-0.0004916439161753585,-0.00030792932653439845,0.11564810929536032,0.14378820761279337,0.8006171304452333
-0.00014110750937684066,8.619692061812795e-05,0.11563024187840422,0.1447305987216932,0.8010938217692514
0.0001228833901162654,-3.37195600483464e-05,0.11565513285456944,0.1450667405571534,0.8012139492359012
0.000338921199848111,-0.0002011930353158006,0.11568189950402605,0.14527962114842646,0.8012724922445869
8.61752668112141e-05,0.00022571914100983604,0.11562914920250719,0.1452376151980596,0.8013363937043483
-0.00023831158849213618,0.00010756133373299534,0.11562316954137833,0.14458637751019265,0.8010365177140795
-2.52035771638788e-05,-0.0004406803145059467,0.11568506417462127,0.14445325501806133,0.8008748185936713
8.128888796594009e-05,0.00026509656787085866,0.11562523957310851,0.14526470749102371,0.8013554708159071
-6.713719117108226e-05,-0.0004113929253589909,0.11568014840883586,0.14440902371271558,0.800861599359857
0.0002216788382265579,-0.00011691845456928866,0.11566798969921264,0.14515817175027157,0.8012369342042212
0.0003465548061747366,-0.0005057631135998841,0.11571056607237694,0.1450195701920503,0.8011034383954578
-0.00018075527044955075,0.0008024821628815946,0.11556176707121608,0.14530626632802035,0.8014761103879596
0.00012249674267745988,0.00015384346588816555,0.1156377061859946,0.1452342115433261,0.8013211754376228
0.00021070416360961892,0.00046667175862336887,0.11561318073008525,0.1456629030707755,0.801563603815307
0.00021817773536631814,-0.0004897204261170255,0.11570237589108107,0.144818268071101,0.8010208147634519
-4.597482621631268e-05,-0.00030334706066945,0.11567127415970546,0.14454138448543846,0.8009386455121913
-0.0002579585793512992,-0.0004632730669785961,0.11567484708411437,0.144041851014597,0.8006953504190961
-0.00024299546574617288,-0.00025122751758762177,0.11565607577128857,0.14425696749638334,0.8008275500695909
0.0005504918382188427,-0.0004244179026497779,0.11571359922707306,0.14543500816802524,0.801295879145097
-0.00031536992274012554,-0.00011245311206789461,0.11563944144828014,0.14425967008507945,0.8008552857320771
0.00040397275356184254,0.0007040264464617101,0.1156009417032178,0.14620048804256813,0.8018379310104198
0.000431839493832084,-0.00027696436526428853,0.11569375318495627,0.14536781680641447,0.801295522708406
0.000252736672155118,0.00011165874184539624,0.11564836846571201,0.14541522288726644,0.8013901529676871
-0.0003143739331672189,-7.565198042177732e-05,0.11563609647174271,0.14429432337469883,0.800877088115585
-0.0003750911658077982,-0.00032667099968309747,0.11565603661527521,0.14396734295555508,0.8006898003429961
2.5045632148795795e-05,-0.00022549298943498023,0.11566779681302565,0.14473048582678477,0.8010340629976752
0.000358851720539167,0.0007388119544368548,0.1155953971880418,0.14615589065673695,0.8018256092108275
7.501512882880887e-05,-2.2067130600636033e-05,0.11565155966582519,0.14499675143309015,0.8011863862172499
0.0003157565077530998,-0.0003842073737874374,0.11569768575423924,0.14507672553424827,0.801151056711811
-0.00011369110721044158,0.0005325007339183483,0.11559030518343166,0.1451768218787554,0.8013692836138863
0.00031033279136977507,-0.0004956403234502713,0.1157077386122373,0.1449677875249638,0.8010833330691406
-0.00018945421296063755,-0.00018291276693779176,0.11565259110197608,0.14440816688329566,0.8009050047416661
-0.00022115058289206543,-0.0003594776230748438,0.11566722236343854,0.14419669780078515,0.8007811549043855
0.0006075144069619504,8.27541557733602e-05,0.11566930163230817,0.14598528267325817,0.8016272975918929
0.0001354743863231708,5.8291180055544315e-05,0.11564724990690027,0.1451703652326623,0.8012756901931406
-0.00021105100875735283,-0.00057312907471543,0.1156874653666099,0.1440222895577059,0.8006659776390311
0.00027360886089369043,0.001160539115040279,0.11555167797693496,0.1463910824863966,0.8020065240903214
0.00033498615120530816,-0.00025554611504318564,0.11568674320884999,0.14522430670798187,0.8012385316969828
4.6280439154965184e-05,0.00014400329031327312,0.11563466164854798,0.1450973222385869,0.8012610147804291
-0.00034301282870627565,-0.0008793656475417381,0.1157086212188685,0.14352626042879935,0.8003961455459369
0.0001966408076345191,-0.00031565398140226056,0.1156851200968382,0.14493802497260927,0.8011051429037797
-6.136008400928038e-05,0.00016389942187463525,0.11562721165960382,0.14493427263743014,0.8011954139537139
-0.000216030578577297,0.00012054407371868622,0.1156231376101667,0.1446354637976856,0.8010599015031329
2.780780194147229e-05,-0.00024440888500152947,0.11566969267934696,0.14471817810521287,0.8010251997049648
0.00011256271150592155,-6.592916365070262e-05,0.11565758293873626,0.14502053194233894,0.8011881072025101
-0.000383248172058247,0.0008147117620532462,0.11555012257139875,0.1449768682482025,0.8013382241554392
0.0001754070943919343,0.00022471439015421283,0.1156338631224349,0.1453866478418599,0.8013996463675732
7.289383594439908e-05,-0.0008100317695390724,0.1157243649117046,0.14428729150267822,0.8007334087724077
0.00035522405020151315,0.0003796044109022418,0.11562870978347091,0.14582763113484487,0.8016170511365479
0.00047917850881379006,0.00015075816241537476,0.11565638909044935,0.1458306801171262,0.8015745088506655
-8.292385725379953e-05,1.046368246191387e-05,0.11564029851477495,0.14476050121637668,0.8010920433688739
8.705576301705991e-05,-0.0002710085398712886,0.11567525751201799,0.14479390065117326,0.801052340063104
-0.00013191841402051212,-0.00041112748300549574,0.11567670660082567,0.14430039443006992,0.8008154053055417
-0.00010409734568045375,-0.0004999655278969524,0.11568637946042265,0.14426756912636018,0.8007844123621995
-0.0002740053528119279,1.1426809370790931e-05,0.11563018083913648,0.14444021742533902,0.8009558788801856
0.0002068634005941847,0.0004013788083034571,0.11561905912006042,0.14559789940157025,0.8015234226757373
0.00015335161376735473,0.0009497082318013284,0.1155652418203516,0.14599982861796446,0.8017995731469881
0.00011110993265354822,0.00010946788916377592,0.11564123475374369,0.14517529955806951,0.8012875947672172
-0.00045857975574283564,0.00021658311980699154,0.11560150507564255,0.1443138498542093,0.8009413845287878
-0.00013421473670386446,0.0007311835530375452,0.11557079652509135,0.14532052951495106,0.8014685236755292
-0.00012270605887980114,-0.0010297307555024596,0.1157342362037309,0.14376190757717494,0.8004676580405274
0.00046569726406444587,0.0006962646061555903,0.11560480498317512,0.1462972155639244,0.8018776222378435
-0.0003451615926578925,-0.00011134600279507689,0.11563776494212646,0.14421058591609015,0.8008346020497371
-0.00032338413762611105,-0.00028015258988372654,0.11565449122219916,0.14409593394879971,0.8007534547821848
3.607401150856099e-05,-0.0007160322803074924,0.11571373795217943,0.1443095988610692,0.8007609128714053
0.00016038677125773218,-0.0005359018623164509,0.1157036253177941,0.14467980478467407,0.80095302211436
5.8646514374459136e-06,-0.00020183403258104888,0.11566460184871101,0.14471945389456736,0.801033898927163
0.00032868777555264883,-0.0003015501926033678,0.11569068730093168,0.1451725056309111,0.801207666259787
-0.00011022527874645547,-0.00015886339794790588,0.11565453596996858,0.14456287120191968,0.800975471550806
0.0006705666473522039,-0.000649849348954766,0.11574077114644594,0.14543474371026804,0.8012525804611488
-3.6566638515831525e-05,0.0005744548899676221,0.11559040546217883,0.14534406191051236,0.801448517075776
0.0002629865022429685,0.0007519431123025057,0.11558928268238759,0.14600661065298515,0.8017645743097154
-0.00016043000346303445,-0.0006275505239444756,0.11569516988558748,0.14405862344936288,0.800671019886585
-0.0003550477550710398,0.00020834493277235722,0.11560771853019967,0.1444805037031462,0.8010107530535947
8.259738934825787e-05,-0.0002846603968858343,0.11567628854039862,0.1447741773633024,0.8010413283034074
0.0007866839786378453,-0.00044110730382067976,0.11572732349827328,0.14581673248071864,0.8014551869706256
-0.00016178600234289836,0.0005136716598714497,0.11558955413065404,0.1450791044557423,0.8013240769274945
0.00014271342813931958,-0.0006414801968148844,0.11571246650714406,0.14455554667025794,0.800879898076497
0.00012793505080650028,0.00020447995726052378,0.11563328589608861,0.14528874323972524,0.8013540907707504
0.000322193810734497,-0.00055919995096696,0.11571425042642829,0.1449307796787414,0.80105540217148
-0.00026063688714277565,0.0005111209482728735,0.11558464380711518,0.14491067147357994,0.8012518841636027
3.2580881627680775e-05,-0.00018617290211202638,0.11566455053419503,0.1447783810066282,0.8010619851854738
0.0003578389036897174,0.0007514261764880623,0.1155941681618536,0.14616550495934516,0.8018321186627352
0.00016808353916961254,-0.00027112853788004035,0.11567950251344815,0.14492993844673657,0.8011102301424822
-0.00011947849837023055,0.000328800569089794,0.1156088977657732,0.1449844366313276,0.801248359679616
1.8133880132186435e-05,0.000713373698555225,0.1155803162235477,0.1455605870156152,0.8015673074414497
-0.00022599456421929436,-0.0006590205326168974,0.11569458806031986,0.14392024850566743,0.8006060831272839
-0.0003671274103190952,-0.0009129545908156962,0.11571041550927672,0.14345565481323236,0.8003596531491551
-8.326445833976627e-05,-0.0007245617715715934,0.11570821014834695,0.14410142390141217,0.8006706560682014
-0.00012514495969201555,0.0006768663546175334,0.11557631014132456,0.14528705111493928,0.8014438658895349
0.00010519924378000857,-0.0008765536260471379,0.1157322158642831,0.1442820080104904,0.8007184158700593
-0.00038267571408188907,-1.7104290760322099e-06,0.11562566375912157,0.14424578037990204,0.8008705877764232
0.0001605426165543883,0.0011097235985985507,0.11555068122623367,0.14615550077910228,0.801896499105352
-0.0004631599005048912,0.00010135240005869516,0.11561189932598057,0.1442028580890195,0.8008720590332252
-0.00023039705296323213,-7.913818811404332e-06,0.11563426269556643,0.14449617947288368,0.8009759975540309
0.00014610798413916144,1.8798002571491548e-05,0.11565146762076611,0.1451528336256781,0.801260661016107
-8.84637396870335e-05,0.0001157663245474048,0.11563025679161074,0.14484557678196924,0.8011484340689722
0.00010742568967195376,-0.00021528645214540857,0.11567116027939048,0.14487805622868666,0.801098840921763
0.00011869846162160857,-0.00024325043319534714,0.11567434029724462,0.14487194042402907,0.8010908802592981
-0.00026201343063455033,-0.00022493714061334945,0.11565264395082094,0.1442485590483692,0.8008290069540627
-8.183274769231548e-05,-0.00012473372859077406,0.1156528692001896,0.14464117046065939,0.8010153428194098
6.904403860801725e-05,0.00024701638449037505,0.11562628351278662,0.14522792226253117,0.8013363472267143
-0.00019543251861315144,1.9285623256785323e-07,0.1156353506447032,0.14456221091637222,0.8010056610053967
0.00029875750606074103,0.0007254437002445885,0.1155935805888689,0.1460429381768092,0.801774962895666
0.00031737494322823433,-7.140844732079829e-05,0.11566872567607508,0.14535973164692662,0.8013314592786855
0.00031806945709141705,0.0002770061485229888,0.11563635667273406,0.1456732183362352,0.8015316607505623
0.00017213811368984387,-0.00023831892365630786,0.11567667249775015,0.14496614894954357,0.8011319307934859
-9.456695724356932e-05,-9.175543076449098e-05,0.11564914988001523,0.14464932356533383,0.8010251313842017
1.5006017895233789e-05,0.00043514353712831755,0.11560601421622663,0.1453057962294262,0.8014055388766003
8.887078538480122e-05,0.0003278927995373181,0.11561979982752886,0.14533374967377005,0.8013968929048795
-0.0005417150752371087,0.0009607321443148787,0.11552833598879346,0.14484146295991251,0.8013085536078562
0.0003715037891481624,0.00024503955437543077,0.1156420795729269,0.14573432635042582,0.8015515513622371
-0.0003126194106141998,0.00016462321636620113,0.11561399039408593,0.14451262842917062,0.8010160531615732
5.605671835950293e-05,-0.0003239740364973424,0.11567853826235637,0.14469435733846858,0.8009998165270519
0.00012713606211188253,-0.00022117123581420956,0.11567273488533751,0.14490590147590027,0.801109567654229
0.0003507451124463569,0.00030052546680914744,0.11563584612425487,0.14574920045470097,0.801568512947963
-1.004868177036946e-05,-0.00011281802735702056,0.11565552703863302,0.14477248067995802,0.8010735259972956
-0.00035381026101895686,-0.0009610005246911223,0.11571554514694783,0.1434350248234063,0.8003416664909729
-2.4241742023982522e-05,0.00016402015059124959,0.11562913508412963,0.14499675841948234,0.8012220380958912
-3.677121439490803e-05,0.00037152012617996174,0.11560923653157129,0.14516173541723404,0.801332021913161
-0.00032273010478058766,0.0005677175372360013,0.11557616137250179,0.14485705587746855,0.801239901562037
-8.85105456156472e-05,0.0001336526917283128,0.11562859742740951,0.14486153129615126,0.801158652621298
0.00042019777335680825,0.00041984869190081356,0.1156282854501519,0.14597286982125263,0.8016865907759081
0.00018091350261399312,-0.00038946273557079354,0.11569113887562298,0.14484547403452003,0.8010516031517724
0.0004532769526643966,0.00016386995554089467,0.11565383862253392,0.14579892515461051,0.801563502185868
-5.279672740949837e-05,0.0002880791895679461,0.11561614469528476,0.1450599905302778,0.8012727229312829
0.00011155741339188666,3.362642009255567e-05,0.1156482959847354,0.14510807071746223,0.8012444455540673
1.026533598104814e-05,-7.154070257498122e-06,0.11564680065214938,0.14490131374208698,0.801148614052989
-0.00010881822871750723,-0.00036505985804863425,0.11567367023620413,0.14438048589057928,0.8008583265025362
0.00043695749203297103,0.00022512355121801232,0.11564729449211,0.1458264256405069,0.8015869439074309
0.0001955512559707043,-0.00028370594284258773,0.11568210147904102,0.14496481909990977,0.8011226698278547
0.0001344936661536457,0.00029265194250486793,0.11562543425098415,0.1453788129702817,0.8014093258171175
1.4587757517192783e-05,3.863912494955835e-06,0.11564600516429613,0.14491845227559808,0.8011580208753601
8.147115670998132e-05,0.0007649038876898356,0.115578778801259,0.1457132450420111,0.8016421676421761
0.0003041010573215489,-0.0002103312742812618,0.11568094177069142,0.14521293586221568,0.8012423528262194
-0.00045719207975269916,0.0005255172225528714,0.115573031445425,0.1445931771207583,0.8011194805750989
-0.0004670189386858307,-0.0002942900335168513,0.11564816509749165,0.14384182369065668,0.8006425684016919
-3.273864313928262e-05,0.0009920380730364566,0.11555177086090557,0.1457250985012562,0.8016907261107377
0.00011495706081189825,-0.0002786352373704231,0.11567742316439363,0.14483394879547384,0.8010679280283769
0.0004906273788328266,3.603481739150248e-05,0.11566766428908162,0.14574707262745062,0.8015169383973082
4.37959900444758e-05,-5.4336069142860636e-05,0.11565292306577361,0.14491537194040066,0.8011455601146388
-8.165302038086075e-05,-0.000232927689033871,0.11566288675797833,0.14454452226073494,0.8009534716052235
0.00012578150139809125,0.0007258412715522957,0.11558469049086441,0.14575266092731526,0.8016514642398952
0.0003607762338512176,-1.571869412778745e-05,0.11566579254163276,0.14548255603090354,0.8013944157592789
-0.00036704793574567703,-0.0003951608894116861,0.11566277515251078,0.14391950525224,0.8006563145389548
-0.00039479305548239374,0.0001235081332740491,0.11561346346143352,0.1443376446767899,0.800933683838554
-0.0002527570951634632,-0.0003361594168189775,0.11566339816878592,0.14416446629636814,0.8007719006210301
3.5192688871130973e-05,0.0001988713785942061,0.11562899473976461,0.14512787700623758,0.8012845334723734
-0.0001432531418485384,0.00012052395132207575,0.11562695173315693,0.1447577622087871,0.8011119616802393
-9.252400378435217e-06,-4.302826505843755e-06,0.11564551745375876,0.14487107101887547,0.801136285545742
0.0003922411547999419,-0.0006935045236060526,0.11573035866911248,0.14492816033822437,0.8010285582386555
-0.00019556178588217172,-0.0010467824994369612,0.11573191246424021,0.14362420446942742,0.8004057694102515
0.0003478779642597592,0.00032282067274295236,0.11563362248345344,0.14576437408326443,0.8015792436722005
0.000501349090570988,7.836253737717888e-05,0.11566427190450615,0.14580302372875942,0.8015488662710001
-0.0001706716880962447,-0.0008340403261663673,0.11571365721507527,0.14385649942048867,0.8005454156124794
-0.00015520158115727754,-8.416327954414564e-05,0.11564526491468133,0.14455422500313536,0.8009861011184932
-1.1329629363999067e-05,0.0005920770577954127,0.11559007286735007,0.14540227785889698,0.8014766762600702
2.667779661790991e-05,-0.0003180060630519676,0.11567644533161203,0.1446503375450005,0.8009822200155927
-5.4901665049392266e-06,-0.0002627852688739845,0.11566964786794265,0.14464575900063908,0.8009908495656219
0.00046203187383450856,-0.0002834560647243773,0.11569591887045422,0.14541271682046608,0.8013133936106174
0.0006041512016390878,-0.00022304614890859462,0.11569762860150218,0.1457055605591287,0.8014496337982631
2.6317261011269354e-06,-0.0002950312727176388,0.11567305775313332,0.14463051527318566,0.8009781827162464
-0.0003282491396221325,-0.00016736912388713097,0.11564382914690846,0.14418881172110287,0.8008146000916789
0.0003658873525373245,-0.00015868954367275127,0.11567934752131963,0.14536301024976417,0.8013161345062203
6.132648259550073e-05,-0.00044030923806049797,0.11568958032151741,0.14459898978478913,0.8009369308759736
6.217250096275532e-06,-0.00019449346693463894,0.11566394076527091,0.14472662403245734,0.8010383575872018
0.0002935258201200362,-7.854415572624298e-05,0.11566815374866067,0.14531326998071042,0.8013103129462043
-4.085697379240417e-05,8.909427864598153e-05,0.11563521360612208,0.144901673367759,0.8011672055313537
3.6414335076635235e-05,0.00017381327866077852,0.11563138314624052,0.14510746614622388,0.801271043900222
0.00036486840418563176,0.00021581684213758308,0.11564445957579113,0.14569698001036385,0.8015300543164435
2.9099832087604182e-05,0.00013715157075383353,0.11563440362923803,0.14506231010025672,0.8012447970656007
-0.00033376729676220694,-0.0002758661944578182,0.11565354563255852,0.1440823216729492,0.8007484810070001
0.0003281855872837721,-8.394542849866661e-05,0.11567045021516642,0.14536665739954296,0.8013320059415575
-5.8604070949274074e-05,0.0008151950023303068,0.11556689360257001,0.14552296646600016,0.8015707978786926
0.00020939884743037432,0.00039089781894155093,0.11562016483651502,0.14559276113202502,0.8015192273948697
0.00011831383814524947,0.00029133680137289947,0.1156247195237208,0.1453504471940671,0.8013969981927139
2.2746488972166958e-05,-0.00041690957008772147,0.11568538887668917,0.1445551245919084,0.8009227395850869
0.00011748862600952446,0.0005742922787849123,0.11559836992108219,0.145602794247848,0.8015586316616864
5.619657773347169e-05,0.0010345938310159703,0.11555236373648595,0.14591274026321488,0.8017787601052244
0.00017817640546137066,-0.00031334643931098976,0.11568394243821,0.14490906960324507,0.8010932582824841
-9.642276004407983e-05,-0.0002019567928817375,0.11565924647570784,0.14454745226128723,0.80096065206662
0.0002165832834604294,-0.0004875700387111454,0.11570209327520607,0.14481751553730754,0.8010209063515912
-0.00014295550226513408,0.00035174377661972644,0.1156055479237973,0.1449655512628899,0.8012447151819365
-1.143153118090713e-05,-0.0009171294178706551,0.11572978280021598,0.14404970520346788,0.8006117483888575
0.00028627758639905457,-0.000411990608224322,0.11569872731883553,0.1450023110251532,0.8011140550240325
-0.00045706957384125777,9.337237085925003e-05,0.11561295760657506,0.14420594367693657,0.8008718438671023
8.028232833108561e-05,-0.00032596505343132463,0.11567999197450186,0.1447332799986658,0.8010160049913247
-9.976604874948457e-05,-0.0005654290479845893,0.11569265198438108,0.14421621158434617,0.8007500078811209
-0.0003817773978367442,3.3774886774393925e-05,0.11562243554302001,0.1442790942513174,0.8008915678801047
0.00016401429085218812,0.0012481794925313424,0.11553793138183555,0.14628559845358247,0.8019784075032872
-0.000274342389573494,0.0006832568715608362,0.11556797528769339,0.1450420168705137,0.8013407758461968
8.008540505276455e-05,0.0010106729928780961,0.11555581470904402,0.1459314187088253,0.801782129227595
-0.0002032011776901731,-0.0002435819193592905,0.11565747084503973,0.14433070100253637,0.8008604040608024
0.00024153700088202907,-0.0007934591802983568,0.11573172070836406,0.1445854761634759,0.8008635247051263
0.0003824005817295971,0.0002206649787176932,0.1156449092312187,0.14573077932003703,0.8015453718861048
-0.0003494783533618446,-0.0002950563811101723,0.11565448205081436,0.14403871986537192,0.8007262428666975
-0.0002004540758272019,0.00037826408736912095,0.11560009231192267,0.14489269225580415,0.8012187786696979
-0.0006348768921199486,-2.197832881848112e-05,0.11561415533976699,0.14380363065781432,0.8006784761216884
-2.6419514216472715e-05,-4.7218964532385054e-05,0.11564859576645897,0.14480375925009453,0.8010994085636676
-0.00015598083460277768,0.00025007418101946236,0.11561428920540079,0.14485250639305242,0.801177113569396
-7.408872953100033e-05,0.00014747288699653004,0.11562806986986858,0.14489815650407134,0.801176891997965
0.00024904917374845214,0.0002932335738314559,0.11563129349617328,0.14557180938528363,0.8014915983369553
0.000283607067185405,-0.0003106653487859818,0.11568918922020363,0.14508860401086182,0.8011702020450865
0.00011389228152615336,0.0007008549654375229,0.11558640641028349,0.14571027004992215,0.8016286312406851
-0.00011802238891499869,-0.00036635226022019274,0.11567330429083768,0.1443638599275745,0.8008510010261709
-0.00029756612363228494,-0.0005353766285533025,0.11567938880636379,0.14391069428405862,0.8006257023419369
3.522164474613132e-05,0.0004959063119994303,0.11560141503228374,0.14539425645569465,0.8014548379293719
-0.0004467420762040313,-0.0004755016392665484,0.11566592735818812,0.14371357446420868,0.8005532561628518
0.000348213768055428,0.0003487973000816767,0.11563122017681221,0.14578823006592928,0.8015943758411946
-0.0003094529514318874,-0.0002844866197061767,0.11565562906335501,0.1441154670750242,0.8007609400153923
-0.0005800706546700027,-0.000804516879588546,0.115689007383998,0.14319478244873735,0.8002693698820446
0.0003596716057656019,-0.0006797011301220276,0.11572737773412958,0.1448858106628877,0.8010131737566338
0.000309653702084642,0.0007991129089021102,0.11558726293149442,0.14612733192605404,0.8018250032929162
9.598207800000362e-05,-0.00053162441367086,0.11569984843122422,0.1445754230304297,0.8009094048719787
-0.00019084602123213947,-9.561154997485006e-05,0.11564444959748796,0.1444840591503101,0.8009540374426656
-0.00034737834775030237,-0.00021671581677023538,0.1156473691113017,0.14411244098469095,0.8007726346816282
-0.00020298652201672314,0.00024515962534735783,0.11561228767048323,0.14476909786490755,0.8011406639831051
-7.89829418321442e-05,0.0009170707838199381,0.11555636973883136,0.14558011635390733,0.8016146437661245
0.00013020742992889397,-0.0002999778233168046,0.11568019763421812,0.14484045044137228,0.801066607246011
-6.510662929446485e-06,-3.4724271300397143e-06,0.11564558369208587,0.1448764226071111,0.801138722867136
-0.00019584181910552826,0.000514357777038463,0.11558771919180362,0.1450224813098493,0.8013001031543281
-7.74551011119096e-05,-7.0160729992904e-05,0.1156480484418266,0.14469743350529385,0.801049749330267
0.00042542009809949937,0.0004354093219418712,0.11562710129591454,0.1459955966468514,0.8016992468462006
-0.00014900633315321015,-0.0004123732919438124,0.11567591908876945,0.14427056058324805,0.8008024659863233
-8.422793023581454e-06,0.0003402059615054057,0.11561361413423782,0.1451812973715801,0.8013343508106674
0.0002788826472706346,-0.0006191618451405381,0.11571754320269644,0.14480431144668165,0.8009900760393225
8.348724159714252e-05,-0.00028511339049752405,0.11567637706319894,0.14477526669951518,0.8010417052676847
-0.00017581424887257472,-0.00031956742211206724,0.11566593369952069,0.14430864923988068,0.800836459727514
-0.00011694630909436333,6.533251282175382e-06,0.11563888099737667,0.14469980133735222,0.801065449680898
0.00021312971263831503,-0.0003489470133652631,0.11568906680081285,0.14493589955936798,0.8010978601121131
0.00032681592872727845,-0.00045766570173154093,0.11570507624825718,0.14502949618139233,0.8011168780824237
0.00032786582785107306,0.0016035614282784716,0.11551295338085776,0.14687995196146586,0.8022995123900346
-0.0003202100442733506,-0.000184577452584889,0.11564584228213387,0.1441869046814152,0.800810491625267
-0.0001569031593003211,8.423954056506789e-05,0.1156295959007825,0.14470229733579076,0.8010813985223691
0.00018612633783400174,-0.0001492591189727373,0.11566914189689732,0.14506945664052306,0.8011929714929695
0.00019176419619192114,0.0002809383702245615,0.1156294822639294,0.14546453840227086,0.8014435762745304
-0.0001476532685494397,-0.000481040941400557,0.11568232969587657,0.14421132234526407,0.8007640927720877
0.00015014356333214616,6.782656045211152e-05,0.11564712633536697,0.14520355994673256,0.8012916483179805
-0.0001779255131300972,0.0003337349275464173,0.11560539335307259,0.14489063081014758,0.8012093705949526
5.930706208240609e-05,-0.0012794570405928382,0.11576694357642606,0.14384423408863262,0.8004548652279123
9.390006534869744e-06,-0.0006790161712442849,0.11570890966738978,0.144297910522397,0.8007630282015058
-0.0002322404031128532,-0.0005180392314098616,0.11568126140560893,0.14403601997437143,0.8006823764666825
-0.00029316409907879367,0.00021241396677024147,0.1156105932107374,0.14458817172538319,0.8010573682462452
-0.0002818448298001644,0.0008768094259807616,0.11554963142596167,0.145203032634449,0.8014464013946958
0.00022452034529428326,-0.00012696476896955096,0.11566906977362698,0.14515394265899245,0.8012332092434893
-0.0001081233270617044,-0.0005014409403996093,0.1156863029295701,0.1442594817286021,0.8007806868052032
0.00046908961499246717,0.0004503110580235917,0.11562794120526342,0.14608231808282973,0.801739020033606
-0.00039493118352156,-0.0007171334947772609,0.11569092433191848,0.1435842570179795,0.8004519144083992
0.0002552527143879549,0.0003300290035025624,0.11562818948902671,0.14561522325274973,0.8015171291206156
-0.00037792819267582845,0.0011907225518446461,0.11551551637019344,0.14532319539082067,0.8015576928646875
-6.0995004086857895e-05,0.00035571295593543514,0.11560944492801854,0.14510685324612937,0.8013056296621117
-7.133076754648242e-05,-0.00012438811380104272,0.11565338800007421,0.1446591290411457,0.8010230542315604
0.00033759726798278665,-0.00017722638725438684,0.1156796046057404,0.1452988736156266,0.8012852795833811
0.0001256566903215264,7.780501586840864e-05,0.11564492890164647,0.14517136024678146,0.8012798520663782
-6.109373836825957e-05,-2.0088233923464574e-05,0.11564426963429096,0.14476980499518538,0.8010901512515624
-0.00016668576908487857,-0.0001344343235429212,0.11564930925881721,0.1444898741024369,0.8009490756308398
-3.565105070888025e-05,0.00020786618775255308,0.11562447553391683,0.14501689137761348,0.8012390085832705
0.00017487224269033751,0.0006860908904547548,0.11559091075024763,0.14579949069700887,0.8016637852693544
-0.00010258347992879417,-0.00024655812453897204,0.11566304658763031,0.14449713474356296,0.8009306869252961
-8.665844068367511e-05,0.0008013601848485823,0.11556673319634485,0.14546340706341987,0.8015427923144325
0.0002763373924084962,-9.890375823247291e-05,0.11566915407056234,0.14526614663296877,0.8012863516142036
8.30235304181808e-05,-0.0005482559460162773,0.11570070559054785,0.14453875210172573,0.8008906074610551
-0.00027482022432185216,0.0006197150670085796,0.1155738411016757,0.14498422186792953,0.8013039989987584
4.8300974453178415e-05,0.0003270433328170041,0.11561777774957249,0.14526481598999286,0.8013673842016861
-9.469103757794295e-05,-0.0002401311469589082,0.11566286745763381,0.14451615700576342,0.8009400161726828
-0.0003013712139433051,-0.0005402332855629561,0.11567963385180217,0.14389994862677524,0.800620197381129
0.00010371287775294421,-0.00035644749537825656,0.11568404151104686,0.14474533973660464,0.801015299431113
0.0004370375869622209,-0.0005105759531884266,0.11571572202004371,0.14516725571301792,0.8011653880519725
6.974868730301589e-05,-0.0001406687388131807,0.11566227827810888,0.14488161230327568,0.8011146493702894
-0.00022088580834121708,-0.0003468527313194062,0.11566607121075327,0.14420845327530463,0.8007885779251643
-0.00037801681112920184,-0.0006003409946970208,0.11568108412489377,0.14371728288112312,0.8005309192990675
-0.0002845966485392281,0.0009071276801543794,0.11554667499899668,0.14522560760563286,0.8014618199496392
9.296678124763315e-05,-0.00030922296736935416,0.11567910592169436,0.14476959353359065,0.8010346714339185
0.00030237960519625403,0.0003448304810111545,0.1156292358602844,0.14570767143856644,0.801559321053649
-5.825550616022066e-05,-5.1044528570478654e-05,0.11564728437395524,0.14474683078334732,0.8010744405046789
-0.00017662692756051482,0.0004959564230317518,0.11559042517304004,0.14503827455720691,0.8013033013825336
0.00023449680917472546,-0.00040219045133948296,0.11569511754801798,0.1449240972717279,0.8010826358316838
-6.58920459073762e-05,1.8025520037997837e-06,0.11564199157796343,0.14478136107034167,0.801099264460938
0.00028328203368889417,0.00022690374243971155,0.11563922826277429,0.14556985469224293,0.8014780593343299
-4.9650438425694845e-05,-0.00020801239992230045,0.11566226285419658,0.14462062772631534,0.8009906437404642
5.380196951775382e-05,-0.00022241544620354688,0.11566901726551324,0.1447815643474909,0.8010563973591739
-0.00035697775011867374,0.00020565931295573142,0.115607865250977,0.14447485195596155,0.8010078325443983
0.00011639533065855724,0.0010824691121704832,0.11555097464680479,0.1460568601571967,0.8018492853374515
6.498248130493652e-05,-0.00019859669653283875,0.11566739599607535,0.14482169427140668,0.8010780441711226
-9.346441441817721e-05,-0.0005475201867656263,0.11569133200844287,0.14424284232857548,0.8007647757533125
-2.932294580337575e-05,-5.7191251049062e-05,0.1156493674619367,0.14478994283649682,0.801091616336111
0.00013022054035795555,-0.00010265716740697388,0.11566190868706666,0.14501728621015475,0.8011796894358543
9.952146121689566e-05,-0.0008072749277016828,0.11572551681286099,0.1443345009323848,0.8007540345742525
7.463689056702845e-06,-0.0006658567131549313,0.11570759253715693,0.14430645891411042,0.8007691883325632
-0.00024032714346453916,0.0004812546922264054,0.11558847014777233,0.1449180256820603,0.8012492934412782
-0.00042113944635106283,-0.00023327818653096435,0.11564498398115987,0.14397361250116247,0.800710360714016
-0.0003519189401859162,0.0010138190968297465,0.11553328461038367,0.14520816887380839,0.8014748350222997
0.00025806784710154956,0.0005879278638244187,0.11560431993702981,0.14585122774939002,0.8016670052312095
-0.00039377656909061044,-0.0006522919062258557,0.1156850222861059,0.14364426535332608,0.8004898825012876
-9.696923695915595e-05,0.0003625120184468753,0.11560694378352679,0.14505249222190975,0.8012837899660328
9.174140559894598e-05,0.0001276074761681355,0.11563854540339788,0.14515901495898348,0.801284137217224
-0.00019192107569026407,2.2616075645161208e-05,0.1156334612150218,0.14458820974782666,0.8010210246836386
6.786346686785148e-05,-0.0007233236684112057,0.11571608982745887,0.14435648491022018,0.8007794760576565
5.2058484022489476e-05,-0.0004576671217974368,0.11569069915521693,0.1445678672540478,0.8009203563428008
0.00029782387203523077,-0.0005035217543640993,0.11570781661231,0.14493971295085578,0.8010698715033597
0.0002096988133151894,0.0005280886848424271,0.11560741182899442,0.14571629265962022,0.8015980981557256
0.0003274004156443201,0.00011527058104138688,0.11565188743028931,0.14554389843175913,0.8014456237519063
-0.0004190633534342454,9.317721026557178e-05,0.11561498335734136,0.1442696591009825,0.8008989309687535
6.74969246066815e-05,0.0006934310529897678,0.11558471243614415,0.1456256497081571,0.8015911850498095
0.00026394367450996366,-0.0002196360808842191,0.115679719475884,0.1451371329910413,0.8012083000232625
6.368239890803266e-05,-0.0006243617371849055,0.11570672419317432,0.14443808786632234,0.8008331737269431
4.170218980638205e-05,-2.0422677751334534e-06,0.11564796683666416,0.14495872160249484,0.8011740326019566
6.22865770387e-05,-0.0006541570764954235,0.11570940444559485,0.14440905731693443,0.8008151071232489
8.327306593794269e-05,0.00015608990156530645,0.11563546222144257,0.14517031774366335,0.8012944053637155
0.00018513209681049635,-8.065575121011734e-05,0.1156627250393901,0.14512926622963002,0.8012315756243447
-0.0001056835593419927,-0.0005612662931455438,0.11569195471504443,0.1442099955494215,0.8007481590964266
0.00024313299095389128,-0.0002878875131497102,0.11568496909774932,0.1450410145647829,0.8011543061659709
0.0004118736171721112,-1.6408053594434496e-06,0.115667119030471,0.14558101206772422,0.8014390266944711
0.0005156820270674944,-4.669236016578275e-05,0.1156766563893959,0.14571500869295761,0.8014874402430324
-8.320616160264484e-05,-0.0004659698933086655,0.11568434320883224,0.14433312921794256,0.8008188347236925
-0.0003403695287525712,0.0008724633315373186,0.11554699791020795,0.14510075706080255,0.8014020287611726
-0.00021076227312717132,0.0005016333627302931,0.11558812210014993,0.14498599267936596,0.801282131840185
0.00016537096063359787,0.0010293007031311574,0.1155584314610612,0.1460914433346251,0.8018538223290907
-7.579648780986018e-05,-0.0004123083833829266,0.1156797766007327,0.14439365170303425,0.8008548799193325
0.00019675493217357392,0.000808012484377213,0.11558067033579603,0.14594562935027583,0.8017493550311816
-0.0002250910103404413,0.00018259120942689517,0.11561692178622024,0.14467585495872903,0.8010889829727421
0.00010061837550155249,-5.516527638409671e-05,0.11565596260449182,0.14501010891505584,0.8011857320309421
-0.00016462175172497791,-8.437343785220369e-05,0.11564478938904982,0.14453820468643414,0.8009792408000854
0.00024870308130016416,4.834065048498215e-05,0.11565404418253747,0.14535168941942456,0.8013509760375236
-0.00011701813092598474,0.0005729870890142079,0.11558637509672692,0.14520753974028122,0.8013901166157249
-8.024246692249322e-06,-0.00026452541021375884,0.11566967594322311,0.14463994152546072,0.8009880396299978
-0.0003077676419186487,-0.00017962019750921332,0.11564604281536361,0.14421226050409108,0.8008222355960886
7.84008108553356e-05,0.0004293831069162158,0.11560982840799543,0.14540715955262323,0.8014475870373502
-0.0002635245436889861,-0.0006592369588737739,0.11569261070463786,0.14385697746668513,0.8005791063581065
0.00038661307744003497,0.00041412891483943006,0.1156271004873901,0.14591132159370668,0.8016592931483119
-0.00024158817823781374,-0.0007290003224935292,0.11570020456901693,0.14383137113509653,0.8005548407790442
0.00019613569851843296,0.0004454074851114589,0.11561441013486659,0.14561935642358254,0.8015409918228534
4.634084359097131e-05,0.00031432770149331194,0.1156188568591634,0.14525012130551135,0.8013586925377537
4.508017574521194e-05,0.00043876817400377355,0.11560723374433671,0.1453595839475484,0.801429131386058
-1.0098115515179908e-05,-0.00023475003846062958,0.11566681183801529,0.1446631356188705,0.8010036177529005
-0.00040731576995193847,-0.0006014099951061742,0.11567961781652866,0.14366707606690843,0.8005093408127334
-5.740561940562891e-06,-0.0004960129807615949,0.11569120365418824,0.14443639473591607,0.8008570408235732
-0.00019067194931075222,-0.00023783425434631585,0.11565760086711507,0.14435690862007539,0.8008726620713579
-6.273387948301235e-05,-0.00035682242373722415,0.1156753367905526,0.14446531137680135,0.8008960158731885
0.00032919743869135206,0.0003223255301449177,0.11563270926455636,0.14573254707468597,0.8015655996437852
0.00010222512403526083,0.00019460948110706794,0.11563286990230391,0.14523669441873882,0.8013300420115952
0.00032310445094464545,0.0007554596193592209,0.11559202209103522,0.14611076863589495,0.8018095893846772
0.0005321258750816275,-0.0008934531030210565,0.11575620129799358,0.1449840752605262,0.801014057626295
5.832815649831024e-05,9.602958670535434e-05,0.11563973853472333,0.14507456331178104,0.8012421356431667
1.956965832106623e-05,-0.0005860748846976807,0.1157008607846447,0.14439825587197852,0.8008235513724413
0.0005299842220710796,-0.0007862681131178792,0.11574614610498848,0.14507645679286701,0.8010739191749527
0.0005087982978279432,-1.3476013035361355e-05,0.11567320919022307,0.1457332172230636,0.8015015551371638
-9.907498898141314e-05,-0.0010114935675849602,0.11573381731425708,0.14381794558631783,0.8004950078675627
8.980593167675122e-05,-0.0004907923568938657,0.11569574654071962,0.14460162083433242,0.8009283798525885
0.0002640744229619886,-0.00035819881655177596,0.11569258139841605,0.1450132012340673,0.801128996069229
0.00010566320970378877,0.0008983074208527878,0.11556759471958201,0.14587357779437454,0.8017359796227154
-0.0003294788869049335,0.0004861595926349204,0.11558336104856157,0.1447725716514296,0.8011883113955366
9.736299515227418e-05,0.00020756653138073397,0.11563141474461651,0.14524014034874694,0.8013339911825749
0.0002659434449955487,-0.00047121214189808306,0.11570315719928592,0.14491509660349666,0.8010655815835005
0.00037900512984038337,-0.000684394724779512,0.11572882289121736,0.14491408466645256,0.8010243112134108
9.387414032911193e-05,0.0007488602771849055,0.11558090930159744,0.14571969463799517,0.8016418398308763
0.00027787784889711433,-0.0004158242009650733,0.11569864489293032,0.1449847650545868,0.8011058510703076
0.00023006125941442654,-0.0006135401945378611,0.11571446576338476,0.1447273254233868,0.8009583790276054
0.0005368452798286484,-0.0004942448502075714,0.11571938389917148,0.14534953297999498,0.8012461144305669
-7.897114404298247e-05,-0.00041394069523746814,0.11567976006341679,0.14438685439757737,0.8008516735141424
0.000292012900639675,1.7053177256649545e-05,0.11565919241756914,0.1453964086090021,0.8013640198121617
0.0003866292243008352,0.00035076936873280537,0.11563300647922944,0.14585453437365126,0.8016229802424781
7.931210109730852e-05,0.0009510104636589581,0.11556133516016444,0.1458765847285013,0.8017473560822256
0.00014278611102006494,0.0005682983123067603,0.11560022941562484,0.1456399257730142,0.8015732907677958
-0.00023370038430411906,7.619851396370297e-05,0.11562631214007203,0.144566015992582,0.801021841346899
-0.0002822863867213126,0.0002590877415846914,0.1156068463929911,0.14464829804720974,0.8010919061434325
8.78190026030472e-05,0.00012360118100000785,0.11563871346542325,0.145148832807741,0.8012790350528698
0.0001680869636010909,-0.0001721611069793666,0.11567032683040983,0.14501862450427294,0.8011669442341985
-4.112566193417277e-05,0.0005244998084714428,0.11559480932014723,0.14529159893622473,0.8014166129629787
-6.659253933825941e-05,-0.0010911058110066488,0.11574288148982452,0.14380126380499053,0.8004726548276022
0.000355720843118257,0.0004077266775351441,0.11562611490451918,0.1458536831482115,0.801633529226523
0.0002160645203024142,-8.188985365676088e-05,0.11566444671020817,0.14518013117408135,0.8012529930778782
0.00038672838575362395,-0.00018994651898365987,0.11568333104130767,0.14537001086953988,0.8013131268352479
1.546089413537906e-05,0.00019925112077311496,0.11562793390819032,0.14509505987168814,0.8012706355368395
0.0001333226305019027,-0.0009490311497880789,0.11574039600652572,0.14426436864995595,0.800697021980652
-7.823029148592643e-05,-0.00023062212197572386,0.11566285341060367,0.14455234007659373,0.8009572414311217
6.202241563576682e-05,0.0005686915737741199,0.11559603302902145,0.14550456822614805,0.8015157426285
0.0002682769730113814,-0.0004038558179131516,0.1156970344425753,0.1449793575524712,0.8011058418196724
-0.0004455414148190874,-0.0004032045183779375,0.11565933719562749,0.14378035494499836,0.8005955355094629
0.00015334647173365055,0.0005156148226261966,0.11560567508206865,0.14561042129690233,0.8015506377041652
4.0626094935491726e-05,-0.0005305548261168538,0.1156968382474615,0.1444833669699575,0.8008704203057493
-2.7921572629493687e-05,-0.00023564760490334816,0.1156659599489981,0.1446323801720268,0.8009903528096298
-0.00018101567745238775,0.0005145311107069458,0.1155884744831752,0.14504755561146349,0.8013108108179148
1.4075644521857634e-05,-0.00017446084793436067,0.1156624975162627,0.1447577801205513,0.8010554588075696
0.0002692660353044242,3.6689850723433106e-05,0.11565619086169703,0.1453757936779882,0.8013590055814448
0.0003687762557768121,-0.00014091721746529136,0.11567784533636014,0.1453837899495412,0.8013283853561864
0.00028683028168111655,-1.4455666771911347e-05,0.11566185250384796,0.14535946041508074,0.801342254306102
5.6484029369383786e-05,-8.212960995251821e-05,0.11565616102953483,0.14491178368613522,0.8011387081147964
-0.00040849179563604845,0.00034893891099539774,0.11559191402325515,0.1445167108943109,0.8010531006403827
-7.720728360654394e-05,0.0008198451590181394,0.1155655022917994,0.14549587367495231,0.8015601549580718
6.252947264533393e-05,0.0007157403579255146,0.1155823810620253,0.1456373138969106,0.8016004244606119
-1.0005903205641023e-05,-0.0006247936484041345,0.11570287730337224,0.144313879637682,0.8007802139190721
9.251511013577752e-05,0.00034518565709232356,0.11561838185087271,0.14535537856003367,0.801409413412399
-0.000503545041774047,0.00017732611241707234,0.11560275442224689,0.14420306664554888,0.800886702169492
0.00011998263885223834,0.00010590767479473954,0.11564202585203524,0.1451870168412311,0.8012919009343928
7.009267479813617e-06,-0.00015717449638057984,0.11566052702536897,0.14476139605511384,0.8010603097197713
-0.0001263642938244659,-0.000318673290483706,0.11566845951034901,0.14439255661553468,0.8008723514835322
-0.0003111779890243903,-0.0001449274515920144,0.11564266055475299,0.14423761554842107,0.8008396756897423
-0.00018101241043222042,-0.0007465433441390836,0.11570504560516136,0.1439174689220895,0.8005881330000967
0.00047738674563105364,-7.019029465086369e-05,0.11567687350000963,0.14562962270212315,0.801446588790775
1.356269459514124e-05,0.0006405820156586569,0.11558684949622089,0.14548761335406196,0.8015222968331667
-4.135081211322175e-05,0.0003391889156998162,0.11561199867681159,0.14512505009702514,0.8013102107744104
0.00015074393148722362,-0.0002946907450791422,0.11568078091441823,0.14487969316485683,0.8010843262365139
-0.00030085936084883985,3.19916391637712e-05,0.11562686676009475,0.14441351189035434,0.8009484496074832
0.0002642352000035288,2.6791018120298585e-05,0.11565685040675652,0.14535846898596377,0.801349733905542
1.7561853393060882e-06,-0.00045324167964503806,0.1156876446171014,0.14448730588183983,0.8008869080996167
0.00023802656792016683,-0.00010152391867839446,0.11566740970817313,0.1451994338233688,0.8012574491528155
-0.00031125453418624305,-0.0011163300709032403,0.11573210114216445,0.14336750650487923,0.8002831664423044
-7.050551321424369e-05,0.0005482499318379754,0.11559108230370459,0.14526352402988302,0.8014092109404897
0.0004971065609608289,9.062542271988932e-05,0.11566291167611002,0.14580688981511042,0.8015528613262386
0.0004143464715882257,-0.00018701910826296589,0.11568448771600782,0.14541902859219652,0.8013345551270661
0.00017594379223373192,-0.0005558012831712435,0.11570628320056238,0.14468811858453284,0.8009527492580272
-0.00015186313392963859,-1.0420822359190966e-05,0.11563861934767045,0.1446259242897771,0.8010307513493894
-0.00013819904545576348,0.000807908471747343,0.11556346352887362,0.1453826594014233,0.8015096714404895
5.0957174944491335e-05,-8.02648938831724e-05,0.11565569975157428,0.14490416778056986,0.8011358231495626
0.00017186604708860993,0.00045185042294551965,0.11561256111900202,0.14558435592460495,0.801527325932282
4.567647806109198e-05,0.0009476541999137931,0.11555992524411986,0.1458170511498182,0.8017213688973093
-0.00012095107682399431,-0.00025760539679667776,0.1156631012564871,0.1444563684440992,0.8009112158431421
0.00016847658513976398,0.0011781691484987465,0.11554469564271123,0.14623025966374525,0.801941437113908
8.681460764698626e-05,-0.00011382290003254302,0.11566068111965144,0.1449343461274022,0.8011422417294115
5.4673095316459495e-05,-0.0003913940718670763,0.1156847052396115,0.1446316304348524,0.800960197148792
-0.00066214058297175,-0.0003024824464282343,0.11563849948078257,0.14350644693783704,0.8004982247070858
-0.00032801773425189686,-0.0005624854080602564,0.11568026510009155,0.14383522992726283,0.8005883829261966
0.00020172445595500037,0.0003005037784147182,0.11562817715330463,0.14549881553497213,0.8014619166603911
-1.1441445927850761e-05,0.00044020718817741156,0.11560417422641976,0.14526589284321073,0.8013895215316691
-3.9512630740305075e-05,0.0004841567496216105,0.11559863900827519,0.14525813056545583,0.8013946364847959
0.0003350656050113704,0.00033359831694894344,0.11563196088038022,0.14575251316861249,0.8015762590086163
-0.00039597919638641296,6.50213972211585e-05,0.1156188012002754,0.14428322719532233,0.8008993132499242
2.1208654624207788e-05,9.430906645542027e-06,0.11564583461862686,0.14493456765119767,0.8011659478753462
5.037558084580202e-05,3.835888632010672e-05,0.11564467313634781,0.14500950734310264,0.8012033924401647
-0.0001342463022452597,0.00023233517931578186,0.11561706732296965,0.14487313150059677,0.8011824956710468
0.0003687094759304213,1.3535772573896921e-05,0.11566348128397931,0.14552210404394633,0.8014168561692655
0.00014566471790063306,-0.0001767156899883864,0.11566958064567116,0.14497686932280857,0.8011482959822537
0.0003689153927027551,0.00011513173998666826,0.1156540397568894,0.14561351731746242,0.8014752348235235
1.4732910279373738e-05,5.182141194046754e-05,0.11564156766374124,0.14496168048327324,0.801185610948764
9.66003390830552e-06,0.00034551638767365693,0.11561405939405817,0.14521644628817665,0.8013503314868582
-0.00027020388063752536,-0.00025249034186459167,0.11565475420205841,0.1442101050125928,0.8008073581774175
0.00021908930521613207,0.0008202663990629914,0.11558066924993407,0.1459941491419755,0.8017723580338671
-2.699495059970244e-05,0.0008021407510936171,0.11556973595572981,0.14556437651588744,0.8015859258637206
0.000512890362776911,-0.0008768099485615742,0.11575365392237343,0.1449666690745537,0.8010098359292044
-4.032700012896828e-05,-4.160144177076452e-06,0.11564388062773531,0.1448189791108086,0.8011141366734479
5.621874911136297e-05,-1.9436157352686475e-05,0.11565033611259395,0.1449675251818751,0.8011744482380019
-3.178900371973921e-05,0.0004770847140728399,0.11559969582399426,0.1452647683541597,0.8013961074821169
0.0001364575325034743,0.0001987745257528674,0.11563425728677255,0.14529794840492471,0.80135691653534
-0.00019917978933172044,-0.0002978394669994927,0.1156626936433872,0.1442888464071252,0.8008321918463072
-0.00020674696444748626,3.947100289226194e-05,0.11563112399361145,0.14457839851511312,0.8010200768269113
9.82997978762603e-05,0.0005521759722675957,0.11559943899384512,0.14555071546494786,0.8015322242028389
-0.0003155837686162963,-0.0010582125551554685,0.11572652955986486,0.14341225221796566,0.8003133489008709
0.00011362914859800263,0.0006275597166784841,0.11559321490045935,0.14564408463510975,0.8015864140092018
0.00014107579735475026,0.00012009332015093479,0.1156418033875098,0.14523517478966247,0.8013151199590168
1.7756490154947626e-05,-0.0003894247456531485,0.11568258448732621,0.1445713619839985,0.8009349173471497
0.00025385047012840286,-0.0005565789422647949,0.11571043581581834,0.1448183117835436,0.8010080252275541
0.00018882812880330398,3.6740651867771322e-06,0.11565508963709008,0.14521105644622745,0.8012825499257393
-8.250013396751866e-05,-0.0004017734203176131,0.11567844980796825,0.14439182385350147,0.8008561199720556
0.00015979241562472676,-0.00021100589523031718,0.1156734964496435,0.1449698798433992,0.8011387514646853
-0.0008793036511338346,-0.00032928703242799735,0.11562928753884967,0.1431172782388493,0.8003274155275678
-0.0004609971555758552,0.0001977913784839203,0.11560311251029376,0.14429294024357459,0.8009288830838197
0.00012701356099429468,-0.00022042202247671088,0.11567265905450724,0.14490636697990011,0.8011099093528249
-5.371134600578777e-05,0.0005015345842988451,0.11559628980038131,0.1452498530746808,0.8013944417358941
-4.794386886398878e-06,0.00016540208408261849,0.11563001964230028,0.14503067784875773,0.8012367427784568
0.00017380691260806966,-0.0001309719561601289,0.11566680432946036,0.1450651457992233,0.8011946395993833
-9.870753471932897e-05,4.166682878190947e-05,0.11563658356165725,0.14476194282925586,0.8010986346965551
-0.0001035069983095738,0.0001576866283979274,0.11562558779147468,0.1448578728987771,0.80116169939615
-0.00017828350201986215,-0.0002670617178519501,0.11566095401222348,0.14435154185872345,0.8008647782399703
-0.000143455348931013,0.0003889186093738775,0.11560207583919621,0.14499804361636137,0.8012656692169348
0.00013901791960975988,0.000521226598074655,0.11560441530787532,0.14559137816829731,0.8015436058482039
0.0001573894286467088,-0.00017892073731348604,0.11567039626268578,0.14499459329730885,0.8011554188869808
-0.0003846985174955256,-0.00012677016679515043,0.11563709624794223,0.14413030529838383,0.800797470720871
-0.00013588308301077807,0.0007172257259470729,0.11557200646493929,0.1453052053076998,0.8014593260469886
0.00023250552006752657,-0.000443883585716457,0.11569887784510473,0.14488340083635348,0.8010573236367736
0.0003220063284987208,6.265122733663764e-05,0.11565650306757942,0.14548766900776094,0.8014116058152672
-7.433998125410192e-05,0.0013227541941623823,0.11551883507915828,0.1459519874715352,0.8018506712894459
0.00048712385187995997,-0.0006984186267648124,0.11573576214750798,0.14508313938174783,0.8010935934438926
-9.881420253996262e-05,-0.00017754928706548864,0.11565686357973283,0.14456530404306783,0.8009729275708337
0.0005095269585088906,0.0004847219118460295,0.11562679070290878,0.14618110377568688,0.8017876665117146
0.0005229708410236095,0.0009305485596657008,0.11558579940634651,0.14660361259018234,0.8020529414397752
-9.114388457750016e-05,-3.186595412922463e-05,0.11564378679694705,0.14470874905128894,0.801061902670043
0.00010529276527800336,-0.00017752083573853845,0.11566754917265781,0.14490831321649045,0.8011189565093266
0.0002513585863331403,-0.0007270118218819176,0.11572608746381409,0.1446614806889699,0.800908610203969
2.145677630530699e-05,-0.00045511674785175517,0.1156888544666489,0.14451873059004666,0.8008999268001334
-8.232582132539223e-05,-0.0002802973072546906,0.11566723143620851,0.14450094852972106,0.8009258470589428
-0.0004190029378219101,-0.00078583127037598,0.11569595040110109,0.14348227796268698,0.8003953400983473
-0.0003365828125606053,-5.237935051898131e-05,0.11563277535179387,0.1442778492913624,0.8008745332412214
0.0002358616555269174,2.0762775418658813e-05,0.11565594135038293,0.14530539581117558,0.8013259851256339
-0.0004327986268234573,0.0007068971670766844,0.11555752541423289,0.14479685885246252,0.8012409376660907
-0.00013134302410293657,0.0009958934405876762,0.11554634336735993,0.14556284033899086,0.8016223892666051
7.95743027971849e-05,-0.0013194009649860573,0.11577170387123042,0.14384254034251848,0.8004464920852596
0.0004773096001118276,-6.542987680685695e-05,0.11567642644176651,0.14563375959658853,0.8014492618782569
-0.0003946229433385408,-0.00028485716097317686,0.11565114567951532,0.14397197307755694,0.8006997817603743
-0.00014275885437692895,0.0006297195985322551,0.11557977461393626,0.1452151604463897,0.8014042291467558
8.77514027376389e-05,-0.000471427375060742,0.11569384697433541,0.144615515459244,0.8009380047426423
-0.0003365510271255354,-0.00031194947329510797,0.11565672530349835,0.14404531421470357,0.8007258139428356
-2.957589323965612e-05,0.0005529242337208722,0.11559276710352218,0.14533650029817857,0.8014411733517893
0.00012735347744862938,-0.0003116720024874326,0.11568113177229156,0.1448251775803026,0.8010578651252377
0.0001765691468554157,0.0005291088640769942,0.11560561411323778,0.14566154287420768,0.8015749858931641
0.00013689089345141336,-6.466525806238212e-05,0.1156587323369604,0.14506254214360909,0.8012062336217459
0.0003048102600531787,-0.00019086077076471464,0.11567917067393903,0.14523157461761155,0.8012540175695051
0.00011838202813739193,0.0003462971792792879,0.1156196161426698,0.14539983973444254,0.8014285540507102
-6.596927719459218e-05,0.0005477906473922973,0.11559135993125638,0.14527073560716786,0.8014121930176648
0.0006422131362158051,-0.000569433295759518,0.11573182667714392,0.14545915342354548,0.8012783773692864
-7.946682265440213e-05,-0.00030716750147935024,0.11566986598119962,0.14448167852234411,0.8009124960181688
1.978239179381174e-05,-0.00019408555750894473,0.1156646133479222,0.14474978436281294,0.8010482953860937
0.0005699086707282423,-0.0002954663626066109,0.11570260685021493,0.145583154761048,0.8013836504460942
-0.000633431506066123,-0.000567476230418128,0.11566438046069656,0.14331734331361545,0.800366955730067
0.00017775717997368888,0.00031126078004724923,0.11562593998730995,0.14546819062656763,0.8014509399649166
-0.0004548921979771067,-0.0002683971938775801,0.11564642572098861,0.14388540776173103,0.8006660830244726
-0.00023922141269788234,-0.00035569672304348226,0.11566591728989138,0.14416971301038362,0.8007703914367876
0.00018547551252914998,0.00041865871317289756,0.11561634994586178,0.14557745867580657,0.8015180311182352
-9.182644732123534e-05,-0.0005493285894500486,0.11569158555811132,0.14424397517501114,0.8007649115835499
0.00017784641989053578,-0.00015669955994600235,0.11566940107908939,0.1450488774322491,0.8011827852832156
-0.0003760452188463926,0.00042665739736371793,0.11558642984124441,0.14464093917037474,0.8011208748400122
-6.67376602707459e-05,-0.0004044182991416266,0.11567952494000658,0.144415943289887,0.8008658812495842
0.0004617107342969798,0.0003662999343457014,0.11563540149590311,0.1459945875341706,0.8016855779074612
0.0002702132682964709,0.0003059220289374899,0.11563120294986927,0.1456187435641756,0.8015140095688368
1.557020309323508e-05,0.0007700014415932996,0.11557491667812379,0.1456070759868609,0.8015979466307271
0.00017398821469551316,0.0003951110902956631,0.11561794833635544,0.1455370422660493,0.8014963142855183
0.0001298971217307175,0.0005027209729930466,0.1156056669998147,0.14555945658135017,0.8015264712725403
0.00020679905733107226,-0.00020491111208991697,0.11567538042457484,0.1450543197861276,0.8011758662348605
0.00014268762088305196,-0.0004917450497972817,0.11569860977106276,0.14468962067649016,0.8009656600272803
0.00013264406206067522,0.0005552234433035272,0.11560092418155049,0.14561115787170187,0.8015585391320513
-0.0004611564294832489,0.0004435897417797083,0.11558039794458348,0.14451304573610269,0.8010696726776942
0.0001555489632096719,0.0006099225465998611,0.11559701142519886,0.14569870323752576,0.8016062870938679
8.702452839505608e-05,0.00045998667286174035,0.11560742941457437,0.14544909376178805,0.8014713017303431
5.707571626125876e-05,-0.0006335890956196669,0.11570722889938868,0.14441872244417797,0.8008231619204552
0.0002504856966178202,-0.0005005624656558641,0.11570506978672526,0.14486283538362626,0.8010377106317927
0.0004378319881134,-0.0006670185704758688,0.11573028098828432,0.14502846449060747,0.8010763329646204
9.681777264377274e-05,-0.0003742155606431167,0.11568532538547671,0.14471783573369074,0.8010001867736916
-7.247316825010525e-06,-0.00027135657692578205,0.11567034879431752,0.14463512641876536,0.8009846811235202
0.0004538155183656505,-0.00017857308226997353,0.11568574189090605,0.145492897772661,0.8013676202152574
-0.0007826815606997794,0.0004543912917350513,0.1155624275263165,0.14398213919063674,0.8008457280851076
-0.00016835467222894794,2.444833791011712e-05,0.11563452835332633,0.14462945964818646,0.8010389363134296
-8.207193231722389e-05,0.0009224256165444709,0.11555571267639526,0.14557972934853325,0.8016155048429027
-4.850415460209572e-05,-0.0001733902290863628,0.11565911951335814,0.1446535778788685,0.8010113036508215
0.00040009919295510015,0.00013244603474957983,0.11565403308599571,0.14568142424382624,0.8015074606042842
2.4012606767979258e-05,-0.001155503999776996,0.11575364245313474,0.14389587002762533,0.8005005931152516
-0.00012776073252722986,-4.431908062247611e-05,0.11564301985499406,0.14463605074019453,0.801028568392471
7.591378724637517e-05,0.000985527211550623,0.115557944884792,0.14590184521778765,0.8017647222064647
-4.5200995965611694e-05,0.000255521643372692,0.11561955931650068,0.1450435659931818,0.8012594937133672
2.9817366721138803e-05,-0.00022307755304361206,0.11566782308275021,0.14474066845299988,0.8010388606020138
8.44794380853165e-05,0.0001636607329866637,0.11563482217761714,0.14517913165497126,0.8012996079117988
-0.00010116340207069422,0.0005059164372134018,0.11559342231662445,0.14517403555904207,0.8013630046640222
-8.026692124417177e-06,-0.0003384609527653808,0.11567651588701343,0.14457369428604022,0.8009456734173248
-0.00038008849171039804,4.9468154739690294e-05,0.1156210758348063,0.14429599880484195,0.8009017707426458
-0.0002733962639099173,0.0003878765812800639,0.11559539233960134,0.144778710434814,0.8011720965927587
0.0001180641311753248,0.0012143392697863782,0.11553875561922845,0.14617801319028723,0.8019261242493364
-0.0005128196028353413,1.7295131940683693e-05,0.11561702306232907,0.1440440347406377,0.8007883429331678
-0.00024263747712693464,-0.00038321394162087354,0.11566827529707559,0.14413931972603822,0.8007521811206083
-2.7776199481894057e-06,-9.921227840123263e-05,0.11565464744625834,0.1447968921219417,0.801086524732508
0.00027537078959779843,-0.0011172685244516724,0.11576344297169892,0.14435240801768584,0.800702272107996
-3.727787386126797e-05,-0.0006369180413863794,0.11570255606665629,0.14425719274528065,0.8007537588874657
5.853220939626195e-05,0.0009159410794510288,0.11556353788700789,0.1458102002671416,0.8017123770765835
-7.169993478078334e-05,0.0007402535540207782,0.1155731847167454,0.14543373022308342,0.8015184522445266
-0.0003323897856218797,0.0003048800120382061,0.11559998313254315,0.14460513439871409,0.8010823032797494
-8.003947642576998e-05,-2.9043109644725316e-05,0.11564410705261281,0.1447299404608508,0.8010714649048577
-0.00016543657131995346,-0.00011764120099558952,0.11564782248132838,0.1445070223109674,0.8009595929206128
-0.0002924898320166876,-4.543314478141105e-05,0.11563446025021135,0.14435818879054713,0.800910065506767
-0.00019669076577109756,-0.0002889355929100947,0.11566200288237845,0.14430100708813187,0.80083907453015
0.00031598600775925866,0.0009496435406086301,0.11557353153770818,0.14627302654026741,0.8019158646800942
0.0006163954068006174,0.0001942938233767512,0.11565934879413654,0.14610019054726053,0.8016975831280461
-0.0002199564842315246,5.240297661917159e-05,0.1156292344225228,0.14456778775802104,0.801018037078544
7.558567187996928e-05,-0.00042043270838440646,0.11568848979198598,0.14464075550347794,0.8009585188525777
-5.7438252558281324e-05,-0.00027391142884543405,0.11566794947700575,0.1445484938106551,0.8009473110547786
0.00021644212125676774,-0.0005443847351537832,0.1157073483565254,0.14476638627189287,0.8009882559136117
0.0002750768957153813,0.0007640349420639565,0.11558877225648806,0.14603777125920525,0.8017801562295165
0.00012373412066702476,-0.0002957512640544369,0.11567946766288957,0.14483336068542935,0.8010643987299297
3.5169303432223414e-05,6.0294469437176656e-06,0.1156468779762203,0.14495497836151955,0.8011739853608533
-0.0002809526939361866,-0.00017645330585743847,0.11564716762297464,0.1442601694957797,0.8008432377642163
-1.4834476681998284e-05,0.0006291026206135779,0.11558645097368739,0.14542959613645945,0.8014953990275588
0.0001769397875753484,-6.325939205408719e-05,0.11566068487278029,0.1451310925424073,0.8012356857454164
-7.924765457473154e-05,-0.00011996332345330607,0.11565256338706184,0.14464978972874737,0.8010199260251994
-9.077571942674832e-06,0.0007486353147683312,0.11557563502903448,0.14554648904330375,0.8015680608492761
-0.0002930161898924697,5.959751545083621e-05,0.11562472875354386,0.1444514379859408,0.8009698837240927
-0.0004139430059945558,1.9422853201034943e-05,0.11562206112627292,0.14421216105266849,0.8008603241109447
-0.00033506167853798925,-0.0007627846862668555,0.11569832555826,0.14364401075728606,0.8004686069171844
-0.0001967913851773225,-1.8028302572806766e-05,0.11563696422980703,0.1445435964672287,0.8009942459476675
-0.0004025137923185833,-0.0007874475015803768,0.1156969828874902,0.1435085479478595,0.8004062139515319
-0.0002717227740225533,-6.188247620489225e-05,0.11563707437108868,0.14437835274508687,0.8009154983528287
0.00018448755013359493,0.00014310417590168638,0.11564191576730065,0.1453287432802695,0.8013593614982654
3.37389678306013e-05,0.00036394044253259807,0.11561359697565515,0.14527342898620227,0.801378119278562
-2.0982629972478737e-05,2.123532179965726e-05,0.1156425387568837,0.14487424817735578,0.8011425304692064
0.00011863410249204757,-6.9867298130045e-05,0.11565826435878156,0.1450272040903307,0.8011901931912185
-0.00011913012837199673,-0.00036568223384898243,0.11567318397164357,0.14436259856392503,0.8008505924047225
0.0002984804414870678,-0.00011859153737665319,0.115672130602904,0.14528570359627563,0.801290905663881
5.706470402501081e-05,0.0007429248270349654,0.115579570379556,0.14565251605913765,0.8016121039724579
-0.00019678435674597052,0.0004377249218148344,0.11559477379138275,0.14495217707835456,0.8012554931005412
-0.0003845369518320386,0.0005078454374559021,0.11557847343037755,0.14469946744002882,0.8011613443537182
-0.00018401116600929015,-6.883817214626169e-05,0.11564233388269628,0.1445195398539687,0.8009742710415083
0.00014804892186605177,0.00036938762700597377,0.11561900224445645,0.14547039237338139,0.8014630126886054
-1.0103406306086222e-05,1.4411019668401358e-05,0.11564373909887822,0.1448864136850495,0.8011464021472543
-0.0002905285026229371,-0.00044016823444365747,0.11567098837936579,0.14400780516265116,0.8006852828680935
0.0002789439734465104,-0.00030244017663041484,0.11568818341382825,0.14508813952220734,0.8011715800096738
-8.278520289671809e-05,0.0006909988088018464,0.11557718884356703,0.14537091873216906,0.8014822767969902
0.00011562769645164867,-0.00011674635246039019,0.11566245470177934,0.14498014031296846,0.8011611768643514
0.0003603349245147134,-0.0002450812000414479,0.11568708633418365,0.14527626775540986,0.801262656966961
-1.2761854410137056e-05,-0.0003222180288971483,0.11567476469896633,0.144580289726137,0.8009515928536115
-0.0006980884371865077,0.0008445214779244503,0.11553089724939133,0.14447428281470936,0.801129977641454
0.0001826345513762461,0.00027964541693976214,0.1156291310197514,0.14544803959350255,0.8014363048238082
-0.0001222795663673693,-0.0007422184143253771,0.1157077684701322,0.14402004698622206,0.8006326303532464
-0.00012049330918444015,-0.0002589870431709467,0.1156632530576831,0.1444558998128586,0.8009107516574848
7.980952896140872e-06,0.00032181176781137007,0.11561617264470392,0.1451923707679844,0.8013355411083438
-0.00010702864920726902,-0.0007731464286499662,0.11571142996083626,0.14401798118976106,0.8006258260097355
-0.00018805775880149318,0.0002849266249901067,0.11560938559080144,0.14482984119833836,0.8011741414131903
-2.0581668544796283e-05,-0.00030256418981025693,0.11567253597105054,0.144584757871056,0.8009572601045728
0.0003823679823279086,-1.3523612838184663e-05,0.115666702899709,0.14552079570117443,0.8014111154003395
0.00013954744379632191,-0.00041792790553184,0.11569161102034103,0.1447504708854172,0.8010057059718723
3.4228398545772344e-05,0.00030298034808400856,0.11561928233775313,0.14521959359115183,0.80134352266828
0.00011027097458735262,-0.00010252032712292173,0.11566085650216876,0.14498388848768007,0.8011654978035228
0.00025511119637769306,-0.0011545263120108131,0.11576581450430795,0.14428502242488855,0.8006664476732583
0.0004991238686540579,7.001875586266154e-05,0.11566493503557211,0.1457918066564089,0.8015424925911226
0.0003061218915863158,-0.0006136981788177571,0.11571846185020873,0.1448549661602605,0.8010126870922915
-6.943742695993344e-05,-0.00031605873449268686,0.11567121566852358,0.1444905669767399,0.8009145766480282
-0.0003343201526457839,0.00034572035205081265,0.11559610420676493,0.14463850610052442,0.8011043338692837
0.00016056892354506395,0.0002302591683181608,0.11563258045586366,0.1453666874969219,0.8013922112059026
0.0004015143164928894,-0.0004768451715766596,0.1157107441308843,0.1451377994636529,0.8011593099772003
-0.00014399862689095904,4.8790735034702793e-05,0.11563355273208502,0.1446922116294826,0.8010703139464659
-0.00041590911844798287,-2.6784276487465738e-05,0.11562622070713639,0.14416744377540625,0.8008324354410332
0.00017049280108154244,-0.0001903877555719406,0.11567214243866315,0.14500633389524709,0.8011582202661728
0.00012721107819971841,0.00018732427440029778,0.11563484165692421,0.1452721469954304,0.8013437390033676
0.0003802768047504511,-0.0007001487923346304,0.11573034966751106,0.1449021117242178,0.8010161961548179
-3.560769407178324e-05,-0.0006912186544619684,0.11570765741448667,0.14421136874599128,0.8007238485957784
0.00010436097857951061,0.0001474561936068329,0.1156373582815671,0.14519801249656167,0.8013045414149361
2.9650392289596012e-05,7.80981595312033e-05,0.11563990881241269,0.1450103007714137,0.8012113431005546
-0.00017407161194695663,-0.0001333953291392055,0.11564882467519583,0.14447839209357854,0.8009443866306795
0.0004758630245294714,0.0002585694616553598,0.11564617080607774,0.14592176600591017,0.8016339388095595
-5.468515947807157e-05,-0.00023075962225667328,0.11566410291744485,0.1445917845597467,0.8009740071220652
0.0001990087609090041,-0.0005726652783004021,0.11570905369077741,0.14471176539125202,0.8009595853622891
-3.291771459723393e-05,-0.0006239982836944334,0.11570159354517394,0.1442760908112815,0.8007642790905147
-0.000257624570728018,0.0004944345303903913,0.11558634692226273,0.14490077086336745,0.8012444727126621
4.157180918886639e-06,-0.0007641133594620309,0.11571649034433718,0.14421291077890686,0.8007105405564704
-0.0002507899796152703,-0.00016630025921222585,0.11564782263003107,0.1443199644327376,0.8008706382784556
8.027896734392812e-06,-0.0007363363802840024,0.11571413073156309,0.14424428914142706,0.8007292199958703
-0.00012544933810580968,0.00019078336965727704,0.11562137591884748,0.14485066570915833,0.8011649715732244
3.5834160339656734e-06,-9.51785982738465e-05,0.11565460651215248,0.14481119620925892,0.8010933869050813
-2.097409722940304e-05,-0.00013631533730886473,0.11565713072026307,0.14473306427746652,0.8010522445192327
0.00013448344461839778,0.0001496086550256365,0.11563872096021366,0.14525055613972776,0.8013273222794761
3.886771815662345e-06,0.0007315356808495826,0.11557789318284417,0.1455529366596579,0.8015675298918861
-3.42493777367444e-05,-0.0007856561401552581,0.1157164446762114,0.14412908207669684,0.8006707266128681
3.280264576361533e-05,0.0007420154324467059,0.11557840706167247,0.14561092955166638,0.8015942258391944
8.553066087814063e-05,0.00010237234795939361,0.11564056448933914,0.14512595826822566,0.8012652302361888
0.00016282772033514073,2.506411387971277e-05,0.11565175435013839,0.14518654277674586,0.8012762118467398
8.736372300137682e-05,-0.0004928705936736641,0.11569581054176668,0.14459565565385724,0.8009254422676476
-0.0006245431890912315,0.00024615502580300856,0.11559000314063425,0.14406134120359088,0.8008395534121764
0.00021849363838535824,-0.0009763050260471267,0.11574741447146422,0.1443830466480916,0.8007423198749981
-0.0001618332267925159,0.0005818727929966047,0.11558322511791565,0.14514018930457412,0.8013631468971574
0.0001758443850014843,-0.00029466834838911144,0.11568208949805844,0.14492188647116266,0.8011022927690028
0.0001312260215702123,0.00028294023986382913,0.11562616765081496,0.14536461514265114,0.801401421136905
0.00024079325984937953,0.0006634057707164785,0.11559640180738819,0.14588990297428628,0.8016979291490459
0.00010121055348533028,-0.0012500052746467095,0.11576646129705838,0.14394099924696968,0.800501701521234
4.463622759177308e-05,0.0005602749577231291,0.11559591860885406,0.14546780388396502,0.8014984791889913
-0.00044824325190438854,5.2280217560509424e-05,0.11561721583801271,0.1441839501883982,0.8008546088915711
-7.281206797303452e-05,-0.0006669238719859081,0.11570344591916798,0.14417060626345807,0.8007111496471113
0.00023700310480623176,0.00041110945928317323,0.11561970474075743,0.1456572643867559,0.8015505592351782
0.00019272018400681376,-0.0001813758264450771,0.11567246433837054,0.1450517550361194,0.8011792830626732
0.0002616908566987829,0.0010548821473249047,0.11556094449202037,0.14627623808116386,0.8019373925276544
-5.1093611602714654e-05,1.673324205538062e-05,0.11564138265830128,0.14481961203141092,0.8011184086804325
-0.00017968759194296336,-0.0005940000567348545,0.11569105422818775,0.1440563074745405,0.8006764612384035
-0.00029429192913006,-4.31258811130445e-06,0.11563056678290227,0.14439201277175656,0.8009323423189044
-5.251167426034435e-05,0.00018861193788667223,0.11562538235387182,0.1449712960703512,0.8012159095114518
0.0002133383144269654,-0.00033409815701836,0.11568770115524152,0.14494955365175172,0.8011065174461871
-0.00011231738432552163,0.00119012407783599,0.11552924690147716,0.1457691167506277,0.8017474127652848
7.942154759926128e-06,0.0004389631395359539,0.11560529373227679,0.14529735086180756,0.8014026752978284
-0.0002973613538285227,0.0003068001174026837,0.11560164196747476,0.14466573504793162,0.8011084696044116
0.00019671660059728454,7.354195112541811e-05,0.11564901079783493,0.14528693479749266,0.8013282369840354
6.671363427939533e-05,0.0008066084377197879,0.11557413854643724,0.1457258591782657,0.8016555270222391
-0.00010462517267409534,-6.755863708792702e-05,0.11564638347243139,0.144654104755369,0.8010318022003744
-0.00032029322154296705,0.0003211296861287668,0.11559911437447613,0.14464003655426994,0.8011002745479047
4.593525761412054e-05,0.00020517646357068542,0.11562896774598708,0.14515158112630994,0.8012958324967717
-0.0003222413655442731,0.0013131883314168146,0.11550701089533409,0.14552672337285477,0.8016677982639389
0.0003384089819112646,0.0005162512801368248,0.11561511379277359,0.14592192171488588,0.8016833694299479
0.0001397964040800514,0.00023307563101472557,0.11563124391797487,0.14533430965908517,0.8013789670894176
0.0002189861258630818,-0.0008777475060688329,0.11573833004771748,0.14447211575528557,0.8007991185089632
-0.00018830032121325675,-0.000499836846473075,0.11568191241923695,0.144126173560437,0.8007242430734458
0.00019140288992090787,0.00023553327776700453,0.1156336844757061,0.14542322328608487,0.8014172895960324
-0.0001344881820607631,0.00010409332973648911,0.11562893154689322,0.1447577649251824,0.801108815207988
0.00028511302007125567,0.00015725566654038907,0.11564580109820469,0.14551049188111137,0.8014394452665197
0.00021079648823816064,6.858853278145315e-05,0.11565020035162428,0.14530615112145473,0.8013354686935745
-0.00010573559117145177,-0.0006170408511261771,0.11569709936562537,0.14415995348295496,0.8007161707534901
-0.00016279840565439164,0.0003092992106609519,0.11560844664659406,0.14489414613923873,0.8012061859446727
-0.0002976162800054533,-9.685366782838049e-05,0.11563893859949281,0.14430349049644292,0.8008769290531802
0.00014094331514260256,0.00021508357020812171,0.11563297469033448,0.14532010664608203,0.8013694739262136
0.0003172291880426772,2.1979934298417218e-05,0.11566003796603855,0.14544318812100548,0.8013848782849893
-7.176696480965589e-05,0.00014880462208462588,0.1156280676280451,0.1449032521244708,0.8011793163918302
-0.00014266187958928656,0.0001991808992019374,0.11561969892845445,0.14482926575792665,0.8011574700564358
0.0003374493088374907,-0.0007575972113613694,0.11573343266665538,0.14477871930714065,0.8009526609459464
-1.4010385399321656e-05,-0.0005522724480147387,0.11569596663458205,0.14437210495009695,0.8008188941458027
-0.00024615004649030655,-0.0002139047352821708,0.11565246335515111,0.14428510696195318,0.8008466793661457
0.0001737897968042288,-0.0004985824280074333,0.11570087292164448,0.1447357528264464,0.8009839892438668
-0.00010698651594472575,0.0002819252777431277,0.11561389378917916,0.1449634036275247,0.8012304257141376
0.0005530892694442619,0.00028020691530186454,0.11564810052548828,0.1460708858277503,0.8017015661726846
0.00011510865723396251,8.13388192034194e-05,0.11564405311189836,0.14515680426705263,0.8012743323693888
6.782749421112252e-06,-0.00035380606127308656,0.11567871325451952,0.14458483223155216,0.800947475310336
0.00048180256303363987,-0.00040243513203521266,0.11570800069848952,0.1453393264641059,0.8012593574519754
0.0005440101156078538,-0.0005017483352967599,0.11572045236686218,0.1453548456552215,0.8012469386565935
4.9542653090109093e-05,7.771753841196325e-05,0.11564097984989134,0.14504338621199492,0.8012253550890934
-0.0002569112747614634,0.00024130742226325798,0.11560982132428055,0.14467500911624664,0.801099871203178
0.00043667349984765697,-0.00030381781223231906,0.11569649904748869,0.14535187608902023,0.8012835921981761
0.00021384968906263711,-0.0002466229280761501,0.1156796165154277,0.14502878961167093,0.8011570069365844
-4.737615859840136e-05,0.0006961153683760889,0.1155785426199957,0.14543501596211628,0.801510544009317
-0.0001682755541649228,-0.0002905867616726367,0.11566365489576871,0.14434728403993075,0.8008584589174875
0.00033863463665380567,-0.0005404586444243961,0.11571337077229762,0.14497518617788263,0.8010778968871399
0.00014721958040929978,4.9607743625645186e-05,0.11564866576424475,0.14518231667553305,0.8012791145849999
8.88004584674767e-05,0.000154803919477535,0.11563586855876246,0.14517845275533364,0.8012976221877814
0.0001878489365319011,-0.0006334976371226271,0.11571409912356172,0.14463853030355184,0.8009167545197304
0.0004512727777173247,-0.0002432135708926667,0.11569162126313672,0.1454307027589734,0.8013287597497113
-2.232118337915155e-05,-0.0007928877825540404,0.11571774401120634,0.14414265064981496,0.8006751175596704
6.523263736157447e-06,-0.0004118295544270617,0.1156840662181207,0.14453241438620573,0.8009140447367874
0.0002771968105934483,-0.0002349640333807284,0.11568183095005738,0.14514566398014145,0.80120899538745
-0.00015815605433625775,8.775766052011025e-05,0.11562920466201734,0.14470334509643407,0.8010825185371087
-0.00023712885593209042,8.002174764178058e-05,0.11562577854287359,0.14456368041329604,0.8010215794805172
-0.00025490526511484516,-8.654646809406256e-05,0.1156402391193726,0.14438451633583388,0.8009133973713034
-0.00024073147585476775,-0.0005543468805028282,0.115684157867706,0.14398922829270477,0.8006555011479262
0.00022116688150990754,-0.0006733275189189304,0.11571953411618031,0.14465883528656293,0.8009177683708172
-6.272042586768469e-05,0.0009488944448654799,0.11555424587724794,0.14563600033104157,0.8016445307923504
0.00016541913372192528,0.0002554538666322994,0.11563049002247024,0.14539742485240226,0.8014101230704074
3.81913253137773e-06,-7.513047693791125e-05,0.11565276187562556,0.14482955907953354,0.8011050448552199
-4.5482321534112706e-05,-0.00027893766774888477,0.11566904257674335,0.14456408209336397,0.8009529843094411
0.00047650093651313997,0.00012723599260186437,0.11565844336756181,0.14580509584413642,0.8015591111284833
0.000310868647688018,-0.00026047876401950936,0.11568594890037692,0.14517937047642088,0.8012184568040069
0.00021749517356590024,-0.000567278651683623,0.11570952364958531,0.1447476490642936,0.8009758934316884
9.602433257271653e-05,-0.0004222661017769169,0.11568973169117906,0.14467345565032486,0.8009720885076737
-7.713030254646743e-05,-0.0002921617385559632,0.11566860164323886,0.1444990495467342,0.8009227657575071
-5.0797702128750914e-05,-0.0010840522358141493,0.11574307398904325,0.14383411970202603,0.8004879932719923
-3.3803213776437336e-05,0.0006821293700514772,0.11558054320566336,0.14544528080674085,0.8015122345778051
6.303851502843917e-05,0.00016294893312682974,0.11563377476280222,0.1451424654720017,0.8012838622783776
-3.215225926311991e-05,0.00024067003513005917,0.11562161563758631,0.14505217967929146,0.8012603155364411
0.00028862382682425376,0.00043356919902568674,0.11562026611766815,0.1457641327123369,0.8016003571102165
0.00033518141446322827,0.00027838273351731235,0.11563710834513842,0.14570320065189074,0.8015446883277878
0.00016926716578057028,4.57977627316878e-05,0.11565016380536766,0.1452159463468708,0.8012927012942104
0.00014774634943601805,-4.181220413206219e-05,0.11565717701027968,0.14510126331238105,0.8012270957090344
-0.0001270531390152346,0.00036097856423280243,0.11560552020122213,0.1450005577180638,0.8012613870038181
0.0001955326692807692,-0.0007393869553859076,0.11572430001443566,0.14455660764760386,0.800861593664402
-0.00018677436121145177,0.000433887062682695,0.1155956510817119,0.14496555981703213,0.8012604550852446
-0.0005309686617330617,0.0002516077602909496,0.11559445095769387,0.14422355238786833,0.8009096534184756
-0.0001455983564938986,0.0005901306569920453,0.11558330153587375,0.14517488133950485,0.8013794977161138
-0.00017548448558943469,-0.0003485295361726489,0.11566862552699546,0.144283256014009,0.8008201012016737
-5.519548978587009e-05,0.0006420128491522475,0.11558316605273111,0.14537334753820197,0.8014739264880036
-0.0002934140979847282,-0.0002698812854534704,0.1156551310155205,0.14415551138044652,0.8007807853563187
-5.0384260716796944e-05,0.0006462113022745523,0.11558302464690598,0.14538519881545103,0.801479776032982
3.203153246199488e-05,0.0001966911304085529,0.11562903276345782,0.14512061045303742,0.8012810223336404
-0.0004105057184173091,-0.00019075107293878415,0.11564162852634872,0.14402959265161436,0.8007423391523167
-0.00045054102725391586,0.0007457647882352735,0.11555300007625148,0.14480189547957262,0.8012505277285137
-6.685243319871857e-05,-0.0003811194096424152,0.11567736568707443,0.14443662292534615,0.8008791482294624
-1.0154023238473674e-05,-0.0007674189904369773,0.11571603801845069,0.1441859025473603,0.800698409536681
6.610116911762577e-05,0.0001355246395996699,0.11563647861985657,0.1451230278767704,0.801270333743972
-2.3278999179898013e-05,0.00021988345949656155,0.11562400512954076,0.14504845583264758,0.8012547481436446
-0.00010740077675706529,-0.00032733645216656814,0.11567025931690732,0.14441666450796514,0.8008809549188975
-3.304655809759207e-05,-0.0002445095161539121,0.11566651091093516,0.14461582743133428,0.8009816084074352
3.359254668857447e-05,0.00032053153717032714,0.11561761995818146,0.1452342613953867,0.8013531292410019
0.00015654011776167909,0.0001492358166899617,0.11563989876218121,0.14528728244813593,0.8013428857239875
7.351517124405896e-05,0.00023845397451742952,0.11562731033089213,0.14522775891683093,0.801334637379891
0.0003555036634103604,-0.0003104336825974317,0.11569290480507055,0.14520959494474528,0.8012217538474145
-0.0001466841298393696,0.00031098973955971134,0.11560913059316426,0.1449227446635561,0.8012186845663508
-1.7169471268276398e-05,-1.199741500796757e-06,0.11564481646337701,0.14486054797073517,0.8011324002073478
0.00011531623056942436,0.0005496703063028046,0.11560054866812401,0.1455770614814787,0.8015429600337655
-5.9033984905794876e-05,0.0006624152683351964,0.11558107207076376,0.1453851963944186,0.8014828792103744
-0.00031673014438858544,-3.929139426672314e-05,0.11563261464830622,0.14432294864589124,0.8008962398971781
0.00029548942991268387,0.0005675577987564175,0.11560813474672942,0.14589582987319527,0.8016820906269203
-2.1705532567325953e-05,0.0010490353566029078,0.11554702979955232,0.1457947851050046,0.8017313116285552
9.42433979109052e-05,-0.00044700180109000985,0.11569192753267514,0.14464830424894204,0.8009566425876763
5.6544157982425427e-05,0.00016418994904372316,0.11563332219398055,0.14513266510225326,0.8012799278754036
0.00030836896256520625,0.0005539495522193117,0.11561006240203964,0.1459052633596103,0.801683499641596
0.00032707247959348805,0.0003485477356315487,0.11563015820582279,0.14575248911946886,0.8015791126438924
-0.00048561769761620806,0.0008143147844806047,0.11554482138104076,0.14480441804287453,0.8012647337998684
-0.00011319065950031752,-0.00031271925428924,0.11566860351855746,0.14442003026285577,0.8008851879942213
-0.000567474729828233,0.0004968750367616535,0.1155698825896537,0.14438208612728026,0.8010241293715722
0.0003429639052796512,-0.0003388499461909891,0.11569489155127932,0.14516306922160033,0.801196503510351
-0.000451162073316456,-0.0004534540218250317,0.115663662533843,0.14372589356163712,0.8005627242451324
0.0001844407309498912,0.00018845407199633344,0.11563769984835892,0.14536931882880993,0.8013853227591351
0.00014338994367213054,4.800613257039472e-05,0.11564861557646543,0.14517444641742355,0.801275457291222
-0.0004715143790502161,0.00036720498112504844,0.11558691216300586,0.14442714257032513,0.8010184694814098
6.765822744757372e-05,-0.0012372335330711685,0.11576349809771334,0.14389605505626835,0.8004850148856477
-0.00011162917986446101,0.00031165327062236,0.11561089622177502,0.1449822542501365,0.8012441456883426
-0.00031290644357275654,-0.0005566646214465954,0.11568053364046112,0.14386584290315546,0.800602530363348
-0.0002312340644431279,0.0004480909403995499,0.11559201715550783,0.14490357042685081,0.8012367864410518
4.851263543674149e-05,-0.00040951602783367527,0.1156860585546845,0.14460504410978686,0.8009454073636704
-0.00015313154818109186,-0.00011299849588956615,0.11564804010684808,0.14453186316445193,0.8009710574037044
-0.00026622125454829523,0.00021079208492789608,0.11561215662630553,0.14463200435576207,0.8010757176645295
-0.00012553556955846395,0.00043700371577958235,0.11559854954086705,0.14507127772855183,0.8013060576418275
-0.00010763100053699594,-0.00019382699433267847,0.11565790562975267,0.14453590094202384,0.8009572919517132
4.438434362512901e-05,-0.0004392552129332868,0.1156885928252914,0.1445714657926086,0.800925415473303
-6.48959075862245e-05,-0.0004975058203954511,0.11568822248535593,0.1443356506528934,0.8008138667661624
-0.000243235854684169,0.0002341231380890466,0.11561120254338327,0.14469155409992018,0.8011055383193105
-0.0004743871129995004,0.0007724311899160068,0.11554928556745843,0.14478572697271536,0.8012487530899011
0.00010829991240084315,-0.00017891067614257856,0.11566783495079162,0.14491212059787706,0.8011203111083921
7.699555896240862e-05,-0.00031795035113149704,0.11567907776938446,0.14473493798619153,0.8010182462018657
-2.6553029478550367e-05,-0.00032799534940355923,0.11567457445151855,0.1445519385246427,0.8009384166102219
-0.0003843259711274537,-0.0006710820734145151,0.11568725598335446,0.14364332342422292,0.8004858818608712
-5.306272056038784e-05,9.676498631669742e-05,0.11563386577653152,0.14488803728132127,0.8011628699553699
-0.0001890098591580232,-2.2914281713622635e-05,0.11563782485122814,0.14455229589377783,0.800997013395916
-0.0005853296292316981,0.0001559299777877443,0.11560039886842348,0.1440463906388686,0.8008159042694224
-5.396946152316054e-06,-0.00016548914933113332,0.11566064733339604,0.14473309766522852,0.8010466698799615
-9.097779701821563e-05,-0.0003597060359378396,0.11567411584218938,0.14441526385495312,0.8008741575729167
3.1744537928593684e-05,0.0004825108199383423,0.11560247999387083,0.14537640065831176,0.801444670296843
0.0006602157969996256,-0.0004717506938564617,0.11572366889342377,0.14557689150045372,0.8013472131495183
0.00025612634225664617,0.00046551499327875974,0.11561562266628635,0.1457381816126489,0.8015954292718708
-0.0003213371564586517,-0.00040118252356221554,0.11566575892335625,0.14399094507652027,0.8006855738360653
-0.0002533803732395351,-0.0008245424250492708,0.11570837221652942,0.14372599903112293,0.8004916794124525
0.0005949468017817885,-0.00045250968761440256,0.11571850945015275,0.14548450805985697,0.8013115703279824
0.00023020000209381417,-0.00023043376162659303,0.1156789661726653,0.1450707659798388,0.8011779781980021
0.00014202480288004924,0.0012099640230398207,0.11554038260372383,0.14621434866931143,0.8019407545677648
-0.0002168219743568419,-0.00028133725864992347,0.11566023822617687,0.14427398045660877,0.8008290245594791
-0.00015238813539843781,-0.0006328040669181397,0.11569608099154252,0.14406743346703105,0.8006737640003908
0.00023860350567151661,-0.00013754818235621556,0.11567078376801482,0.1451681193798689,0.8012372169850186
-0.00016440705198213717,4.9831677651934815e-05,0.11563238683834605,0.1446588452078047,0.8010563088389733
2.681872952785241e-05,-0.0007490575577290024,0.11571629884245642,0.14426447230741007,0.8007353752262376
0.00018706004190512497,0.00039221533989754025,0.11561889144563234,0.14555640913245999,0.8015040042722069
5.548978307558036e-06,-5.54902810710166e-06,0.1156464057365478,0.1448948268232041,0.8011461599661797
0.00021299720400921136,-0.000838600278484837,0.1157343948699165,0.1444971065679554,0.8008172568934173
-4.976423136660566e-05,-0.0001874053933780826,0.11566035026238117,0.14463890164155518,0.8010023708874139
-0.0003689211547883415,-0.0011194167399296389,0.11572928195557894,0.14326781712491066,0.8002401360544668
-0.00019728353294764617,-0.0004507052807450787,0.1156769037453666,0.14415508606290517,0.8007459636809579
-7.745051755828434e-05,-0.0008113030450451647,0.1157165188063258,0.14403351986366425,0.8006251313296696
0.00011017753116959725,0.0004336108529075439,0.1156110766290403,0.1454643462649433,0.8014727420812056
0.00025534250635567086,-0.0005725026057251162,0.11571198902360057,0.1448065554756789,0.8009999699034068
-0.0003204512295553026,-0.0007772768938733633,0.11570043984217292,0.1436555913152105,0.8004707606270616
-7.935084953824813e-05,-0.0003035718702012455,0.11566953968440337,0.14448509491452743,0.8009146392392239
-0.0002923837901014218,-0.00013827872589554556,0.11564303961602224,0.14427516348909403,0.8008569340410563
0.00035725550671146614,-0.00013339962056238994,0.11567655051628464,0.14537117304818176,0.8013244543290459
-6.480345807141478e-05,-0.000875515740504203,0.11572311118775644,0.14399727709995397,0.8005974010288324
-0.0004230963838477444,-0.0007085336024913696,0.11568862576086045,0.14354461420510822,0.8004366854337962
8.399759027151556e-05,-0.000534271845524428,0.11569946342981723,0.14455291459880742,0.8008993155676124
-0.00034905859902635165,0.00027845845502731204,0.11560155168451589,0.14455342724954273,0.8010552292696063
0.0004258266843500808,2.091726266248426e-05,0.11566573865396174,0.14562467025963843,0.8014619340263247
-0.0003397908352643772,-0.0006643541507529906,0.1156890158479106,0.14372420674876546,0.8005216038232978
-0.00010218785234491068,0.00013099856850085447,0.11562812885362722,0.14483616639957947,0.8011473460005981
-0.00019383954119254538,0.000851501061067561,0.11555653786003449,0.14532824997565053,0.8014948597075909
2.3963066583457244e-05,0.0002034456952641992,0.11562798674231523,0.1451131074497799,0.8012791221850357
-7.5338623452779175e-06,0.000630814890519332,0.11558666877606018,0.1454434005918382,0.8015016037856841
0.00010232527190512065,0.0010115363577074758,0.11555687088130764,0.14596956508857595,0.801798534035566
-6.803579606408707e-05,-0.0015232599273930277,0.11578255985698113,0.14341209736143645,0.8002241934415112
0.00015481673668802783,0.00048767581010297534,0.1156083501726056,0.14558783600115122,0.8015356705473383
-8.65602812391936e-06,-0.00023424943586532483,0.11566684113289066,0.14466600749062103,0.8010049362471187
3.469518610693687e-05,-6.109325237375664e-05,0.11565307424306734,0.14489402332945173,0.8011351772523984
-0.00019562612568300875,0.0005845016636964443,0.11558122581213036,0.14508575027480042,0.8013404751057743
0.00033334554944374097,0.0004661078506294652,0.11561952809791218,0.1458684462255329,0.8016509981942598
0.0003504966855624014,0.00076456529476879,0.11559256781927026,0.14616495688071734,0.8018344024109678
-0.00016304110171112997,-0.00012031355434152484,0.11564819550455055,0.14450865347318492,0.8009597753826017
0.0002893877484973475,1.1255899632931445e-05,0.1156595954415721,0.14538680212734617,0.8013588196177868
-5.9930120099538554e-05,-0.0005026087306945389,0.1156889559133183,0.1443394246118868,0.8008144958208064
-2.4866988550157675e-05,0.0005685874370978172,0.1155915556199709,0.14535846117604595,0.8014535229981865
0.0002684079161806047,-0.0007113320797425083,0.11572553033381003,0.14470416567998312,0.8009297855445292
0.0002627544871690102,0.00010430153238167472,0.11564957012315308,0.14542545860650807,0.8013931010200426
0.00014096761733739082,-7.877724209827743e-05,0.11566025351886851,0.14505674471596075,0.8012010621358095
0.00012443074924022506,-0.000263746139492484,0.11567653886710469,0.14486320751010917,0.8010832361631919
-0.00018116869605829764,-0.00023522611870360107,0.11565786101584627,0.14437521736633135,0.8008809559867667
-0.00034758780395627374,0.00031227357636746847,0.11559850196122429,0.14458621633599467,0.8010756660048362
0.0005806444510413622,-0.00010180109731438207,0.11568512750298018,0.14577473291937454,0.8015023083974385
0.0005243329446653135,-0.0003736483493914103,0.11570752602535755,0.14543655507690384,0.801306263652481
0.00012530945097564964,-0.0002789338006329989,0.11567799195967628,0.14485107578365697,0.8010751620150585
-0.0006668728390552718,0.00107982672751763,0.11551077522641434,0.14473788769519097,0.8012872753182521
0.0003047359198808764,-0.0003856031771876648,0.11569724147914866,0.14505696082213626,0.8011423752202648
-0.0004617311158874495,0.0002612392128870745,0.11559721536306428,0.14434858527265249,0.8009647266574933
0.00010192303604962384,0.0006888711717409212,0.11558690695525341,0.1456794082275621,0.8016131972136422
2.553320422195073e-05,0.00024073633222102968,0.11562460822771876,0.1451491770273174,0.8013016212757842
-0.000271887546834952,-0.0002910772770231638,0.11565822598921711,0.14417270255561154,0.8007840433294812
4.668163393675025e-05,-0.000794614455123169,0.11572155561771018,0.1442570530859209,0.8007234893917052
0.0002146806482577188,0.0008092344981686439,0.11558147265489081,0.14597684468279787,0.8017628779084606
0.00022130158972623407,-0.00038330349447041257,0.11569267802066857,0.1449188487712929,0.801084019667425
-0.00041508084813703176,-0.00020243353318872564,0.115642462707666,0.14401143405684502,0.8007323707819967
4.730181112192154e-05,0.00013319655424094752,0.11563571729061167,0.1450893511904513,0.8012555511451085
0.0005273152776854346,0.0009225237879251154,0.11558676972951619,0.14660370989268734,0.8020514455501293
0.000324450963066947,0.00030001393035516884,0.11563454284212561,0.14570456798225107,0.8015494143256326
-3.2962864654240094e-05,0.00027311561640946166,0.11561856415851121,0.14507990596001846,0.8012783346051098
2.677602872617817e-05,0.000545306824881047,0.11559638781411072,0.14542436702157663,0.8014771200905804
0.00031787616397360296,-0.0003149082235404037,0.11569136532650136,0.14514237409429392,0.8011922798610902
0.0002401380691076951,-7.969057871142742e-05,0.11566549222392289,0.14522254830453607,0.8012714719217182
-5.037624155150169e-05,-0.0009300180894889293,0.11572890245967285,0.1439727233203078,0.8005765071009101
0.00036903255529702325,-0.00014282050189802059,0.11567803549083522,0.14538251487054632,0.8013274779245179
4.144559488710574e-05,-0.00030232523730035253,0.1156757685067184,0.1446892019943427,0.8010017691092199
0.00011818562957257735,-0.00030673150441335714,0.1156801946798311,0.14481419994908046,0.8010541382597253
0.00034551661840564264,-0.0008333899570167803,0.11574087476215189,0.14472440071160825,0.8009150171268415
8.080316228580704e-05,-0.0012085931895483685,0.11576155815270596,0.14394377497977612,0.8005108165366026
-0.0003114829528333472,-0.0007165699078564468,0.11569533265828967,0.14372502663497172,0.8005119498409691
1.822116263848914e-05,2.1735656422748827e-05,0.11564453830908861,0.14494057604737115,0.8011708629598815
-4.009687427851209e-05,-5.019383591587475e-05,0.11564815587894293,0.14477810868203833,0.8010879188828762
-0.0003353420476048877,-0.00011831832662309896,0.11563892750356956,0.14422084349383313,0.8008376331404227
-5.9458985746924624e-05,-0.00012154784074309555,0.11565374754034292,0.1446816249839648,0.8010331751620394
0.00041964461429059067,6.632107151804317e-05,0.1156611943277957,0.1456549830821952,0.8014835366387307
-0.0001486921950820609,-0.0012318662128398697,0.11575144513394103,0.14353730766273626,0.8003333196538776
0.00038953225200215097,0.0009175862476420464,0.11558025959584729,0.14636782185569164,0.8019500790409241
0.00013729524189711866,0.0008814023358833818,0.11557078879216183,0.14591156308939957,0.8017489119372274
0.0007463919304387693,0.0007356615405912754,0.11561530899987497,0.14680402544258586,0.8021009251323338
-0.00031948140325062683,-0.0007063177522452206,0.11569396211093527,0.1437207636530931,0.8005120990483537
-0.00015141282123248565,-0.0005820028098232222,0.11569144690790349,0.14411457168673875,0.8007035633981773
-9.688858295561962e-05,0.0006252606561846768,0.11558256512584046,0.14528825315206667,0.8014344914633248
0.0007024844362113582,0.00031632273959961057,0.11565233342903415,0.146354189963045,0.8018290911859791
3.370824261040625e-05,-0.0008411526771663937,0.11572516567992289,0.14419358215559258,0.8006875536189305
-8.083553502578592e-05,-0.0001042888228642521,0.11565102969343949,0.14466116790097366,0.8010277726397126
-0.0003149686929028372,-0.00027671968255800396,0.11565462046562108,0.14411315479618336,0.8007614435670636
0.00018932272352786426,0.0003835910708796368,0.11561981026286364,0.14555247763310292,0.8015006784227326
-0.0003040514347212003,-0.00037337675047520257,0.11566411296394208,0.1440449091063838,0.8007138738053087
-0.00013066048730587924,0.000485803230145507,0.11559375676108773,0.14510642476644892,0.8013303687611811
0.00023959375948126495,0.00023034595025189807,0.11563665520770054,0.14549954063900067,0.8014487851496868
-0.00023747147105394905,-0.00025388872184955676,0.11565661328549053,0.14426386751065717,0.8008299776866007
-0.00015602753883942064,-0.0005350448439479327,0.11568687015601571,0.14414887551672395,0.8007271627658354
-0.0002930393266890711,-0.0008600456984261291,0.11570951984678929,0.14362755386716503,0.80044296862617
0.00017809299969061794,0.0005375730297116456,0.1156049046667692,0.1456716942596465,0.8015809289582873
0.0001548541974470995,-0.0003000084525761388,0.11568148839234663,0.1448818346656972,0.8010842191834985
3.173551875173673e-05,0.0005237379704020641,0.11559864853222614,0.1454133576659487,0.8014683012995444
-0.00021133829440180715,-1.664550226605583e-05,0.11563607191522288,0.14452038658497252,0.8009846301017254
-0.00018190740322194087,-0.00012801302407980424,0.11564791488610686,0.14447004591841978,0.8009418646477582
-0.00015484354226461092,-0.00017742243569569631,0.11565390603443308,0.14447125521515913,0.8009329140566608
0.0004507078442809567,0.000353138230609423,0.11563606632551304,0.14596430274803252,0.8016701638790152
0.0002143144197407819,-0.00018347474394710134,0.11567378294934301,0.14508615536571434,0.8011935256410976
0.0004362451509723469,0.00024802071564695364,0.11564512440748888,0.1458457575006758,0.8015995601629277
-0.0003473266316722003,0.00013859646445827962,0.1156145703486059,0.14443095859435595,0.8009762992777192
-0.0004047533300122962,-0.0008313615724841791,0.11570089889553341,0.14346546282173384,0.8003794593929826
2.3012278763143532e-05,-0.0005198068529256031,0.11569491733574179,0.14446339702903038,0.8008639778395973
0.0003553021141939751,0.00026510934924436853,0.11563937826989618,0.14572510225186192,0.8015514693312141
8.649663754539961e-06,0.000418864864407792,0.11560719685350071,0.1452805174144589,0.8013916588350117
0.0002069529039367054,0.000723186339923779,0.11558909833293196,0.1458866685547348,0.8017080044306942
-2.3436132563776424e-05,-0.000927983087679967,0.11573014629518118,0.14401981549596776,0.8005969447026445
0.0005412110454796609,-0.0005404297496764665,0.1157239019268614,0.14531549425919427,0.8012227760203661
-4.2545060648567176e-05,0.0005514734563312863,0.1155922307642523,0.14531340412863353,0.8014310630838581
6.004094552098424e-05,-0.0007205688978809029,0.11571542246859935,0.1443458078657457,0.8007754584340994
8.541154093949249e-05,-0.0005043598344630727,0.1156967708739389,0.14458208383288618,0.8009174635621021
-0.00043358294738667276,0.0004530764785671137,0.11558096874838784,0.14456790603351755,0.8010948448058207
-9.76766387461579e-05,-8.502893475090073e-05,0.11564836439572204,0.1446501256518482,0.8010267614436826
-3.008455723599045e-05,0.0003127416480043566,0.11561503777743776,0.14512027043918063,0.8013031094852204
0.0004395395606161027,-0.0005823833069703323,0.11572251721071969,0.14510713748437698,0.8011260387382888
0.00027642472420349654,0.0005108097600107935,0.11561244567799023,0.1458129051463546,0.8016359172151382
-3.039469325976107e-05,7.312271599660376e-05,0.11563723960233836,0.14490493898736462,0.8011655360619682
2.8431783834780346e-05,0.0011218036708063287,0.11554281620573792,0.14594434340843593,0.8018089208430391
0.00014899824162384944,0.0006527318189216142,0.11559268953857897,0.14572609333808323,0.8016261484276705
-8.476400470113234e-05,-0.0005912459661281676,0.11569582861605082,0.1442182993604732,0.8007459509049449
-0.00010864596262406947,-0.0003338115049481175,0.1156707920480018,0.14440877078261688,0.8008763540252832
4.449176590262658e-05,0.0005436289815297316,0.11559745854213554,0.14545263229884403,0.8014888315625937
0.00014800431025596686,-0.00044503276831910614,0.11569456376411343,0.1447403985254867,0.8009962255341606
-8.279561900947367e-05,-0.00011556843493678333,0.11565197064819571,0.14464776569457077,0.8010199063000636
-0.00020130487736739244,-0.00045700617003890617,0.11567727215165693,0.14414268327439234,0.8007394765848765
-0.0004897646728053198,-5.778958157342434e-06,0.11562037251643548,0.14406211333827362,0.8007916189046841
-0.0001647526462970976,0.0010567942589426679,0.11553895970971957,0.14556133523928072,0.8016334153494274
-0.00027718774340238823,0.0004765394607438803,0.11558698378647494,0.1448518408267943,0.8012202143823454
0.0004255502302390194,0.0003303721382356043,0.11563690135886814,0.14590162827652992,0.8016391212170013
4.713392696015292e-05,-0.0007462942936246883,0.11571711721896911,0.14430108274830433,0.800751490130342
-0.0002771587791019682,-0.000737320379356069,0.11569907434377975,0.14376413604901755,0.8005246240435536
0.00046646198364840166,4.9490680604843557e-05,0.11566516928058876,0.14571854158544295,0.8015073701114156
0.00019757938144403573,0.0006989519650310442,0.11559087648265746,0.14584918032637662,0.8016874026013796
0.0001267039455134115,-0.0010006636250886063,0.11574481316407204,0.14420702289670673,0.8006627178652265
0.00010804799955422231,0.0005578216318295287,0.11559941606281422,0.1455721590270867,0.801542434551473
0.0001972738210866134,-0.0001922477084867214,0.11567370986641783,0.1450496635750978,0.8011763099643588
-0.0003667844671684537,-0.0007853458365046577,0.11569870349043243,0.14357048723189947,0.800432984932087
-0.00011278742101517516,-0.0005751343032559516,0.115692858781394,0.14418563605116602,0.8007351322327377
-0.0007055361756883183,0.00012514182964381044,0.11559684993113595,0.14381668493396876,0.8007122174360616
0.0003575655032541427,0.0010087629267889104,0.1155701177368478,0.14639593035770598,0.801979511994364
-0.00033112892187771504,-0.00036569246959351607,0.11566196765732463,0.14400628017613254,0.8006989010493042
-7.218359813450643e-06,-0.0007392391350901034,0.11571359225930937,0.1442160703944647,0.8007166508231904
0.00028476940406558013,0.0004580482006301561,0.11561778840692762,0.14577960866180023,0.8016116348880732
-0.00024207828850430577,4.918522186499204e-05,0.11562836988068889,0.1445277222884246,0.8010003642563917
-0.00026223249596866066,-0.00011078340380267863,0.11564209169744802,0.14435048102722864,0.8008942650044775
3.0275344595531133e-05,0.0002040334796037263,0.1156282602546602,0.1451242416089487,0.8012839747444744
-0.0004128019159002291,-0.0003204620986483289,0.11565346034249224,0.143909515544419,0.8006663719029491
-2.978053741239765e-05,2.3381353871269973e-05,0.11564188046305675,0.14486138703937745,0.8011374664319368
-1.8831325854387706e-05,0.0001687985076708863,0.11562897383788827,0.14501013399968954,0.8012286476492727
3.807148937482407e-05,4.854946554352839e-06,0.11564713817073968,0.14495880245925002,0.8011753883291611
8.706905174536907e-05,-0.00045274535015070374,0.11569208252202065,0.14463110429053883,0.8009482200438361
-0.0003180183955726234,0.00027532245100473973,0.11560347083812791,0.1446027918328729,0.8010756436508408
-0.0001402701798918325,0.0007627857587703412,0.11556754812605347,0.14533870030503737,0.801482313280751
-0.0003749607867211541,2.0197891677539e-05,0.11562404881812179,0.14427838412290184,0.8008886646122422
0.00011114011410892139,1.688141704196894e-05,0.11564982783848111,0.14509236090334598,0.8012345498258897
-4.8914574770408446e-05,0.0006601636799525141,0.11558180417056117,0.14540018314498065,0.8014888279271858
-0.00033048310057535237,4.589321707111087e-05,0.11562402193201843,0.14437617784518458,0.8009352191540514
0.00044342529084749214,4.352722290890361e-05,0.115664539867165,0.14567449912336405,0.8014874782348544
-0.00040773685871164933,-0.0002975059724107746,0.11565161456484743,0.14393859653342278,0.8006831497853717
6.185717478716875e-05,0.0007351166697179675,0.11558054341044373,0.1456535651733643,0.8016110547785175
-0.00013414077250164275,0.0007063392557705394,0.11557310760610066,0.1452983684899921,0.8014543299936522
-0.00022854076971776663,0.0003215477594977633,0.11560387870251097,0.1447946326963387,0.8011661682367445
-0.00011758253515139893,0.0008111366326702862,0.11556422847158568,0.1454202050971954,0.8015262735555118
0.00017969512733889654,-0.0007071776157490032,0.11572048786120483,0.14455884361210047,0.8008687159152889
0.0001995627376721198,0.0003463482925368197,0.11562380216006161,0.14553628859861728,0.8014866519073048
0.00012465717943518258,-0.0005171140267072838,0.11570001184808212,0.144636601369168,0.8009382290579607
-6.95724639860511e-05,5.220569212411548e-05,0.1156371312935273,0.14482035194239656,0.8011255191587282
0.00035032270784450385,-0.0004132262678706484,0.11570217718060882,0.1451087967883839,0.8011591506887366
-0.00019948140281385193,-0.0003113985566802705,0.1156639296693754,0.1442761913851966,0.80082420691132
-0.00020415388930528964,0.0002350991443398868,0.1156131580205424,0.14475811660775445,0.8011340618232046
-3.891905539005744e-05,-0.00014721301573550878,0.1156571994251263,0.1446931428437444,0.8010331617652888
0.0001601939552266185,-0.0009259153905477747,0.11573968094373409,0.1443302122800469,0.8007294807808857
-9.732054368223692e-05,-0.0003635772925026185,0.11567413933011803,0.14440113645748964,0.8008674017351484
1.6882288271339855e-05,0.00012787789452518484,0.11563462786708192,0.1450334666092422,0.8012307414481816
-0.0003426311943277801,0.0005624198918136,0.11557561289040624,0.1448188522150486,0.8012226228890442
0.0008220186291039391,-0.001265646163069392,0.11580584864227102,0.14513772723828156,0.8010081679288635
0.00010780897612369587,0.0006143176974377172,0.11559414769974424,0.14562242779197654,0.8015746576227432
-0.0005426039829431355,-0.0008601101337079766,0.1156961273128834,0.14320799314572502,0.8002643437997261
-1.863392341473504e-06,0.00031652725247962427,0.11561615218443531,0.1451710897023339,0.8013254691213069
-8.765063292644552e-05,0.0002271732055650639,0.11561997649088747,0.14494681274518734,0.8012128738559777
7.740015757232214e-05,0.00023655626581706862,0.11562768799262087,0.14523258570374853,0.8013363286604369
-0.00014989186228159525,-0.00031205499319619145,0.11566660761090798,0.14435894581268338,0.8008593107985292
9.587558593359671e-05,-0.0002725210666790229,0.11567585898029283,0.14480736520701737,0.8010577823444069
0.00022912662249285974,-0.0007787493536812054,0.1157297074928798,0.14457779862464593,0.8008630742509534
-8.79108645260713e-05,0.0004624125717013319,0.1155981471936686,0.1451572952516858,0.8013475440225422
-1.5378051347747154e-05,0.0006048398437494084,0.11558867771018767,0.14540692124742977,0.801481097989407
0.00011273940679286773,0.0002719302485521578,0.11562623389349037,0.14532368117034067,0.8013818858161725
-0.00015433333780703987,-0.00019259251710011772,0.11565533506427482,0.14445851929485615,0.8009245860630742
-0.00018406568164539098,-0.0006817098870443417,0.11569890822765132,0.1439703969800823,0.8006230853686302
-0.00012210810255289584,0.00037418586835401697,0.1156045531379331,0.145020710701589,0.8012724965271811
-0.00044451186326330543,0.0002696003581545114,0.11559735040928783,0.1443850281175189,0.8009818426048056
0.0005512510316509607,-0.0003833390953217651,0.11570981854472663,0.14547308585252788,0.8013199588163615
6.973694769869571e-05,-0.0008105052757049968,0.11572424180506123,0.14428156310738438,0.800730879409671
-3.710154131882533e-05,0.00011811890779889839,0.11563271974360202,0.14493400125229355,0.8011865282080899
3.37379078498995e-05,-0.0004750292844667154,0.11569134174905324,0.1445215297287048,0.8008973037678565
0.00026270460361090957,0.0007079767511635133,0.11559336797505695,0.1459666972021913,0.8017391599575202
0.00010718752966470625,0.00025377211533126747,0.1156276330518309,0.14529807266673606,0.8013675053719179
5.2945701418807383e-05,0.00027758375272883437,0.11562261078384446,0.14522827615942796,0.8013423537029187
-0.0003387157090257215,-0.0005019280382013725,0.11567411802082382,0.14387148896694785,0.8006154199019827
-0.00045496635706955205,-0.0003225248942167076,0.11565140682393167,0.14383678870970718,0.800635015967352
5.691189184065181e-07,0.0004230752979713995,0.11560638727820724,0.14527071388957352,0.80138829194281
-0.0002858320862613975,0.0005838710099958907,0.11557658937307909,0.14493356497670734,0.8012755670205217
7.692295542395697e-05,0.00012304774374149788,0.11563819870974461,0.14513002778150647,0.8012709234849682
9.818484810568955e-05,-0.0003486014891029638,0.11568302551777865,0.1447430805598494,0.8010158407363785
0.0002009850149065228,0.0006225355523329469,0.11559816959117976,0.14578635938237644,0.8016460197449665
-0.0002916248478201821,-0.0006440158525947308,0.11568971209055053,0.1438233791640507,0.8005677190423087
-0.0002385530861431502,0.000896499986599149,0.11555004584716101,0.14529346605284205,0.801488672220865
7.6132802694115775e-06,0.0006818405208172918,0.11558270658186902,0.1455146224624913,0.8015416988918089
3.745998273014977e-05,0.0007940729889906095,0.11557380260700546,0.14566545499424227,0.8016274107446948
5.415741246801626e-05,0.00020638413477552477,0.11562928265260203,0.1451664801247161,0.801302406549751
-0.0004891065824023761,0.0004342016292403402,0.11557979645442461,0.14445763970972392,0.8010442871191495
8.169701390349123e-05,0.0003548084842111186,0.11561692816232025,0.1453458286770853,0.8014071913558878
-0.0001317249591966546,-0.00022795261636383962,0.11565979333987857,0.1444648311403584,0.8009204991328203
-0.00014699718221549142,0.0011331025801882089,0.11553277444558664,0.145659655651952,0.8016898900864354
8.056868281339006e-05,0.00032324907227462103,0.11561980145386262,0.14531563568339523,0.8013882919395142
-0.0003742703119493382,-2.6435784603891647e-05,0.11562838996619505,0.14423775008177236,0.8008624325154111
-0.00017881899849717505,0.0002912356194450167,0.1156092837898099,0.14485102522659998,0.801184368350511
0.0004158559447411537,0.0009214709562176158,0.11558123088406311,0.14641552988590317,0.8019711331699452
-0.00047473989781109403,-0.00013346540925417472,0.11563293931510027,0.1439729444316939,0.8007291975298125
-0.00024229499609983442,0.00010502596250368426,0.11562319492008162,0.14457740969522098,0.8010322142947415
-7.894519057626225e-05,-0.0003720831318003531,0.11567589357485007,0.14442439641581584,0.8008756743322715
8.034631001631345e-05,-0.0006616200289573131,0.1157110460482914,0.14443271883917275,0.8008237504581277
-6.871171385617434e-05,0.0001294151480528911,0.11563002369745079,0.14489100573475588,0.8011703884850488
-1.860960008880484e-05,0.001016803198803245,0.11555019002963567,0.1457710649555718,0.8017150389080602
-0.00010817029655288701,0.0005690077464037133,0.11558720323304436,0.14521884086793396,0.8013941653272949
0.00017421670730649312,-0.0003331856228619605,0.11568557427976132,0.14488464174310006,0.8010790584132875
0.0005494468974852604,0.001028610184841081,0.11557795389507917,0.1467360795093604,0.8021281200904806
-8.380979342634041e-05,-0.0003251129750505104,0.11567129624507769,0.14445830208024169,0.8008991065310639
0.00013831376246548703,-2.945436773367778e-05,0.11565553991041926,0.14509649005875097,0.8012274310741895
3.196178748193755e-05,0.00023121807727938354,0.11562582537738217,0.14515144642728545,0.8013007639685233
0.00026491586372007464,-2.3753846091658237e-05,0.11566158175984896,0.14531430948568863,0.8013212517049585
0.0001228428823285615,-0.00014530698949378324,0.11566547877994723,0.1449666691924416,0.8011499706458789
-2.3565768340050023e-05,6.04938293875232e-05,0.11563876625205637,0.14490509509223187,0.8011631831909137
-0.0002589539298284734,0.0006655596402726538,0.11557041649830531,0.14505200932096884,0.8013416394887576
-0.00013508680681408264,0.0003338730842849837,0.11560761437465433,0.14496275275111586,0.8012401003146208
-0.0007895231006506754,0.0003993627154907178,0.11556713370789289,0.1439212937231839,0.8008092835015559
0.0001643817504742838,-0.0003716029122144094,0.11568861991098164,0.14483369855049993,0.8010500115964255
1.5850256240780024e-05,-0.00048733730876682484,0.11569153860242815,0.14448044689691375,0.8008774564103741
0.0003387004169003311,-0.0007342437251530121,0.11573133487444302,0.14480173476777086,0.8009669327762674
-0.00023968222988570662,-0.0011149164839049852,0.1157358143929969,0.14348906470045136,0.800335186156958
0.00021367436142802294,0.0005108361920395199,0.11560922228789144,0.1457074998519089,0.8015910498673167
0.00020734352955716474,0.0007122759805463036,0.11559013504915301,0.1458775379865997,0.8017020273213477
-8.286290753021316e-05,-0.00020310178468154524,0.11566006479737233,0.14456921414449064,0.8009696970376262
-0.00013526769438905616,-4.3919275836518514e-05,0.11564258905917826,0.14462379277023518,0.8010234266054104
6.822945909160795e-05,-0.0001302024895238156,0.11566122910984883,0.14488843868972,0.801119560480815
-0.00040597753379586956,0.000845944707727235,0.1155460446310766,0.1449666778548484,0.8013398692947321
0.00010101486979317999,-0.00010965672507870321,0.11566103557489237,0.1449619402662879,0.801154787032781
-8.340235662784768e-06,-0.0007296703427840546,0.11571264957173176,0.14422275417791192,0.8007213292991312
0.00022075530691382028,-0.0002254303524060412,0.11567801039360567,0.14505938129494417,0.8011740900963651
-0.00025964784724604134,0.0005232279980758435,0.11558357357573386,0.14492319126367753,0.8012595333600732
-7.808059910043183e-05,0.00044348196373033454,0.11560041415628676,0.14515684021075664,0.8013437237524204
-0.0005072620435888598,-0.0007238956876345307,0.11568552370113909,0.14338937363666698,0.8003676545667227
-0.0003358322868650572,0.00026541653251291005,0.11560345205412279,0.14456396742260919,0.8010572179064454
9.996391288058966e-05,-0.00017190049445991778,0.11566675012149687,0.14490439566640856,0.8011183654507883
2.5618029980267097e-05,1.861537136470406e-05,0.11564521327985103,0.14495020907327189,0.8011743661091469
0.000322730919086107,2.2924101865818636e-05,0.11566023443743753,0.14545327723707624,0.8013893542285722
0.00013360010137482964,-0.0005183488388896276,0.11570059545248094,0.1446505212478208,0.8009439183781697
0.00012903103285909898,0.00011852342516596803,0.11564132432797299,0.14521352927322945,0.8013056044336119
0.0003453561917172719,-0.0002885655421870325,0.11569034749130076,0.14521214168319235,0.8012270273261849
-0.00013771280479056683,0.0005582053759464313,0.11558667324819796,0.14515950221918372,0.8013668346693741
-2.6600517022785024e-05,-0.00047978095951212293,0.11568860441805053,0.144415881497106,0.800851417652331
4.005209641180671e-05,0.0006548846486602577,0.11558688517399067,0.14554495606313755,0.8015494483418624
8.50603983170574e-05,-0.0009249271000094352,0.11573561712914529,0.1442048591872298,0.8006763056586742
0.00011038560779303073,0.00034783932342532587,0.11561905946424936,0.1453877860806263,0.8014237180826598
-0.0003509939985443078,-0.0004806817457876323,0.11567150751764217,0.1438698817672564,0.8006188058670294
1.983521137934254e-06,-0.0002547736111635415,0.1156692984671899,0.14466549633540154,0.8010007868073129
-9.370799183705316e-05,0.000848604419430191,0.11556197781897207,0.1454939428303289,0.8015648424091412
-0.00011348803873722169,-7.545622540066493e-05,0.11564664936112772,0.1446321323144411,0.8010209352971523
0.00016064859559799372,0.00025877742391929194,0.11562993451819722,0.1453923890013144,0.801408615939582
-5.199563651215647e-05,-0.00017831582641540737,0.1156593921604126,0.14464329674380166,0.8010059832362345
0.00022748817640958293,-0.0008394898229839885,0.11573523985651585,0.14452065563701388,0.800827111629064
-0.0004181539359026819,0.0006176166928789448,0.11556655553081635,0.14474140060967194,0.801200224828211
5.690162276028383e-05,0.0006561369239645594,0.11558763664360291,0.145574393570507,0.8015622201729634
-0.00036455323956703515,7.398886757093421e-05,0.11561963105684697,0.14434409082035754,0.8009269415967495
0.0003228923366661427,-0.00013879740868887896,0.11567527266743874,0.1453086075074118,0.8012967853016185
-0.00028550815667521226,0.0005542691906522285,0.11557934907460504,0.14490756158795381,0.8012588261914634
0.0001379368890690536,-0.00023737296440105857,0.11567480030503345,0.14490953184562355,0.8011080093706442
8.867172188371996e-05,-0.00033223477945221896,0.11568101188107657,0.1447417592906326,0.8010184136397953
-6.903058183820633e-05,0.000697738020122687,0.11557727347897624,0.14540007963657664,0.8014959820117633
-0.00020597342509602967,-0.00021406126903602835,0.11565459798048146,0.14435249266788397,0.8008753363545414
0.000209568318160698,0.0011019741142322035,0.11555389846652583,0.14623092250147396,0.8019271225427325
0.00021991752902182656,1.7551970092610586e-05,0.11565541338943619,0.1452757299641403,0.8013127408900307
-0.0001570910638334523,-0.0006331571168214713,0.11569586406844569,0.1440592135696045,0.8006701970485461
-0.00030295614799899566,-0.00017316594204758173,0.11564570148843661,0.14422613127194028,0.8008293770106509
0.0003457397800870607,0.00044146640493196313,0.11562245938601927,0.1458671708622668,0.8016457346719823
1.1761752855970014e-05,-0.00022118088875741537,0.11566670175546635,0.1447120275956078,0.8010270311603521
0.00024520855879790634,0.0008110276421005552,0.11558286458928917,0.14602974575136124,0.801785742098896
0.00011463902476460904,-0.00038172090316444134,0.11568695388436064,0.14474105596493542,0.8010086341245259
-0.00010575789277948308,-0.0005148324308974952,0.11568766433165299,0.14425146168604558,0.8007747071486342
0.00029115185036763055,-0.00031551125820394855,0.11569003142808255,0.14509693748089653,0.8011728213770561
3.02945479554536e-06,0.0006581148502504269,0.11558467614033716,0.1454856384148721,0.8015248148563154
-0.00017602087667411653,0.00019651269043888646,0.1156182021021835,0.1447708083412103,0.8011320728190328
-0.00021742592073813218,0.0004939556303855876,0.11558848668482982,0.14496790748278665,0.8012729619056876
-0.0003576469630648598,0.0005788918908038617,0.11557330326042459,0.14480838374601723,0.8012213218803231
4.1222879940377046e-05,0.00028735625197380717,0.11562109555492933,0.1452173389320643,0.8013395697085792
0.0001487541600759572,-0.00011511525642586917,0.11566402931648004,0.14503726235126302,0.8011858069331084
-0.00015418756998159056,-0.0003060235103560383,0.1156658238918987,0.14435713020823243,0.8008596933284684
-0.0004210913567317883,-0.00034577431431335944,0.11565535107310684,0.14387290417096193,0.8006459368793193
9.037521597254962e-05,0.0003284317556031691,0.1156198276172294,0.1453367608570751,0.8013982780532553
-0.00013664533536176222,-0.0013398279705654445,0.11576201662087188,0.14346093437691593,0.8002801242188853
-0.00022461389862520628,0.00018533334871788552,0.11561669303989992,0.14467911503314623,0.8010908961430692
-0.00019163491503183797,0.00039261369451961146,0.1155992227493501,0.14492038153479941,0.8012333153245352
0.0002743556093991727,-0.000553959928710697,0.11571126552932552,0.14485510663737194,0.8010241910044497
-0.00020104020583587782,-0.0007744771508967974,0.11570655314748964,0.14385879573458354,0.8005578037533759
-0.0005958721465511704,0.0009451264918057414,0.11552695187268183,0.14473640689272926,0.8012608402784342
2.76381987118206e-05,-0.0007881690593948511,0.11571995338420939,0.144230825759826,0.800713558826351
0.00013905016410899424,-0.00050626167384793,0.11569976269702142,0.14467050553945643,0.8009547415011601
-4.100753089564547e-05,-3.0166646480403453e-05,0.11564625363743622,0.14479452720026675,0.8010987450869947
5.705665136091406e-05,-0.00029224332835641554,0.11567565330313968,0.14472446688909157,0.8010187132359861
-0.00034299232113132235,-0.00015972903225350792,0.11564234425478634,0.14417087620202823,0.8008084283258894
0.0002285392154499105,-0.00037501765345094646,0.11569228772886621,0.14493843186656413,0.8010939437728869
0.0003010557423138661,0.00043132447898915126,0.11562111321995959,0.1457830061143181,0.8016079617411083
-0.00011211114907162073,-0.00030659852973714325,0.11566809475474911,0.14442732825092258,0.8008894673957178
0.00015316219968657523,0.00011857445795181218,0.1156425711573011,0.14525412128797538,0.8013228947611979
-0.00024742916024338336,-8.41176346004112e-05,0.11564040865446319,0.14439925860110786,0.8009201386400757
-0.00037689545289905824,0.00015503879789719195,0.11561149435217465,0.14439599367188327,0.8009645641255586
0.00047651539347929494,-0.00010968472091115152,0.11568050421428851,0.14559276342864175,0.8014233313342835
0.0003982790029233986,-0.00017024014613811,0.11568209703361902,0.1454070736230076,0.8013326801009986
0.0006678892692986677,0.0007897018740820674,0.11560629429082599,0.14672065978004944,0.8020757878345621
-0.0003196255700036009,-0.000513851022173971,0.11567623219467246,0.14389289693331558,0.8006222494565081
-1.386071211298916e-06,-0.0005972845591793817,0.11570079121521373,0.14435300248929256,0.800802138968779
-0.0003803103273655436,-0.0005825181993996032,0.11567932144168443,0.14372939025837012,0.8005394878963986
0.0001502847471545566,0.0001764977858950125,0.1156370426092096,0.1453012109949972,0.8013540378878885
0.00047900726863156463,-0.00011052247606626792,0.1156807105927693,0.14559619837838872,0.8014246331477901
-0.00021339678500980887,0.0007458558093272273,0.11556533324136695,0.14520060660334128,0.8014202817018045
4.58376492498254e-05,-6.988892529326325e-05,0.11565447097095996,0.1449048640534213,0.8011381072954616
-0.00018682635671503093,6.547900070551956e-05,0.11562976354512983,0.14463519042691036,0.8010492362610592
0.0001301118962125424,0.000697861186409144,0.11558751803101412,0.14573483878655263,0.8016385169520804
-0.00034122449335178396,-6.118375435585995e-05,0.11563334303709161,0.1442621567488695,0.8008661660533885
0.00017704806947920734,0.0010822286329160561,0.1155540874674771,0.14615856032383495,0.801892534358726
7.32545964711804e-05,0.0008683882637072047,0.11556872149325695,0.14579227579948445,0.8016956366616231
4.7835758881639067e-05,-0.0003826862275425519,0.11568354064952753,0.14462794261490453,0.8009602953650534
-0.00020520199020672314,-0.0009558875954439217,0.11572303374080327,0.14368937375519503,0.8004509256437826
0.0001871447623731839,-0.0010005222075976847,0.11574799669994165,0.14430869769954646,0.8007060292490965
-0.0005160895657886513,0.00043463572157338183,0.11557833674226516,0.14441266598929597,0.8010252243780349
-7.191015012289657e-05,0.0007761850846277613,0.11556983419781297,0.14546560917439688,0.8015389069657214
4.4934089103317966e-05,0.0001302053349255336,0.11563587163500245,0.14508269116423805,0.8012521428543868
0.0001108644883195917,-0.00041503987597877825,0.11568984086394676,0.14470486442701586,0.8009868439688487
0.0005581360373314614,0.0004772071089678415,0.11562996620471627,0.14625601450039866,0.8018181173688524
-0.00022308802995431946,-0.0009025068958410941,0.11571716555809601,0.14370710492050698,0.8004687002202548
-0.0002607696297951797,0.00041546637692236314,0.11559349748690698,0.14482467246308656,0.8011969486303541
0.00018445470973250583,0.0003648839434044739,0.11562129925583736,0.14552752422598203,0.8014864716902997
-0.00020964728142827162,-0.0001172015795342251,0.11564545555296206,0.14443311210595583,0.8009282125990488
-0.0005939985641599866,-0.0003101966344955888,0.11564285487606649,0.14361410164827704,0.8005425769104956
0.00018692000156978446,-0.0005383467224814621,0.11570524270702655,0.14472219447101448,0.8009705995938263
0.00016056408553411357,-0.0002977828385239672,0.11568158036846445,0.14489342243271325,0.8010895786102076
-9.89542695749273e-05,-0.00040196736092149113,0.11567760013003126,0.14436399855935073,0.8008442372273036
7.650931334116974e-05,-0.0009138483602385632,0.11573414177907275,0.14420041042396264,0.8006765341259495
8.459667008609813e-05,0.00033386584202157413,0.11561902375437519,0.14533192325298755,0.8013972596346944
-0.00015272263573267271,0.00015552901444393084,0.1156232153503416,0.1447732258286457,0.8011252506961029
-0.0003886871719270451,0.000671983257167473,0.11556306191779864,0.144839697086535,0.8012524859737167
0.0003489473171111088,0.00038869428453021436,0.11562754104738086,0.14582523724334095,0.8016177733807491
0.000122853158548874,0.00022703610976664118,0.11563092767260445,0.1453004259236103,0.8013633853439784
8.525672308908595e-05,-0.0001721026822394927,0.11566600090757613,0.1448795021803217,0.8011077292351273
-3.934093890257277e-05,-0.0008813553272991003,0.1157250019981342,0.14403483650213755,0.8006122718624321
-0.0006339616098481152,6.577610304233316e-05,0.11560612393327685,0.14388381836712522,0.8007294242713897
2.3802099214550458e-05,0.00015371795500389846,0.11563259142605568,0.1450682582256077,0.8012505028971305
9.859748374543022e-05,-0.0005756766668503927,0.11570406057181466,0.14454035966001777,0.8008860388079758
-0.00024747886707247077,0.0003450768615677664,0.11560071005302872,0.14478389773697364,0.8011661057150614
-4.781450086887143e-05,-0.00025736449136807687,0.11566692469128767,0.14457949225597594,0.8009636774094766
5.732435583064816e-05,3.4454842778506615e-06,0.11564827236667817,0.14498989103421628,0.8011883531299027
-3.5812743765449866e-06,-0.00016219041804525747,0.11566043701205866,0.14473910475629276,0.801049859117996
0.0001939284398471591,-0.0006850037749778108,0.11571918449433156,0.1446026153281667,0.8008915979691047
3.0439913237795262e-05,-5.944234198590756e-05,0.11565269910251642,0.1448883524141416,0.8011330793359932
0.00033982460523907193,0.0007205054097651653,0.11559613615279027,0.14610750303386394,0.8018015029664787
7.419970734068144e-05,0.0007552748027948655,0.11557930163594358,0.14569238831222936,0.8016314440074446
-0.00045054339104595167,-0.000281687034032846,0.11564788117840866,0.14388081128439273,0.8006615802976067
-2.938180168646021e-05,-0.000429341393112372,0.11568379605998375,0.14445639141148692,0.8008783260045068
-2.6970432856217955e-05,-8.429271293285931e-05,0.11565200018490629,0.144769607976246,0.8010777676694024
3.051060392972464e-05,0.00021333154264045092,0.11562740974617208,0.14513297253901036,0.8012894728536393
0.0001689751236948372,-0.00029378980520980316,0.11568164948405993,0.1449111321316765,0.801097882809422
-0.00010636139592852484,0.0006701526684949108,0.11557790585094348,0.14531259784231282,0.8014534553184911
0.00014542119225857992,-0.0010539438685936303,0.11575072267126475,0.1441907731186391,0.8006455931791282
0.0002538501000426253,0.00019472966067936672,0.11564070291321024,0.14549156243338118,0.8014385656793048
-0.00018779883434602085,0.0007589779125846977,0.11556544180367705,0.14525540191340597,0.8014461225943249
-0.0005178015973579616,-0.00022952622359767726,0.1156394976976916,0.14381447879706544,0.8006433341832467
-0.0005297190042291571,0.0002765882912617169,0.11559221160432377,0.14424804826752247,0.8009248671769222
-0.00017708442604822663,0.00026488831859012717,0.11561181475747838,0.14483031908242033,0.8011705060986744
-9.815774377493048e-05,-0.000881495273096911,0.11572188926971722,0.14393587245142886,0.8005701147631057
-8.981167365884878e-05,0.00041622955139548786,0.11560233339637496,0.1451126877373286,0.8013197066987896
-0.00017934429922900893,-0.000693755755838423,0.11570026943829247,0.1439675442451251,0.8006195632843754
-0.00024017470597264952,-1.1790481766060143e-05,0.11563410678479591,0.1444762711843533,0.8009667796796759
0.0006500744817410417,-0.0006366921010286594,0.11573848751056079,0.1454121124671301,0.8012454665907481
-0.0002251525318744385,0.00013179271666123414,0.11562161858091384,0.14463021514863,0.8010598219970744
9.824146224595412e-05,-0.0006353959978359392,0.11570956427330076,0.14448627364124383,0.8008515731980493
-1.0436618734584797e-05,-6.161384583075225e-05,0.11565076467356325,0.14481771687747064,0.8011025928679638
-0.0001540773678988141,0.0006590096497657151,0.11557646913409456,0.14522240838836725,0.8014129258113077
0.0003741935566357862,0.0006720398408060856,0.11560241083764491,0.14612176813052208,0.8017982912128075
-0.0002177260695145492,-0.00029967904878987244,0.11566188383265981,0.1442560275880182,0.8008178680357867
-0.00013566370376777169,-6.636777424465944e-05,0.11564464495646243,0.14460300886158817,0.8010102781452441
-0.00020094700711716516,-0.000386866980291979,0.1156708188337758,0.14420611660840127,0.8007799176105875
-0.00026387502000304214,0.00029276583475883503,0.1156046945984463,0.14470943798090252,0.8011243859542546
-0.00025418402860353167,1.6419052459978076e-05,0.11563076243800542,0.1444780074705559,0.8009729229647352
1.67487580950552e-05,5.26908015491265e-05,0.11564159215780795,0.144965847197299,0.8011875513231146
6.02444583236735e-05,-0.0010112203115316802,0.11574226530354004,0.144085905965759,0.8006091344510727
-8.518121468471876e-05,-4.2183595257067e-05,0.11564505414799879,0.14470952270488985,0.801060255464889
-0.00013772132654253,0.0007359404198529091,0.11557017331755372,0.14531890302867845,0.8014687425362335
-1.5244946434542001e-05,7.112058909558581e-05,0.11563821556804887,0.1449286030795181,0.8011752266260584
0.00019663591578872764,-0.00018255617938190582,0.11567277768068632,0.1450572763182149,0.8011814074233687
-0.00015699816511546266,0.00020563181568289976,0.11561835230367794,0.14481095439923009,0.8011509104794753
-0.00038696892918151587,-0.00012406749783596918,0.11563672673866476,0.14412891071184591,0.8007973947798296
-0.0005367313406783125,-0.00017019037417840657,0.11563302645730048,0.14383582106431697,0.8006637868863077
0.00010691963250352087,-5.195301071619913e-05,0.11565599293279008,0.14502357571150498,0.8011920803987581
0.0002708118499573895,-0.00015318796066254034,0.11567390818658894,0.14520821600237432,0.8012512905151453
0.00018751898319668115,0.000627505822983616,0.11559701582920166,0.14576819155615428,0.8016392376230298
0.0003307318815423472,0.001446873010675224,0.11552777574337735,0.1467440811205365,0.8022116534590636
-0.00021625830784865395,-0.0001449079976730198,0.11564766743003939,0.1443971726764759,0.8009076049712742
-0.0004099334900896269,-0.00020163845950856466,0.11564266254644116,0.14402079911440474,0.800736509922361
-0.00027995985292579524,-0.000535676483833288,0.11568035263374409,0.1439400181047371,0.800638128432104
-0.0002550436838393038,-0.0008892621048708912,0.11571423930512086,0.14366525585566847,0.8004534218426891
0.00022957048074780166,-0.0002769763062005381,0.11568325063480388,0.14502800491980733,0.8011508580596072
-0.00014342071353691484,-0.00037341836047281065,0.1156726168778381,0.14431484561925612,0.8008287813354804
-0.00020790678043974622,0.00021189361128757167,0.11561510980643935,0.1447310056251273,0.80111807481916
2.8542141885289012e-05,0.00020951894535057658,0.11562766122594947,0.1451262467622969,0.801285879219968
0.00018867080345881705,7.940195455119058e-05,0.11564804959494848,0.14527866919838123,0.8013258408164876
5.4528620143307966e-05,0.00042738728817088857,0.11560877978024195,0.14536525562578434,0.8014293656472803
0.0002677621366113301,-0.0002747791179586293,0.1156850350986567,0.14509413793097198,0.8011794326640659
-0.00017042048606752728,-9.059418346510238e-07,0.11563676543149418,0.14460326348966168,0.8010229271246642
0.0005284602236745006,0.0009850861553046218,0.11558097172883472,0.14666177029809774,0.8020881477513772
7.85327446084617e-05,-0.00025386427926506384,0.11567322376372545,0.14479494084086508,0.8010560672265628
0.00024369719816857283,0.00037926741526883015,0.11562301264765137,0.14563995863558,0.801537091942295
-0.00034781832633984475,0.0006759971115018641,0.11556482219836103,0.144911997871922,0.8012840343005951
-7.367235708550381e-05,8.038888889500135e-05,0.11563430658114192,0.14483872342107507,0.8011387392171468
-0.00020301328766268354,-0.0005425615601616495,0.11568507326900257,0.14406317691944964,0.8006892397689983
-5.216435399958659e-05,0.0006221180060668598,0.11558517106556873,0.14536059751319197,0.8014646873631002
0.00022823539321900556,0.00022501293668386043,0.11563656486627652,0.14547567598592154,0.8014376040048656
0.00024961802365882317,0.00015335314434352884,0.11564433148717206,0.14544735929802782,0.8014118212911803
-0.00016389099551969357,0.00012262174855987183,0.1156256773627433,0.14472495751094022,0.8010983981684939
-7.476102653097163e-05,0.0005642159264079208,0.11558937940956798,0.14527069120178604,0.8014153207188888
-0.0003084848665830707,8.792809023683678e-08,0.11562941238272241,0.14437210048318944,0.8009247084081865
0.0003498172750710785,2.153138182171435e-05,0.1156617626750618,0.1454975330371247,0.801407927696443
5.6003998860601584e-05,2.36904174764615e-05,0.11564632645596506,0.1450058176697342,0.8011990116464873
0.00012820370958198374,-0.00022734407730817216,0.11567336270506084,0.1449021642035408,0.801106794111857
0.00014464263925840264,0.0003998827828430332,0.11561599112007709,0.14549201330271022,0.80147805898467
0.0001839458599727372,-0.0006249832386954752,0.1157131062805138,0.14463959847963642,0.8009188403670598
-3.844770425116265e-05,0.0008499517315513208,0.11556469926561606,0.1455880217777238,0.8016051511523721
-2.2531662823265507e-05,0.0008201645878682198,0.1155682892725372,0.1455880464971545,0.8015994553263922
0.00013930818558300067,0.0006886428229675649,0.11558884844935306,0.14574202249758605,0.801639809181746
-0.00020777880672740657,2.5514653513418456e-05,0.115632360520404,0.144564155402219,0.8010113397174543
-5.575399102670894e-05,0.0010974265270671509,0.11554077813256741,0.1457809890297141,0.8017347087981671
-6.527864989999753e-05,0.0007377239667518505,0.11557375129794221,0.14544225266316624,0.8015215957633907
-0.00014736477177037174,0.0002050617666599611,0.11561890852427857,0.1448266338358405,0.8011574762157674
-0.0002978535145536618,0.0005210931377512417,0.11558177830622991,0.1448570582032313,0.8012309706748486
4.3198132369013986e-05,0.0007300348510687088,0.11558005659025371,0.14561765158561973,0.801594792366369
-9.643223986163556e-05,-7.733368051843425e-05,0.1156477175881554,0.14465911325220804,0.8010320617692528
0.00012547766384782196,-0.0005992976369593641,0.11570765856856179,0.14456436772881814,0.8008917342665758
-0.00031132013158341226,0.0007152003853648591,0.11556309009496611,0.14500851326549058,0.8013326323707556
4.351331482732962e-06,-0.00013535426112848788,0.1156583674040044,0.1447764831633384,0.8010709126206176
-0.00028284147986944375,-0.00018223293420700914,0.11564760137951216,0.14425181591253644,0.8008385743261572
0.0006135613227043652,-0.0006009980702087215,0.11573327914938718,0.14538275930930805,0.801239808504774
0.0005302137068708457,-0.00021571956592630803,0.11569313931085604,0.14558793875746756,0.8014009642200088
-0.00027627729957887154,0.00012128051227104136,0.11561990716128749,0.1445348621578646,0.8010172151504413
-0.00012188837735247351,-0.0006450093968831779,0.11569882403640894,0.1441077592836174,0.8006885930417285
-0.0004883809590719126,0.000888639694834899,0.11553779473867919,0.14486644988434771,0.8013053800540756
0.0004632148564271073,-9.950486290655818e-05,0.11567887140380843,0.14557954482312002,0.8014196541655224
1.847624596412246e-05,-0.0008132412027670426,0.11572178302498567,0.14419297992062413,0.8006926442653806
-0.0001277657195713063,0.0006444868814805651,0.11557918080866175,0.14525360402999177,0.8014234240641371
-0.0001458547799020575,-0.00029688863954552557,0.11566541939246477,0.14437931876190552,0.800870889261009
-0.00028476970215983455,0.0001393941342756831,0.11561778624205453,0.14453682453423333,0.8010215206022382
0.00021196812870796777,-0.0005110510377519541,0.11570402684635696,0.14478872801997789,0.8010041528535503
0.00022995502413509052,0.00027408312680012346,0.11563209048827909,0.14552255892057175,0.8014669631024401
0.0002794465327291373,3.95713077995593e-05,0.11565644965719969,0.14539548019083387,0.8013679383905252
0.00016896675892844165,0.0009277480374165688,0.11556808692535073,0.1460063627105222,0.8017981478617964
0.0004111673065667463,-0.0001744742042248096,0.11568315710654788,0.14542492982376576,0.8013394705967921
-5.269235032379195e-05,0.00019780880052514663,0.11562452037820707,0.1449792371018193,0.8012210519634124
-1.7035008145160672e-05,-0.00028084790777793396,0.11567071326199468,0.14461017486628142,0.8009722406589108
0.00027535309243558565,-0.00017268533201070187,0.11567595411355998,0.14519837337434016,0.8012433652511433
-0.00025140254732418816,0.0001503800585246335,0.11561852216891359,0.14460275636521652,0.8010516932275661
0.00016644270018639852,-0.00018857665334876415,0.11567176344374372,0.14500115190389667,0.8011563611791783
0.0001628087127765311,0.0009134669423034374,0.11556910404069043,0.14598320199213982,0.8017855521993088
-0.00042640977849022133,-0.000223108837988455,0.11564376691187021,0.14397386477332025,0.8007124162606324
0.00011894122469117886,-0.0004913931317200353,0.11569733161544098,0.14465003706337481,0.8009488761830996
-0.0006286596635620814,-0.0001262981773498017,0.11562408772276486,0.14372059866033665,0.800623143669872
5.838042391957687e-05,0.0005620151852955414,0.11559646595403968,0.14549246046413183,0.8015093091943444
0.00038066739269809264,-0.000332019316791224,0.11569621544084824,0.1452325271875703,0.8012273812239312
0.0003230885888043583,0.00018495881171668978,0.11564518172732492,0.145599126790596,0.8014824854218258
-4.8534979189272e-05,-0.00026172766115808207,0.1156672904222907,0.14457437211946028,0.8009606618441631
-0.0002717865770766102,0.0009493145602707668,0.11554342212404373,0.14528499027019093,0.8014951817038369
-0.0003470344482310238,-0.0005596418622477659,0.1156789900970951,0.1438058124769262,0.8005764042736973
0.0001089389914481068,9.919945454298181e-05,0.11564207505901432,0.1451624472647155,0.8012801562448957
-0.00045935048879669634,0.00042539678369313836,0.11558217442206536,0.144499768484105,0.8010605351369804
0.00042333014812239025,-0.0002033276163869474,0.11568646835264126,0.14541950552751887,0.8013316339293933
0.00032277897737530327,0.0002342823202039772,0.11564057569374774,0.14564282584530786,0.8015105376285226
0.0002131200572955091,0.00045313803510682235,0.1156145646052383,0.14565482566104204,0.8015575724890763
4.751292163113434e-05,-0.00039304906741860387,0.11568448253795392,0.1446181163474165,0.8009541269761934
-0.00042301500635534377,-0.00086787405121468,0.11570327355739479,0.14340207443245884,0.8003454793994944
0.0009114646819267133,0.0002243333155943234,0.11567152250915869,0.14662265766162236,0.8019257588989527
0.00016788184812231867,-8.569439220380398e-05,0.11566229560384875,0.14509576711273137,0.8012163493555725
0.0003856502270609316,-0.0002135943210516748,0.11568547280547235,0.1453470090260201,0.8012988044195603
0.0002482977105861972,0.00018502906736752025,0.11564131830074285,0.1454735374183943,0.8014290338436397
9.173632873378767e-05,-0.0003655743602670015,0.11568425913752842,0.14471703916372508,0.8010015030658174
-0.00015324593578761739,-1.844634939186268e-05,0.11563928925137168,0.14461640748248478,0.8010251624628602
0.0003978022931467655,-0.0007893975810385877,0.11573953743662156,0.1448516260850784,0.8009776062893194
-0.00020143788292065223,2.6206917395893182e-05,0.11563262947132019,0.14457543317196492,0.8010162734290307
-0.00048377338680430506,-0.0005008322536584664,0.11566627970109358,0.1436286341553078,0.8005122433551135
-0.00018904266144569617,-0.0008257964683660653,0.11571191919710921,0.14383300650744735,0.800536993655463
0.00025560111097736846,0.0012221847094674796,0.11554500417065804,0.14641615476674097,0.8020290071885915
0.00043207901610010045,0.00030649075061207226,0.11563946171541592,0.14589118284280728,0.8016300994808782
-6.67561700895438e-05,4.593456891357628e-05,0.11563785932914351,0.1448194639114858,0.8011239397477637
-8.990949433088318e-05,-0.0007530002641546444,0.1157104808324437,0.14406479033321534,0.8006496126923567
0.0001594564910062728,0.0008464959847423469,0.11557517574639861,0.14591748353269618,0.8017447453068669
2.842967786774e-06,-0.00012422857083800346,0.11565725819842756,0.14478391861842932,0.8010762093493199
-0.00023911225247441018,-0.0005418145914473157,0.11568308859909257,0.1440031747134874,0.8006638391431827
-0.0002656706587263975,0.0005247404665093262,0.1155831194137427,0.14491442423127643,0.8012560908647108
0.00043210931163432763,-0.00013171459558107483,0.11568026308168068,0.145498427788611,0.8013789511369092
0.00010548720553409418,-0.0001305756058219966,0.11566320803455342,0.14495070847793862,0.8011459980652699
0.00015422443347620158,-0.00021977247578468625,0.1156740188022583,0.14495266916305538,0.8011297452315677
8.051832302655595e-05,0.0002446252205691678,0.11562710049864217,0.14524505930532494,0.8013431846124228
-0.00011926760651221847,-0.00038224022818031075,0.11567470628614052,0.14434753365506697,0.800841007046567
0.00029202159802634313,-0.0008638935151925277,0.11574089076291084,0.14460722013157046,0.8008592882289204
0.00011695184600636681,0.00022237150106500743,0.11563105522255995,0.14528632816860987,0.8013564901422262
8.323748064573967e-05,3.35299297825768e-05,0.11564683185906247,0.14506039829393463,0.8012241322955883
0.0003904975994700053,-0.00017808094245456028,0.11568242330501162,0.14538697557481006,0.8013226220309517
0.00022630495321980241,0.00021887539390871095,0.11563703585013267,0.14546693016963735,0.801432705022093
-3.58851878496109e-05,-0.00035338847216948575,0.11567643202494042,0.1445135062527333,0.8009171909068783
5.290701888998463e-06,-0.0002011466529821666,0.11566450814986726,0.1447191053611458,0.8010338822338459
0.0003250628636405189,-4.9323248683857844e-05,0.11566707099112548,0.1453924407175225,0.8013496148384908
7.371927474494436e-05,-7.523008796342662e-05,0.11565642075782867,0.1449469279613057,0.8011549912395582
0.00013232018327629722,-0.0007496957128989318,0.1157219259561001,0.14444117025521896,0.8008104756000062
0.00034293825868469074,-0.0008552411737125426,0.11574276282525008,0.1447005031827287,0.8009006575796331
-0.0006438847811832871,0.00045705098387674746,0.11556952917233503,0.14421790600758427,0.8009466066199783
-0.0004709485012650679,-0.0003062849305518107,0.11564906038580897,0.14382447140387544,0.8006328834334301
6.248281912921707e-05,0.0002335732796840851,0.11562719114132941,0.1452048449934878,0.8013239476242425
0.0003832031164446613,0.0010525499838108172,0.11556732248190935,0.1464782946067988,0.8020229638567534
2.9655440231897008e-05,-0.00036226665628657275,0.11568069702581225,0.14461568706680156,0.8009589898133131
-0.00014967892289881782,0.0001878792346734359,0.115620378907884,0.14480734109880433,0.8011459713726724
0.00022653743896969603,0.0001932566011848349,0.11563942960618621,0.14544435348376267,0.8014181860171545
0.000198371172264653,0.00016045610238790586,0.11564102209866163,0.14536762523997548,0.8013792381805237
0.0003485625143593018,-6.763077930145663e-05,0.1156699879435435,0.14541551121311352,0.8013559290602078
-0.0006245451213593666,1.0548125509132768e-05,0.1156117106535888,0.14385015207394142,0.800704512018059
-0.00010742426926083015,-0.0007947310549768943,0.11571339900960881,0.14399798836100303,0.8006131798153527
0.00033690927552294206,0.00044230130375558474,0.11562192912592167,0.14585308436933048,0.8016398978101408
-0.0008696559245429357,-0.0007332913556334847,0.11566681476810116,0.1427716571546881,0.8001028846507676
-0.0004428987863458843,-0.0004729244067778502,0.11566589530335365,0.14372234360923047,0.8005574830251939
4.223456247639998e-06,0.00013456978060245251,0.11563334824034156,0.14501819300315605,0.8012255212449669
5.397522566678839e-05,5.667189855597442e-05,0.11564316238809157,0.14503197042935656,0.8012164635094537
0.0002656786184172793,0.00027773518218671394,0.11563359214341189,0.1455858528230643,0.8014946077714127
-0.0003188571618741536,2.1858437205224294e-08,0.11562887173606397,0.1443546068055347,0.8009172484639555
0.00024376194929861414,-0.0005686441829135386,0.11571102554093017,0.14479055573952654,0.8009938977680782
0.0002994441886438981,-0.0005937130980178196,0.11571626081242878,0.14486164799786222,0.8010193601974263
-2.368117655690088e-05,-0.00016205781956812215,0.11565937193087683,0.1447054469739022,0.8010355559621527
-0.00025785157372890463,-0.0004083902445964991,0.11566979158994681,0.1440911947671677,0.8007268706501062
-0.0004249322115814393,0.00021875168747432854,0.11560307857404233,0.14437235761333428,0.8009667074809271
-0.0003092811962150457,-0.00017297890249801356,0.11564534986767282,0.1442156674588408,0.8008249582599901
-0.00013873133160346735,-0.0004761049431450717,0.11568234591270708,0.1442307379452611,0.800773303840292
0.00020571504182729885,-0.0005791675152073138,0.11571000721684509,0.14471720860464504,0.8009606569701158
-0.0004139055975821189,-0.0007377920565879616,0.11569180788367013,0.14353386290661002,0.800426503397678
0.00023862008750509116,-0.0004457490306043729,0.11569937015368678,0.14489200258253238,0.8010606281476205
6.953806712727153e-05,0.00033499448350216227,0.11561813938733026,0.14530763145521403,0.8013871345137463
7.139930176646266e-05,-0.0005718872273802036,0.11570227938927581,0.14449805369617236,0.8008687545525123
2.9919523958928456e-05,-0.0003146562534882611,0.11567630538215222,0.14465878607604643,0.8009864583916462
6.390890119682056e-05,-0.0009704444625779023,0.1157386976120368,0.1441285678646238,0.8006351076443013
-0.0004559109637844115,-0.0006622904429974559,0.11568261701104851,0.1435308652733031,0.8004396911766515
-8.655591009119955e-05,-0.00016473878984120264,0.11565632241867037,0.1445973839580325,0.8009890385281414
0.0003111567086020138,0.0009198626855592046,0.11557606731323056,0.1462381917548286,0.8018953299120181
-0.0003789528798547644,-0.00020113621007860898,0.11564425920911864,0.14407332642368453,0.8007589677007872
-1.7276063078819408e-06,6.660848052903412e-05,0.11563933875388319,0.14494727389602108,0.8011823106480457
-0.0001508158012907824,-0.00010743821872860196,0.1156476476631591,0.1445407378888311,0.8009759006770555
1.4460250641755759e-05,-0.00033458395894351537,0.11567733813080484,0.1446149547803638,0.8009639812681308
-0.00024228098552741311,-0.0007128107982672481,0.11569867659031183,0.14384470452613118,0.8005636184192895
0.00012278297668048892,-0.00044467598065571956,0.11569320907344782,0.14469834115128327,0.800978389510425
-0.00024348712292161036,9.458579307396432e-05,0.11562409783077071,0.1445660479296409,0.8010253774101849
-0.00042847132086991786,0.0001914275780231405,0.11560541559567777,0.1443419136633094,0.8009485125897914
-0.000649452990046252,-0.0007857658210774055,0.11568354470401906,0.14309492512705463,0.8002304514719327
0.00043849714499314004,0.00026042109993509654,0.11564408426362988,0.1458606583061367,0.8016082791831024
-0.0002145921687465356,0.0003001788730743066,0.11560658652406654,0.14479891830566233,0.8011638990202409
-0.0002035291807978371,-6.786003340488198e-06,0.11563557067445115,0.14454234798742222,0.800995868150668
0.0002371731536278988,0.0003821953291361906,0.11562240444837084,0.14563162281036646,0.8015341041755972
-0.0005077543624006206,0.0005863706454306855,0.11556475183411218,0.14456274774245487,0.801118184134908
0.0001725346161511119,0.0001732949920958515,0.11563849221497019,0.14533572451149862,0.8013681171809033
0.0002525133136341258,0.00012688421004155166,0.11564694166637739,0.14542849595480062,0.8013987202423667
3.557905570843375e-05,-0.00013372602856656976,0.11565984976236864,0.14483041708760486,0.8010941849190081
-0.00028884078679678447,6.888461855823748e-05,0.11562409014811831,0.14446678031197557,0.8009781942913269
-0.0001666794079738323,-0.00042001596859835206,0.11567569063854415,0.14423401243115253,0.8007854428460125
0.00019023775184936722,0.00041070194147170775,0.11561733547202142,0.1455783252682778,0.8015168757522095
9.964126350594772e-05,0.0008481994931600021,0.11557195445848821,0.14581850292433224,0.8017029343108788
-7.610055489523024e-05,2.0262561740951674e-05,0.11563974818874354,0.14478075059825574,0.8011025409753254
3.950594298992562e-06,-0.0005413966555524505,0.11569590867164561,0.14441202792074287,0.8008379733613216
0.00027078240890497705,-0.0007214609529359222,0.1157265926045393,0.14469908386308183,0.8009256817514946
-0.0001315480878109125,0.0002243293185478368,0.11561794986614322,0.14487048901146093,0.8011798370390837
0.0003294627026294651,0.00022947275442387194,0.11564136728297013,0.14564974252984814,0.8015125607787735
-2.2563149544538855e-05,-0.0006398051148812746,0.11570360034419012,0.14427933394306314,0.8007626316055201
9.712276186718475e-05,-0.00031179867690354104,0.1156795619805207,0.14477426898560913,0.8010361684040028
1.8065712192129222e-05,-0.00011135333600035277,0.11565686186255783,0.1448210371462027,0.8010944777117934
-0.0001882844785858169,0.0004847923165392509,0.1155908536176632,0.14500866986435118,0.8012885595601507
-0.0002431022221010126,-0.00023227626935754322,0.11565432052676607,0.144273768369722,0.8008383329282721
0.0002489006449113071,-0.0001090358035961444,0.11566867158192234,0.1452109711599882,0.801260921689387
-1.5201631259642773e-05,0.0008704100607985,0.11556399173460219,0.14564544208084956,0.8016335149460234
-0.0001635990502004064,-0.00015339442371068178,0.11565122430652637,0.14447807151596714,0.8009404189124297
0.00018757885943817068,-0.0007314576727690948,0.11572314831264892,0.14455034533367045,0.8008604467351743
-0.000611376736512057,-0.0007855772132723919,0.11568558208686419,0.14315910941331167,0.8002578116932053
-0.0002652968679467986,0.0006159185098010202,0.11557468882963003,0.1449968242300606,0.8013086366792129
1.1326659926073997e-05,-0.0009037652389924004,0.1157297575855077,0.1440999123421392,0.8006356824114912
0.00018136027540927745,-0.00048042227173601936,0.11569958778575204,0.1447647398056255,0.8009998083368857
5.7415731274032016e-05,0.00042750983629390816,0.11560891769609051,0.1453702169890017,0.8014315012410959
0.00021375410163589653,-1.2388247168277152e-05,0.11565787422105286,0.1452385394616726,0.8012911727332682
-0.0002251317110083889,-9.305682984236263e-05,0.11564240903506462,0.14442872417206465,0.8009309700292191
-8.9685695289461e-05,-1.4604809604914193e-05,0.11564226537889571,0.14472666971115178,0.8010728384618262
-0.0002197829466541093,-0.0006659065403824228,0.11569555295041639,0.14392452139618017,0.8006065829940435
-3.586027864545009e-05,0.00023128218601195364,0.11562229329335223,0.14503753205361924,0.8012522814122285
0.00036548791471052494,0.00014021879285439656,0.11565152856018124,0.14563024825275478,0.8014871633501658
0.00013278987696396438,3.293234539599154e-05,0.1156494639616565,0.14514312474981245,0.8012592355492724
6.153903464407713e-05,-0.0010557199071192813,0.11574643867002686,0.1440482447697543,0.8005845767609837
0.00015150906192675097,0.0003357217687951945,0.11562231064152924,0.14544601991437645,0.8014461876161492
-0.0001580551283605537,-8.556118351505396e-05,0.11564524426683864,0.1445481764537444,0.8009832583742711
5.836180377586655e-05,0.0007699091709250866,0.11557712572637123,0.1456789021736457,0.8016285063007927
0.000369137870416897,-0.0006873448796557107,0.11572858086787369,0.14489486699741988,0.8010155648367709
0.00014771414970096198,7.08940509412963e-05,0.11564671548835276,0.1452022275312982,0.8012916687331724
-0.0001736792898910131,0.0005240822247540452,0.1155879702830479,0.1450684513938708,0.8013215361409154
6.313489204178782e-05,0.0006296954254931305,0.11559041715533858,0.145561151579657,0.8015515174632307
0.0003735266202535551,0.0003042527664180149,0.11563666845735701,0.14579081425811896,0.8015869425300158
0.0003909104650723746,0.0005248764405043012,0.11561699377240273,0.1460178578993076,0.8017258630470561
5.9117929638704365e-05,0.00020572808890515442,0.11562960108910049,0.14517422749224201,0.8013055790260747
-0.000434877942686815,0.0004335642499958393,0.11558270485767355,0.14454823262964073,0.8010827316058489
0.0003474530319339028,0.0005041313819807888,0.11561670639832289,0.14592624626083112,0.8016828886261058
7.945248235187593e-05,0.0013070992867033869,0.11552813361004147,0.14619638958950282,0.8019517174408342
0.00035975407325864405,-0.0004810667227318885,0.11570896277069426,0.14506386640472363,0.8011270269814791
-0.00012676922097321563,4.044039944251694e-05,0.11563522810619203,0.1447136833373177,0.8010778550519655
-7.82894672885962e-05,0.00018223551391424248,0.11562462938885262,0.14492225932304842,0.8011938123900851
0.00010298048755926676,-1.429121388147446e-05,0.11565229492815995,0.14505071101573386,0.8012108471560184
-0.00038647132193266097,9.01107010980079e-05,0.11561698638703634,0.14432169771927955,0.8009204970348122
0.00016875469954337103,0.0003219658173075084,0.11562447996183069,0.14546266276261582,0.801450637454408
-0.0004095944552671302,0.001078904362174974,0.11552425552695986,0.14516961548785745,0.8014708907836681
0.0006025114790381819,-0.00016661637708311673,0.11569228864715295,0.14575337440175845,0.8014807990770844
0.00017736521072130634,-0.00043788575456425954,0.11569543907674545,0.14479613222495086,0.8010213212581512
-0.0004214550342242327,0.0008329900594546809,0.11554643886002934,0.1449290373158928,0.8013213634919742
-0.00040859440140805645,0.00044163070751664524,0.1155833382516423,0.14459964982458023,0.8011061658761017
-0.00013035229459710238,0.0006276593786644729,0.1155806089604843,0.14523416402093386,0.8014119245386688
-0.0002050547035847729,-0.00016210642616374933,0.11564984674996925,0.1444005913101889,0.8009057656102236
-0.0001094995648417034,0.0006507552889144995,0.11557954477831137,0.14528992538979718,0.8014400873860403
-0.00015216299305077132,0.00011473702691597036,0.1156270211862909,0.1447376006188969,0.8011022700217153
0.0003923556472601637,-0.00013650950713655374,0.11567865512622054,0.14542735072814922,0.8013477741379046
-0.00015204854737033217,-6.242113818188334e-05,0.11564341973717003,0.14457900900461473,0.8010008171530153
-0.0003230815958419501,-0.0002723273509693933,0.11565378552911978,0.14410345355395543,0.8007581550642909
0.0004185938303129361,-0.0002177291026805603,0.11568756212006723,0.14539864432454813,0.8013199941372252
0.0002732823043477276,-8.776063516245227e-05,0.11566796074983866,0.1452710003950205,0.8012905526220508
-0.0001387977458767125,-0.00017517418634394033,0.1156545423326264,0.14450023671150786,0.8009456825575365
0.0002678586171203469,0.0002276383639333458,0.11563836491320952,0.14554460092888244,0.8014674492093029
0.0003397442307536503,-8.231496218083079e-05,0.11567089675704463,0.1453875366908431,0.801341206878613
0.00029516766946464083,-0.0005939554042602275,0.11571605968932594,0.14485424656168772,0.8010161628904942
-9.856353623149054e-05,-0.0006731131059641106,0.11570265291878341,0.14412178820971389,0.8006891814866028
-0.0004444942577355249,0.00036175002699081115,0.11558883758354656,0.14446767517507136,0.8010346797306162
-4.2546331769312315e-05,0.00029709032838905864,0.11561584199177796,0.1450852956479568,0.8012852219224061
1.3729673061342244e-05,-0.0009269400620713366,0.11573202291348425,0.14408320118230628,0.8006241286310661
-2.5037410765615936e-05,-0.0003636468250949122,0.1156779510639898,0.14452254489278255,0.8009190735723669
-0.0001689448147882916,0.00014505080261003516,0.11562333661126926,0.14473656894353187,0.801107638060752
3.690300901612156e-05,0.0004948801646788445,0.11560159728246444,0.1453961616271306,0.8014554524058051
0.00010336786847512866,0.0004102736967959799,0.11561289435066098,0.14543197710048944,0.8014544913852907
0.00025666974540009457,0.00015461033427612865,0.11564457883310966,0.14546033384663848,0.8014175855670765
0.0005515255644719271,-9.026815648327656e-05,0.11568255714213654,0.14573615986673988,0.8014880967204439
0.0002468430455033628,0.0009919659700284007,0.11556606449933525,0.14619483363583935,0.8018906846838452
-0.0001706598880460201,0.0008801180044099934,0.11555507768322747,0.1453928830193456,0.8015278570120605
-0.0003647947906560836,0.0009513786490145449,0.11553841009553857,0.14513049948267476,0.8014298083757903
2.381886026486502e-05,-0.0003981338823004563,0.11568370858481987,0.14457374678699658,0.8009342641719717
0.00021860049537554394,-0.00027294871566744546,0.11568230556763376,0.14501318303974914,0.8011453197606211
2.9367367985887427e-05,-0.0007763724622854117,0.11571895571015448,0.14424429476302736,0.8007215526415492
-0.00012579280025265026,0.0002212517013491466,0.11561853543713689,0.14487740246970898,0.8011821906067758
-4.492276151623873e-06,0.0008987264565696551,0.11556190691227176,0.145688844327516,0.8016574164465613
-0.00017535386414960655,-0.00027120944658489847,0.11566149165952312,0.14435274929928582,0.8008644976791497
0.0002695124088218428,-0.00043812663014335725,0.11570027641436824,0.14495073131333952,0.8010870899658472
-0.00018673131366920873,0.0006422865291228826,0.11557632731901327,0.14515252669105116,0.8013799725964906
0.00046865378394683407,-0.0007693482642606191,0.11574137958698283,0.14498859386040658,0.8010397561266451
-0.0002465100616209152,0.0005463034031659281,0.1155821197885197,0.14496596766668562,0.801282164409583
0.0005779019986518729,-0.00021212163767826258,0.11569526078498982,0.1456712620796608,0.8014371253055367
0.0002434904334907296,0.00010014026362184793,0.11564896095752884,0.14538936316329226,0.8013769375401968
0.0003739624903862887,0.0002237639815217684,0.11564418706880857,0.14571938232435205,0.801541113714788
-3.691676868651153e-05,-0.000489571317561337,0.11568896534371019,0.14438977584309848,0.8008384285867161
-6.250986573136306e-05,0.00011460940519712569,0.11563171925413032,0.14488815642661163,0.8011663391481271
-3.7557343420183526e-05,0.00059965446420615,0.11558801322587653,0.14536499780002327,0.8014622572622035
-0.00039409864521120527,-0.00044150501317877244,0.11566560449858666,0.14383251972047867,0.8006104054766063
-0.0004173751778531671,-0.0001302086047795668,0.11563568232976748,0.14407229532113136,0.8007721164108049
-0.000552878772003565,0.0005550283230791052,0.11556527844295468,0.14445877549273245,0.8010679175130345
2.542932452875928e-05,-8.316956416090545e-05,0.11565463584578362,0.14485866838943834,0.8011158970138638
4.191730037756211e-05,-0.0003747182312988935,0.11568249274634966,0.14462513600601168,0.8009606269910291
-3.0726459121083684e-05,0.0006160844273815914,0.11558683979063775,0.14539121324928722,0.8014765650240993
5.550200678940459e-05,0.0002707174188384778,0.11562338081680448,0.14522641566033706,0.801340246274506
-0.00025725210220196556,-0.0004461893075900691,0.1156733092803383,0.1440583416852298,0.8007056434639482
-3.467375766564221e-05,3.169555133051618e-05,0.11564085462797416,0.14486061606442074,0.8011387309759556
0.0003712649343905586,9.938105341008586e-05,0.11565562649338113,0.1456033452646126,0.8014678870747753
0.00013820433117966784,3.6798438714836116e-05,0.11564938646731505,0.14515568760826614,0.801265324353209
-0.0003039687092305271,-0.0002718233982449085,0.11565475140264114,0.14413603087104004,0.800772120196607
2.4165303253985345e-05,-0.0005255518363711597,0.11569550912357304,0.14446018855006293,0.8008615113766266
-7.774877445633447e-05,-0.00013107838993927913,0.11565367047254131,0.14464234805927584,0.8010146286861657
-0.0003807431954926948,0.0008230336266377531,0.11554948167717564,0.14498854459522093,0.8013447891558996
0.00010479858813031062,0.0007425421161516024,0.11558205843476353,0.14573238391488397,0.8016460314462122
9.030014398192148e-05,-0.00045889995313968054,0.11569282162169156,0.14463102005653689,0.8009470051416024
-8.189991905332998e-05,-0.00020404636229170168,0.11566020274562985,0.14456998608290778,0.800969844708334
-2.9888583940366743e-05,-0.0008957678131276019,0.1157268329414505,0.14403781604913257,0.8006107792819179
-8.636082391024017e-05,-0.00027382138685832613,0.11566642046832071,0.14449996987998603,0.8009266710327373
0.00016147227135515212,-0.00035886507918449955,0.11568728770146837,0.14484022203440222,0.8010552289266791
0.00044754756238459936,-0.0010439553987561586,0.11576572351461151,0.1447072653848836,0.8008673841870768
-0.0003468981167569745,-0.0008446876478920411,0.11570522480602938,0.1435507788449366,0.8004132266510793
0.00028692672865382425,-0.0005503063493122263,0.11571158402350057,0.14487949862621513,0.8010352749123136
0.00047011586746846924,0.0006502523529214224,0.11560932762669156,0.1462633649023805,0.8018543969609175
8.52778168515344e-05,1.5898284434130616e-05,0.1156485734102327,0.1450480234168871,0.8012154864388602
0.0001118148583337387,-0.00035381221413883227,0.11568422173459883,0.14476131407492604,0.8010226047588607
-0.0005865603850611731,-0.00016288880441112235,0.11562969987674457,0.14375859104822908,0.8006323078272645
-0.00026597701817259394,0.00012453381820207713,0.11562014740528463,0.1445550912494047,0.801026450177776
-0.00011901414151472036,0.0001623270381470712,0.11562434793474301,0.1448359713746155,0.8011532645984597
0.00021561726223188858,-0.0009706996847789188,0.11574674468523194,0.14438323257931557,0.8007434728485164
0.00020000791287548076,-0.00032337168858276517,0.11568601122674954,0.14493676740437372,0.8011031290525805
-0.00019356025039947653,0.0007792759543855342,0.11556325896077198,0.1452639266405777,0.8014536401958499
0.0003501492711457814,-9.22070108635031e-05,0.11567235439875444,0.145396151222982,0.801342979169048
7.485777063237907e-05,0.00019936163098238066,0.1156310090070247,0.14519496858662767,0.8013131891530736
-0.00011415482649982483,-0.0004289342219116002,0.11567928895079185,0.14431429558650838,0.8008179119568533
7.097648317077016e-05,0.0005256496607465559,0.11560049682919117,0.1454810127990967,0.8014974691981408
0.00041167422228710745,-0.0002546884288165585,0.11569063902554445,0.1453539027038842,0.8012938667138855
2.1328495572567364e-05,3.7464843302553594e-06,0.11564636772537065,0.14492967420777292,0.8011627757027338
3.7186812727992144e-06,-0.0002803208400336919,0.11567175361544223,0.1446455219465011,0.8009873893437573
-0.0003358240070759519,-5.782218384708382e-05,0.11563331790171592,0.14427424698428742,0.8008719570036426
4.829729410820622e-05,-0.0006978187140330053,0.1157127008736059,0.1443464488294347,0.8007800895734866
3.826397234586846e-05,-0.0006385557085194989,0.11570669605027437,0.14438266469914002,0.8008068602087298
0.00021691395402691224,-0.000190699018869599,0.11567458844897101,0.14508404924378715,0.8011912450767543
-7.801048382866948e-05,-0.00020752550852349213,0.1156607288350625,0.14457340488515574,0.8009706336340231
0.00021217980434336343,-0.00012258611202356409,0.11566802208288099,0.14513713309030052,0.801226892013576
2.7925873279550237e-05,0.0004914335619135546,0.11560145351498276,0.14537798534445862,0.8014470542559897
5.690651415527962e-05,-0.00045938883925596976,0.11569111315932928,0.14457447115904232,0.8009228378805352
0.0001365204686525394,-0.00039127929787163786,0.11568898478180668,0.14476925847927685,0.8010188091933736
6.790731954792927e-05,0.00017233444173889344,0.11563315667954835,0.14515906041239118,0.8012927249515427
8.19668904763195e-05,-0.00047918930239834,0.11569426135223806,0.1445988428752829,0.8009294200464895
-0.0003992011808126061,0.0010582483155258736,0.11552671090426914,0.1451685520224032,0.8014664809554661
0.00013198898458393837,0.0009684157711190455,0.11556240644819885,0.1459807184263896,0.8017950215084688
6.305368197326916e-05,0.0002662756864882459,0.11562418479918539,0.14523512303807373,0.8013431022124281
2.853387719228405e-05,-4.074360405733351e-05,0.11565086687188587,0.14490190773084488,0.8011424321451763
0.0002736909975003623,0.0004293554084426883,0.11561989179566497,0.14573526574423284,0.8015872608250456
-0.00023091191079911623,-0.00014753755079951404,0.11564713805910087,0.14437018758223386,0.8008956133181669
0.00017280038763087255,-4.230784663828363e-06,0.11565499141045044,0.14517704196900022,0.8012665551791833
-0.00036945544956181885,0.0006585567293814853,0.11556530919040686,0.14485998335882821,0.8012585499732013
4.142396212455539e-05,-1.1578295480325566e-05,0.11564883628884258,0.14494970725673556,0.8011683682519241
-8.545214339441033e-05,-0.0007611852362929612,0.11571147221170516,0.1440649513725123,0.8006481132465647
-9.407858329727894e-05,0.0005147160597929315,0.11559297324765287,0.14519383377932366,0.8013731187765988
-0.0003485151221860237,-0.00023979532861076103,0.11564943748956899,0.14408985084680143,0.8007585964022677
0.00047281236086237186,6.283112785938818e-05,0.11566425328172163,0.14574116678524635,0.801519557595906
0.0001380067095468117,-0.0011685238059700666,0.11576090303401593,0.14407575121879662,0.800574676673525
1.5512933199185126e-05,0.0005671701298060025,0.11559377413880559,0.14542504796657596,0.801481598350357
0.0002710971766466756,-5.547543808280356e-06,0.11566021039214047,0.1453410123427618,0.801336107257577
-0.0004372159991029657,0.00038231202251241424,0.11558731985918946,0.14449834670405642,0.8010516760809652
-0.0002234389007888934,0.0003505518534812397,0.1156014593821111,0.14482921277706112,0.8011864457688922
0.0003789034988320877,0.0003440877867432353,0.11563323305683557,0.14583556459706742,0.8016136245641132
-0.000330330279122064,0.0003353481109092942,0.11559727287666162,0.1446359130984055,0.801101242975017
7.250430686112062e-05,6.357367587615783e-05,0.11564348662405943,0.14506929205842456,0.8012336739942822
0.0003575363940204425,0.0004561794505789267,0.11562169231045624,0.14590018305224128,0.8016626069838237
-0.0005582271134605171,6.268374272006048e-06,0.11561562997275336,0.14395781402180446,0.8007495252406245
-2.670758044651963e-05,-0.0007657890147600554,0.115715011032423,0.14415954570947204,0.800687501342201
0.00019292607322442463,0.0007359208863861482,0.11558719350646827,0.14587452385405003,0.8017052738411766
0.0002609364121856242,0.0005982795920682976,0.11560350232118834,0.1458653317908205,0.8016749925956796
2.568610290825365e-05,0.0005920545173290373,0.11559198637472465,0.14546446154332682,0.8015031443491379
-0.00016442538499145175,0.00030365827774616043,0.11560888437793432,0.14488635419645968,0.8012017881743063
0.00013947372906256792,-3.779630965170867e-05,0.11565637417130817,0.14509096263525162,0.8012234799046013
-0.00013877329102424148,0.00018688446467341366,0.1156210409910173,0.14482477786801107,0.8011532038642462
1.7885979893783014e-06,0.000507638749483573,0.11559859633012169,0.14534859546571216,0.8014376470425627
-0.00018999722611921031,-0.00020717970012177343,0.1156548045816439,0.1443855098175229,0.8008907104948779
0.0004065224303652087,0.00021700126441619787,0.1156464893734699,0.14576801700285608,0.8015605225933774
-0.00012575087293180003,-0.0002340576252114661,0.1156606720606805,0.14446940092295535,0.8009212750070712
-0.00026746470126111973,-0.0001520568505371089,0.11564562734788737,0.14430470119457145,0.8008668691408386
-0.00033549387279093606,0.00019340611398792107,0.11561012738300452,0.1444999805405195,0.8010161827551359
0.0002434798511204142,0.00023705047806400965,0.11563623221663265,0.1455120805401972,0.8014554079418161
-0.00011456786623273255,5.4382064367940837e-05,0.11563457633590457,0.14474668500488103,0.8010945751101944
0.00010177389020335227,-0.0003660386234739297,0.11568482799676268,0.14473348899241512,0.8010084170335683
-0.00010359629289903322,0.0005084932458806827,0.11559305693405372,0.14517225764217595,0.8013627414230832
-6.329300824009505e-05,0.0003301516881043119,0.11561169657674492,0.14508007264197176,0.801289332014312
-6.642101023166173e-05,0.0008509596091249693,0.11556316512840255,0.1455419146904942,0.8015857158427419
0.00040579401883608364,-0.0006015609076254055,0.11572253925216665,0.1450332747175329,0.8010909205232446
5.053492966282115e-05,0.0006274278551299794,0.11558997886153956,0.14553794469188364,0.801541203587353
0.00010379717449987281,0.0002416838317924836,0.11562858012236484,0.145281538272357,0.8013581507010062
0.0005825583214872372,-0.00036615083966848425,0.11570983638706282,0.14554106938628847,0.801352193064469
-7.197309886451801e-05,0.0009636155450804093,0.11555240046087271,0.14563365874481987,0.8016463540826335
0.00010726453378047655,2.7663672711949377e-05,0.11564862597064933,0.14509551299724538,0.801237957279679
-0.00017574239879264284,-0.0002251438800439539,0.11565721556185245,0.144393370982084,0.800890615681594
-0.00019145133177545073,0.00032437183695783615,0.11560555477201169,0.14485950285351634,0.8011943253214762
0.0003740717782322259,-0.0005333512321662844,0.11571455896425083,0.1450410830706062,0.8011073116288342
0.00019390425709764193,0.00014664933337998778,0.11564207383661526,0.14534774304892667,0.8013681290970404
0.00013906186838603162,-0.0005921312833324109,0.11570770944708438,0.1445936105113561,0.800905556165967
-0.000316366205040945,-4.965304669287954e-05,0.11563359068299146,0.14431427430306382,0.8008905621251818
8.468242427188717e-05,-0.00017010260237011512,0.1156657855830179,0.14488032945952017,0.8011084645757572
-0.00025633102438431265,0.0002580495213150682,0.11560830247231318,0.14469099378806766,0.8011098833855511
0.0001338730507249153,0.00024097074935071418,0.11563020386898826,0.1453314350588253,0.8013792558092947
9.062944275721445e-05,0.00019951500181732793,0.11563181306329752,0.1452216077431253,0.8013245591715382
-0.00017884807544196938,0.00037680041164115806,0.11560135485169133,0.1449276936689724,0.8012333988310818
-0.0001527788685286453,0.0007164111201281883,0.11557120748042272,0.14527607796713943,0.8014467701026808
6.987610510494392e-05,0.0007313619260856423,0.11558130509474301,0.14566367207668646,0.8016146381198064
0.0004514455835813925,-0.0005595466282138442,0.11572101698150099,0.14514759201235167,0.8011476356022373
-0.00010174166956076252,-3.8802165749463415e-05,0.11564387351412009,0.14468472240513341,0.8010503454365885
0.0005478937087131633,9.274041587338294e-06,0.11567309753156846,0.14581927677346712,0.8015425500605285
0.00012513823228267208,-0.0006577539365284372,0.11571304720496335,0.14451144208746108,0.8008580046045225
7.219670576095982e-07,0.0006468430548195339,0.11558560498466929,0.14547165055687006,0.8015167006945675
0.00028411737993673416,0.00021052104339004668,0.11564079537327154,0.14555657070685296,0.801469265720042
4.9423389369057874e-05,-7.403050928725074e-05,0.11565504193919662,0.1449071776973061,0.8011382988370059
0.00014512691416191224,0.0004887695136035296,0.11560774936077621,0.14557253535791842,0.8015293663852874
-4.088919873265573e-05,0.0001147708777768432,0.11563283247497047,0.14492463498197605,0.8011818994793426
-0.00032411611284150166,-0.0005709512883474759,0.11568125256674835,0.14383420539397557,0.8005863249528392
-2.235855864819772e-05,-0.0010581177534741005,0.11574219947605312,0.14390512408508455,0.8005231890574803
-9.862362454741474e-05,0.0006430581222170335,0.1155808225720923,0.14530130003191538,0.8014434551668426
0.00024117995154596873,1.896680316103767e-05,0.11565638367338371,0.14531272133493806,0.8013287596408517
-0.00019367557370414892,-0.0004127508521957688,0.11567359233629271,0.1441951496915882,0.8007702902546191
-0.0002529536764689964,0.0005975261676748553,0.11557703631361856,0.14500107560653347,0.8013069231085514
-0.00010111393999058275,0.0005223236885427265,0.1155919022153258,0.14518883257121695,0.8013724470970887
0.00028870747336737294,-0.00047266000416636757,0.1157044796595111,0.14495204326481154,0.801081032891842
0.000601994863471296,0.0003621677274204343,0.11564294206336752,0.14622652055170593,0.8017835232137273
-0.00026152302950398747,0.0006978217084668599,0.1155672911795629,0.14507662853740716,0.8013583006837878
-0.0001851166000254511,0.0005620621580524035,0.11558385327276903,0.14508328935514614,0.8013351287042443
-0.0001033654681593827,-0.0004253915985430716,0.11567953122248145,0.14433560114967875,0.8008276606770262
-0.0001639486994236398,-0.0002165619522093396,0.11565704396495194,0.1444208816895669,0.8009039713967956
0.00032421339297329747,0.0004716760112243902,0.115618541349729,0.14585809750370682,0.8016476593055589
4.500810686667212e-05,-6.743526397446308e-05,0.11565420028725136,0.14490566909987873,0.8011389200643211
-0.0004112067919036545,-0.00078002337827422,0.1156958345530007,0.14350058336925015,0.8004042455721698
-5.5652422382481627e-05,0.00017891966826842184,0.11562611708826853,0.1449573292924511,0.8012081069149306
0.0002508970075825236,-0.0009598689809303935,0.11574760392027271,0.1444522000240293,0.8007749080385742
-0.0002739114941308377,0.00023994529774696397,0.11560905639324091,0.14464521363918337,0.8010869259357896
0.0001364621379527052,9.398522539443249e-05,0.11564398792718089,0.14520401961290125,0.8012968552423707
-0.00018588363919691433,-0.0003959702778320683,0.11567245567693044,0.14422327793318862,0.8007854794841057
-9.968890514293495e-05,0.00011242054051512994,0.11562998018283013,0.14482371299047297,0.8011384854123903
0.0002950025204278948,-0.0002756405133085763,0.11568653173197653,0.14513913038295545,0.8011984215206329
-3.44501555928166e-05,0.00014372709687310084,0.1156304844097588,0.14496141211030278,0.8012031031519352
-0.0005744209115707496,-3.723920326155146e-05,0.11561877753854312,0.14389159698741733,0.8007130009987015
3.0443549243358693e-05,-0.0004284894994391191,0.11568686444864529,0.14455768469172908,0.8009216110757691
0.00016627436662140527,0.000666809372732881,0.11559226550786335,0.14576774892067912,0.8016465786029838
0.00017762722584107742,0.0003846303355487816,0.11561911072416876,0.1455337586470163,0.8014929085985583
0.00029842587051225397,-6.804983150769936e-05,0.11566743257396686,0.14533090734561344,0.8013198318098915
3.947569403126508e-05,-0.0001426487760672049,0.11566087998728224,0.14482896892575242,0.8010918590789793
-0.00020091805775286875,0.00047536101937764905,0.1155910700853367,0.14497897855576386,0.8012741128201294
-0.00012231421167065192,0.00018890295084637789,0.11562171384628767,0.14485424895500099,0.8011661367743218
7.226747900717541e-05,7.941558475867808e-05,0.1156420047762098,0.1450830939979169,0.801242584508752
-0.00016128003868471797,0.00044634841013681476,0.1155958234741122,0.14501958262018522,0.801285840529905
-8.028654927215593e-05,-0.0002709059106198027,0.1156664703876993,0.14451279005587875,0.8009326872695189
-0.00014198546335355785,-0.0011290826558463167,0.11574235027488088,0.14364057381895695,0.8003969717427953
0.0002311040241384636,0.0001727665129963282,0.11564157029564749,0.1454336570152776,0.8014097070864734
2.268149432306933e-05,-0.00022590277007189925,0.1156677109223167,0.1447261460009892,0.8010321369750775
-0.00011314266069630261,0.0001304985253961679,0.11562760270973549,0.14481730759492595,0.8011392217672858
-0.00040109758194509514,0.0005155181665702223,0.11557689634609283,0.1446785092734666,0.80115389205978
-0.00014800881362546543,0.00016484035721739117,0.11562259969592187,0.1447894950282158,0.8011339604891289
-0.00046697528107414444,-9.599233052515144e-05,0.1156298976554887,0.14401957738318777,0.8007562285374421
8.451494996103441e-05,0.0006150484513733081,0.1155928807077689,0.145583941098765,0.8015584133256207
-0.00011303061213550004,0.00022119567436029415,0.11561920669343156,0.1448988005874174,0.8011912893320049
0.0004233283831140639,-0.0006223590970043718,0.11572538229046528,0.1450441005659266,0.8010915449009258
0.0004087632510888825,0.0007984196504503674,0.1155923698178216,0.14629321396403455,0.8018954886363292
0.00015007754857739576,-0.0005322666569927318,0.11570274808665805,0.1446657397184491,0.8009477308313335
-0.00020116592188080618,-0.000238695670640332,0.1156571269273742,0.14433849973650886,0.8008646601467522
-6.180093393386842e-05,-0.0006059462657715844,0.11569840006536992,0.1442437221209772,0.8007539575569945
6.704224071567919e-05,8.803006347673962e-05,0.11564093387014937,0.14508203550581505,0.8012437841781097
-0.00017673934358628735,-0.0004576036490534391,0.11567862776374913,0.14418343425524044,0.8007567103504327
2.7194609616828308e-05,0.0010396733046313604,0.11555040655523442,0.14586856159567113,0.8017609257482994
2.899296569737996e-05,5.0377699269119255e-05,0.11564244475693321,0.14498434911892172,0.8011949847099161
-6.448003069883035e-05,-0.0002425072352857805,0.11566467506606778,0.1445647982387282,0.8009602681919327
-0.0001921076096575037,0.00012943843897470346,0.11562356862552091,0.1446836445027057,0.8010821165603424
-0.00024014852278834991,-0.000361894184112874,0.11566644006109059,0.1441626026111496,0.8007661771938267
0.00034289574997975784,0.0005522345342869252,0.1156119886471551,0.14596173108436372,0.8017072101425258
0.00022334573618034657,0.000525148164330059,0.11560838652951963,0.145736584723189,0.801606173434286
1.8521077605157e-05,-0.00021740812909380706,0.11566670658880256,0.1447267664668474,0.8010340284413603
0.00020051397758480817,-7.731051343777974e-05,0.1156632139288068,0.1451581082043955,0.8012444948800973
0.00019415705996357288,-0.0011648109277392726,0.11576353799744206,0.14417341269028777,0.8006169637176693
0.00030406515850000426,0.0007893504248402189,0.11558788912916798,0.1461091846951637,0.8018154075718782
-0.00023860721781853122,-0.0005138085761262648,0.11568053344898327,0.14402910864427826,0.8006802446934957
4.8202368068477664e-05,-2.8770572566567106e-05,0.11565078340608406,0.14494568884166525,0.8011633640204386
5.654833293161571e-05,6.715824888705219e-05,0.11564232381629386,0.14504569349238206,0.8012243144761095
-9.427641431191684e-05,0.00024048671589433875,0.11561839712022681,0.1449476132069727,0.8012157651039273
-0.00018531353180029086,-0.0003226853344451926,0.11566572007486856,0.14428989081268406,0.8008278767186819
-2.9430871506964974e-06,-0.00015800823992234258,0.11566008322522836,0.14474392484741688,0.8010527122773317
-2.3335031358946607e-05,-9.832757017315208e-05,0.1156534899895157,0.14476313945310632,0.8010723252645928
-0.00018892869875935357,-0.00026042143855666683,0.11565977914557153,0.14433960042471822,0.8008609666996032
-0.00017290129775417466,0.00032603946283198576,0.11560636849365898,0.14489217531303833,0.8012085538830621
0.0005801529837047213,0.0002246080107673146,0.11565467006443929,0.1460664949783586,0.801689045799576
-1.5992092760197234e-06,1.1233158438207867e-05,0.11564447750125922,0.14489785622068257,0.801150664598544
-0.00040621450865367664,0.0006851070122707113,0.11556093148771854,0.1448220040408913,0.801247467942279
0.0002775895563082751,-0.0008215779735945354,0.11573621680252896,0.14462086523451512,0.8008732035531706
-0.00036925006381545764,-0.0004653594962601354,0.1156691244742015,0.14385292019839985,0.8006145204023342
-3.1552776262779464e-05,0.00032480912984516973,0.11561384187532764,0.1451286227510627,0.8013089769516787
8.138840180418586e-05,0.000620364743875707,0.11559222516830293,0.14558345560402597,0.8015592250910047
-7.18134214899625e-05,-0.00022106204807146958,0.11566230636363083,0.14457168984555846,0.8009673103124421
0.0004961585927052905,0.0002263623785917758,0.11565021239805744,0.14592698236693552,0.8016299895433384
-0.0005444177592189883,-0.00031529987149002376,0.11564597288249755,0.14369288480998826,0.8005751383004759
-0.00014484972225699128,0.0005193066636117816,0.11558991159914796,0.14511262249092005,0.8013394254957622
-0.00023618782807024611,0.000682688102683931,0.11557001120732965,0.14510563863566106,0.8013677515035628
0.00012214047962975556,-0.00022147530640945914,0.11567250224398959,0.14489723524263304,0.8011058200743929
0.0005152402819288979,0.00042341620970012047,0.11563280481057649,0.14613572291083887,0.8017566028970643
-0.00020633454846895048,-0.00015109532490948456,0.11564876194288126,0.144408307210863,0.8009111597763533
-6.831688689445293e-05,-0.0005707005634882517,0.11569480146078025,0.14426434030790924,0.8007694870388845
-0.000394968066262711,-0.00023287942646456767,0.11564633650699918,0.14401796335168432,0.8007293178415391
0.00011099004446016486,-0.00025827358100340186,0.11567532943687205,0.14484552730597894,0.8010767578520764
-4.154420194674571e-05,-0.0005583653179812693,0.1156950765229681,0.1443203791703015,0.8007957065888506
0.0003052318973595116,-0.0002376261163155346,0.11568353461716559,0.14519037771268312,0.8012275206302006
3.649572481336381e-05,-0.0005946193054539508,0.11570254262516814,0.1444190445188237,0.8008307645088845
6.397693027118715e-05,-0.000950799884918352,0.11573688847856146,0.1441462696461001,0.8006464068530809
-0.00017532019729149976,-0.000801837707162227,0.11571044314584601,0.1438775216955625,0.800560534153827
0.00010494761788957486,-0.0003817791474357481,0.1156864515954758,0.1447247198431515,0.801001668466073
-0.00011929284337118528,-0.0005341870355491546,0.11568873530656062,0.1442113793419042,0.8007539357922125
0.00015794263000659962,0.0004887641071728636,0.11560840988819,0.14559406427038002,0.8015385304889774
-0.00011545775431265366,0.00028709178800254647,0.11561297340911876,0.14495379882855686,0.8012273265786114
0.0002516512638684668,-0.00012241291882891627,0.11567005632017294,0.14520360420638062,0.8012552228152012
-0.00011170506984398928,-0.0002152001773464923,0.1156596676817296,0.1445099027750522,0.8009421297127486
0.0005315532987000929,0.0009427166350782613,0.11558509377988165,0.14662894739258475,0.802066057845198
-5.57525103700123e-05,-6.623671141746009e-05,0.11564882191014011,0.14473742178280397,0.8010675245903219
-0.00032202646086191135,-0.0005367272697375878,0.11567821172885025,0.1438683711849169,0.8006074261019732
-0.000112534094361933,9.751719710093446e-05,0.11563068886390736,0.14478876662518197,0.8011207532413271
-0.0003018777517558309,-5.386815298419648e-05,0.11563474425603538,0.1443348497949276,0.8008985138893507
4.346190883053617e-05,-0.00037935885059356715,0.11568300320171337,0.1446235740143763,0.8009590730232479
0.00025053775631568483,0.00014180770660026705,0.11564545231091249,0.14543855470474,0.8014058612910644
0.00014595958916049687,-0.00028535412324651296,0.11567966581192182,0.14488001997092498,0.8010862539870005
-0.0002283519158576981,-0.00024750223843876236,0.11565650530739588,0.14428491728976695,0.8008401623169304
-0.0002156210667919721,0.00039525011264569506,0.11559772724296066,0.1448824308065338,0.8012176642644634
-0.00012973984292599986,8.611466158357694e-05,0.11563084451227451,0.1447496297997995,0.8011019077894901
0.00033143137525794194,0.00015443329510614196,0.1156484518077622,0.14558577729042738,0.8014709545650172
0.00024114566376365324,-0.00011843601126814655,0.11566914168062475,0.14518951795399354,0.8012499879731473
4.1289412058190456e-05,3.1951512882914205e-05,0.1156447938632693,0.14498849622200766,0.8011932202651363
-0.00010295019513692866,-6.746647457428506e-05,0.1156464627734153,0.14465700226760453,0.8010330533648558
-0.00011860007740274271,0.00011088968552233508,0.1156291333434728,0.14479055878801778,0.8011240779678599
-0.00015170843926404017,-9.116340144480696e-06,0.11563850677966954,0.14462735341378086,0.801031609646963
0.00019712536689109263,-0.0003839895456593734,0.11569147898540755,0.14487761550809097,0.8010663347009555
9.271746460217023e-05,-5.173147010293826e-05,0.11565523257413508,0.14499991053371847,0.8011820482640154
-0.00010240012932287384,-0.0013345401875141853,0.11576336778728696,0.14352321475612229,0.800307650775539
0.0001896432542014865,-6.174809902959085e-07,0.11565553036319778,0.14520857953433097,0.8012806733366903
0.00019997804914252833,-0.0009003865727297892,0.11573942124366818,0.14441991064492854,0.8007725571252449
-0.00010571228582247744,0.00036325089757859074,0.11560642037705145,0.14503846112805469,0.8012779582937272
-5.161640505862493e-05,7.577650593540018e-05,0.1156358859105159,0.14487165471840935,0.8011518749025459
-0.00045961063012208315,-0.00043939506893756505,0.1156619178998275,0.1437242848884735,0.800564732697936
0.00031650703654057314,-0.0009847986550567955,0.11575336413415636,0.14454010242070114,0.8008075534380271
-0.0003392893361291774,-3.0713357471322714e-05,0.11563063215876564,0.14429271691309625,0.800885013155485
3.3184266241926136e-05,-0.00037630214198808553,0.11568218084616089,0.14460904247985068,0.8009534723354432
0.0004119415756794078,-5.636576031693578e-05,0.11567221379966425,0.14553207761021814,0.8014077109485209
-9.292878659637383e-05,-0.0012432287480194626,0.11575547687804157,0.14362084838261663,0.8003667072992797
0.00017986563265706413,-0.0006109730018854428,0.11571159552694792,0.14464529142586435,0.8009239478820843
0.00012091195656323858,0.0008127800621129806,0.11557634383814513,0.1458224690519601,0.8016978374116267
-0.0002209233817273203,0.0002473695544226375,0.11561114468270385,0.14474093174238117,0.801129096654692
0.0001804335857790878,-0.0003657408381080845,0.11568891582596723,0.14486592004721943,0.8010648517113967
0.00035332271188907367,-0.0007317298152683435,0.11573186717735011,0.14482854987346305,0.8009788299091496
-0.00012721932523174754,-0.0002419016896665442,0.11566131981781563,0.14445990467600628,0.8009157296362948
0.00031207176427244484,0.00016362526524114226,0.11564659892179677,0.1455614934529521,0.8014623775318479
0.00010005385644017042,-0.00019154931844300821,0.11566857568720118,0.14488693966687133,0.8011071700611205
-0.000365180952364781,-0.00024977324448108805,0.11564947409805834,0.14405289705225416,0.8007409532108292
-0.0002928611521029993,0.0002401112251192928,0.11560804735420668,0.14461351092021746,0.8010734614608435
4.0702861179138754e-05,-0.0003072298301703456,0.11567618353145534,0.1446835596307865,0.8009984275041336
0.00034532537176981416,0.0001875154675646854,0.11564608876164312,0.14563877619841947,0.8014998544737436
7.446696519493678e-05,0.00017279947078018516,0.1156334541483236,0.14517049976944363,0.8012976839213686
0.0002675310355410928,0.0001555642997696651,0.11564505095962423,0.1454794368618682,0.8014259007223349
-9.816328667210526e-05,9.81186571393092e-05,0.11563138451980623,0.14481345713486188,0.8011313795362174
-7.150006081462118e-05,-0.00029943280249801387,0.11566957004885761,0.14450199665213193,0.8009226274546649
0.00015397389082460948,-0.0006544502372280554,0.11571425822107011,0.14456284999921692,0.8008805225170134
2.4013893552572312e-05,0.0006083478368757754,0.11559038541525812,0.14547626481789366,0.8015112904829663
-9.239558627022137e-05,-0.00021949305211657952,0.11566107978990856,0.14453850684519376,0.8009534844494429
0.0002455745086620938,0.00012620114259753802,0.11564664654085487,0.14541622578533248,0.8013933658150283
0.00046234135587848544,0.000127598785208417,0.11565768281637323,0.14578163596535537,0.8015491934519793
8.58494589716115e-05,-0.00030559964242675154,0.11567839781461553,0.14476088079277954,0.8010316564298372
6.608611583594524e-06,0.0002590879487887836,0.11562192232008228,0.14513382832474658,0.8012986027678594
0.00029352883451827733,2.6076606756732906e-05,0.1156584321206176,0.1454070432704369,0.801370275752864
0.00017539135236270905,-0.0006208480578507395,0.115712274515269,0.14462892946174216,0.8009150906069431
-0.0002231570402987598,-0.0001040663058005698,0.11564353035532653,0.1444221769432265,0.8009260736933232
6.258011136647458e-05,-0.0009077139608346019,0.11573283805621115,0.14418249815128653,0.8006700838096684
0.00021850920965104127,-0.0001486082908600554,0.1156707659670117,0.14512444751732873,0.8012165065076381
0.00034564093922900867,0.0009911493642698857,0.11557115925947731,0.1463600915605882,0.8019608807043465
-0.00044048813116453957,0.0005725204439975024,0.11556955946682192,0.14466341058484355,0.8011583843272212
-0.0007041567797452758,-0.00019635298301535367,0.11562649586061786,0.14353088953777338,0.8005289615561586
-9.956797477508939e-05,0.0009292105502017727,0.1155541808873593,0.14555641241268874,0.8016068783142953
6.899370773860871e-05,0.0005337979496592971,0.11559963696327752,0.145484988552317,0.8015007227031349
-9.049441169595575e-05,0.0013270248733217467,0.11551761164479128,0.14592867086862488,0.8018415632446232
0.000379092760347282,4.118941162452729e-05,0.11566144433480452,0.14556433384480366,0.8014401315794103
-0.00028730448585174805,-0.0007979015293454528,0.11570410874835611,0.14369283599081945,0.8004826650926412
-0.00021871392376372019,0.0003950338684985499,0.11559758587307464,0.14487703853497075,0.8012153272779035
-2.821632919812644e-05,0.0003169200812817869,0.11561474717075569,0.1451271563444832,0.8013068413712474
0.0003404797854318069,-3.2243859835002565e-05,0.11566628051646317,0.1454336481036521,0.8013704292748942
-0.00011606637646943745,0.0008947720164833095,0.11555653302638137,0.14549778590476864,0.8015753228234084
-0.0002371151627771389,-8.170492126495393e-05,0.11564072901623527,0.14441875615805178,0.8009289012105077
8.930518455621279e-05,0.00021400900503451017,0.11563039873929389,0.14523237630102198,0.8013319201163421
-0.00033964776163999667,-0.0003937401426068606,0.11566410045910432,0.14396683467279475,0.8006767354655691
-2.989453481912603e-05,-0.0003691344845563671,0.11567820303633984,0.1445094664625568,0.8009124546379338
0.00047112198335123146,-0.00024702170217941367,0.11569300131364632,0.14546063251785546,0.8013407717121647
-7.697531151794179e-05,0.0001525845941810422,0.11562744558039847,0.14489788768706907,0.8011777568133038
0.0005085919812680267,0.00016535748364892604,0.11565653613885071,0.14589317553581133,0.8016039107720109
-0.0002766572128528037,0.00044895897810387,0.11558956587980135,0.14482800050480854,0.8012047816283335
7.758483803147838e-05,0.0007665095770600866,0.11557842973316355,0.1457081549369848,0.8016403083212694
-4.1781918091827163e-05,7.007462791085079e-06,0.11564277019948511,0.14482654330235462,0.8011194962369564
0.0004374164951700146,-0.0002864944655129174,0.11569492758882383,0.14536864593700582,0.8012940499904322
-0.0002615713475677678,-0.00011892929715010911,0.11564287893821615,0.14434429250847114,0.8008900699551953
0.00011383577771410066,-0.0011933399990876825,0.11576190826435206,0.14401292830660067,0.8005431780787617
-0.0004984571873481293,-0.0003387131475974563,0.1156505796556519,0.1437491748487006,0.800594616403696
-5.663311892159803e-05,-6.431049835884288e-05,0.11564859747901934,0.1447376681840078,0.8010679984928678
-4.9804518627637926e-05,0.000189866036989439,0.1156254071678659,0.14497696974654262,0.8012185651184283
-0.00010420002816521509,0.00034714980662675274,0.11560799208738758,0.14502656596326335,0.8012698098664306
-0.0003051212621603382,5.236659962546187e-05,0.11562475977079437,0.1444246100584865,0.800957077491834
-0.0004944648474211115,-0.0006693009077418026,0.11568119490714572,0.14345977664094123,0.800408084815861
-0.0002406544455528613,0.00019530431897153252,0.1156149298449107,0.1446610929723629,0.8010851340638144
-0.00013826690849412255,0.000277980062762999,0.11561262843495282,0.14490729590780882,0.8012057841362504
-0.00029401584749577317,-0.0003155197884423302,0.11565930931664498,0.1441136104862739,0.8007542045898148
-0.0003541938730266683,-0.0002151641641984648,0.11564686494575326,0.14410237506432394,0.800768646739223
-2.075174881196243e-06,0.0011704989247192628,0.11553671838730603,0.14593677787026055,0.8018150286872645
0.0004944054087131835,-0.00024182035150710685,0.11569372024007836,0.14550440328955,0.8013604019290642
-0.00011335845800810046,-0.0006240690938774257,0.11569734413743707,0.14414084839076374,0.8007066910593951
-7.415174698012772e-05,-0.0005249247408766916,0.11569026620631886,0.144295536245583,0.8007915368719407
0.0003861077790618372,0.000634719434532453,0.11560650095445864,0.14610830799520585,0.8017854115541702
6.626900065387806e-05,0.0008901450466810933,0.11556633705580452,0.1458000569570127,0.8017031171681649
0.00028254935498883346,-0.0005797051546006397,0.11571407948426908,0.14484581185970213,0.8010153020605074
-0.00042817683871785727,0.000374257846779714,0.11558853932416664,0.14450632057796686,0.8010535277177598
0.000588527325394404,0.00012724951419103468,0.11566418055718573,0.14599327877184481,0.8016392256505879
-0.00011935372142326564,-0.00017375320718626209,0.11565543326080542,0.14453418757085307,0.8009604081003062
-0.00015674287628379569,-0.0004636722959387964,0.11568024578853611,0.14421160462278454,0.8007675402680341
0.0001572507112919973,0.0005414436037394219,0.11560347257185767,0.14564014542030151,0.8015682396943313
-0.00011203133505021984,0.0005525921738230041,0.11558852666877685,0.14519762975411887,0.8013819907332224
-9.376999470097132e-05,0.00012066308311260154,0.11562952599715115,0.14484104863316788,0.8011474444532009
-0.0002430139452132018,0.0007994323154122789,0.11555882542449136,0.14519888629929262,0.8014298130443713
5.550734840795993e-05,-0.00026254341440710657,0.11567282238218358,0.14474847432505328,0.8010346231539252
9.895884763326776e-05,-0.0008666381246378883,0.11573097028932723,0.14428040094393157,0.8007196312421646
-0.00025092389419803746,0.00011331909124706956,0.11562197493747067,0.1445703400174551,0.8010307933625017
5.2906508573966534e-05,0.0005258952496477598,0.11559954138162565,0.14545086844283456,0.8014846833993938
0.00031762485155122934,-0.0002331262800133067,0.1156837602936657,0.14521522968824102,0.8012389624786016
5.8127878102576526e-05,-0.00023280753096072411,0.11567020602072714,0.1447795215976307,0.8010535369130262
0.00012492649531745353,0.00026009925216309457,0.11562796378275371,0.14533355186327895,0.8013838214247563
-5.4101416180285536e-06,-0.00032969479620908337,0.11567584246007677,0.1445859449813861,0.8009525680387791
0.00014938543439789047,0.0007791918911864636,0.11558093178151334,0.14584018131387128,0.8016989432375076
0.00023271812174333452,0.0007452740822111553,0.11558835774295342,0.1459497726872238,0.8017391000528816
-0.00028209755042128573,-0.0004893433726570975,0.11567596894806852,0.14397792644030127,0.8006631425809305
0.0001780295903171317,-0.00011902385728269515,0.11566591566348708,0.14508294799693494,0.801204507135444
-0.00010369921121967346,0.0001120279577744876,0.11562980694812777,0.14481662143802182,0.801135391238408
6.26184807779852e-05,0.0003143428745146965,0.11561969898627612,0.14527748756295006,0.8013703456179148
-0.000240573009405116,0.0004172311591804162,0.11559438870302603,0.14486020171306818,0.8012124119773093
0.00010850111956625521,0.000341821044386144,0.11561952126786577,0.14537922336012832,0.8014189198936152
0.00031666953404959806,-0.00044397111446985453,0.11570327732931368,0.14502471885611634,0.8011174677967667
0.00013648632405744587,8.862119026353675e-05,0.11564448713279278,0.14519925206121892,0.8012937980403736
0.00044884868975778974,0.00015203452609715898,0.11565471388741888,0.1457808763606932,0.8015535512547625
-7.796954362215006e-05,0.0006085820590526733,0.11558509337953339,0.145305089586375,0.8014384638199016
0.00021162987288717654,0.00023943750550317876,0.11563436638250041,0.1454607083398009,0.8014339954096541
0.0003348704844652491,-0.0008652028966989321,0.11574326183506288,0.14467803040966792,0.8008891822503846
-8.811754067567667e-05,-0.0004190326335682638,0.11567974821636086,0.14436692224624537,0.8008422126697061
8.236419657534182e-05,-9.274049894901882e-05,0.11565849478486837,0.14494576150501637,0.8011511401790078
-0.0002443630411165388,0.0004540466768656851,0.11559078047916702,0.14488684382262623,0.8012308066527101
0.0003568255369290487,0.00027176386130302094,0.11563883687524354,0.14573362782270122,0.8015563735888837
-3.6133698125211945e-05,-0.0008987918432232728,0.11572678019537745,0.1440246142234381,0.8006045797760697
3.37693412114162e-05,-0.00017196851550825982,0.1156632972553158,0.1447931064346319,0.8010709751394863
9.572582482847387e-05,2.6794494242645177e-05,0.11564810641886056,0.14507534554475027,0.8012292052222901
-0.0002780710493713195,-0.0004583449813224042,0.11567332535214019,0.14401246111549387,0.8006837828326517
0.0003725702992401329,0.00016990968992122528,0.11564912944111325,0.14566876290995429,0.8015092474544142
-0.00017262638333110977,-0.00039858620243976903,0.11567339802493513,0.14424321523619377,0.8007934659195811
0.00029335274691328776,-0.0010615058662380883,0.11575923799522865,0.1444325337180628,0.8007470651674141
0.00022010838294367154,-3.0701394734815903e-06,0.1156573384724588,0.1452575671069848,0.8013010581286598
-0.00018059701644198168,-0.0011933356458743863,0.11574619205234002,0.1435181748480175,0.8003325558992653
-0.0001397742197968058,-0.001282684786225977,0.11575659579848967,0.1435068139510448,0.80031060272339
-0.00013686967152541776,0.0010434718547669816,0.11554163374555461,0.1455962442907897,0.8016457244041869
8.95604130118854e-05,-0.0008437245434651089,0.11572835739285069,0.14428512616361427,0.8007260324048766
-0.00014017117432603518,0.00013978281193598524,0.11562532980800551,0.1447802053714471,0.8011252054648014
0.00011937748404432172,-0.0003620284328626039,0.11568537851311611,0.14476666010133316,0.8010233066439102
0.0001095764017569864,-0.0013043907775666375,0.115771919302823,0.14390638242686138,0.8004765460097729
-9.336845827109787e-05,-0.0008718679635623828,0.11572125665840284,0.14395254066865543,0.8005790549531939
-0.0001022924374740259,0.0008004751412709358,0.11556600864149148,0.14543633811434736,0.8015310991604595
-0.0001836487509609956,5.122627200566152e-06,0.11563551347055383,0.14458643417974032,0.8010169175657644
0.000246463990469939,0.00037391807991724344,0.11562365285137159,0.14563981054625724,0.8015360041218477
4.0426986193398905e-05,6.580560553212493e-06,0.11564710101105717,0.14496430721347525,0.8011780623523731
0.00022886912061326382,-0.000801876122234369,0.11573183341260262,0.14455665659086286,0.8008496433954267
-3.5803770090604684e-05,0.0004916399538463129,0.11559813632731337,0.14527107411339996,0.8014015802863478
-0.00031361631027366436,5.243579842016641e-05,0.11562430605831281,0.1444103930360841,0.8009510383760635
-0.00010491749107158994,-4.012782617229124e-05,0.11564382975728836,0.1446781971256476,0.8010473135818945
-0.0005436851366316732,-0.00020716363538516162,0.11563606015283014,0.14379100147285157,0.800637623600225
9.586219014000973e-05,0.0003824187404042969,0.11561509530799342,0.14539438792640752,0.8014331529840739
0.00027993678564387705,-0.0004561175218264075,0.11570248831193472,0.14495212755517994,0.801084237833273
-0.00011883701779396927,0.000112666337009464,0.11562895643269583,0.14479175313020104,0.8011249267696277
7.704557596728488e-05,0.0002748133038802868,0.1156241173700526,0.14526628885564224,0.8013580054671726
-6.757432943864473e-05,0.0001919962178205217,0.11562428353795376,0.14494901668286447,0.8012070732145099
0.00038094619013545307,0.001355042655904152,0.11553890179272058,0.1467460036179536,0.8021948798693531
-8.929190474211521e-05,-0.0007415169500671766,0.11570945447185237,0.14407611138933035,0.8006566320825033
0.0001712723946869239,0.0007538645132840999,0.11558441264858356,0.14585423684992987,0.8017000748748011
-1.025225533577166e-05,0.0006491565461896941,0.11558482360783605,0.14545528350706127,0.801510176225137
0.00010272213980810232,0.00045455937756355794,0.11560874429493663,0.14547060413344043,0.80147941926494
-0.00017559898587158726,0.0006416142368571629,0.11557696742205666,0.14517063423520327,0.801387552423069
-0.00038142077401589477,-5.800931465938631e-05,0.11563092585682444,0.14419743448733607,0.8008392210709832
-7.273798471794322e-05,0.00012733751385052622,0.11563000603268209,0.14488237703920842,0.8011663171223675
0.0003234232572433424,-0.00022224388846695084,0.11568305073219844,0.14523472210937483,0.8012493454063707
-0.00025698294131104344,0.00010884160767560071,0.1156220708196379,0.14455614255500687,0.8010238915617118
-9.53201973577364e-05,9.003548700564031e-05,0.11563228175110599,0.14481098973921247,0.8011287806336165
-2.4072934878479863e-06,0.0006980047978343911,0.11558068697615101,0.14551228208597133,0.8015437991677297
0.0003365488625761032,-0.00033121403779870414,0.1156938493705172,0.145159133820769,0.8011962909764835
-0.00038468677148804817,-0.0005793017494762075,0.11567879185477192,0.14372491460320697,0.8005381987296478
5.09093608232042e-05,0.000538694775488603,0.11559824848609233,0.14545899134182827,0.8014905934401014
-0.00044080687562847,6.5738829483735486e-06,0.11562182597140859,0.14415548629181002,0.8008337354359885
0.00026772731158820326,-0.00017915870289304705,0.11567615905497776,0.14517976091137824,0.8012342015730424
-0.00023443420310136992,7.31929493856912e-05,0.11562655154790197,0.14456208864888231,0.8010195936467033
4.500987698050652e-05,-0.0003363693420502857,0.11567910630602266,0.14466468960618661,0.8009848120060724
-7.647211943658306e-05,-0.00018798647398669802,0.11565900231783,0.14459349826667567,0.8009829307592089
4.526830423909209e-05,0.0005157184077067672,0.11560009289157842,0.14542890643951772,0.8014733843009731
-0.0004249506575059314,0.0003953255786573048,0.1155867613230428,0.1445306339437578,0.8010679141992991
-0.0001935918315224417,-0.0007766497527149255,0.11570714991460194,0.1438693683031329,0.8005618884267396
9.830094046183431e-05,-0.00013328823772880874,0.11566308462322852,0.14493620265126944,0.8011393030839896
-0.0005866293589780369,-0.00037863615275099,0.11564954191346538,0.14356517848564015,0.8005086386619422
-0.0003502449974899473,0.00013181684930610904,0.11561504313206739,0.14441997592240213,0.8009703250338825
0.0002573614388460137,0.0003910292813856726,0.1156226207819383,0.14567346286709276,0.8015536083625868
0.000298764057002294,5.871166936004415e-05,0.115655669007049,0.14544509063691696,0.8013927249417323
-0.00027128857149125564,-0.0003188992962629705,0.11566082470223864,0.14414878267985548,0.8007685304370104
5.6368903635848365e-05,0.00021282209399180093,0.11562879996332301,0.14517596782382425,0.8013076789127802
-0.00017273961194245438,-0.0006341451297524009,0.11569512477939117,0.14403202965483536,0.8006584352262439
-3.9481068493602077e-05,0.0002168039435520446,0.11562344737219259,0.14501846759514259,0.8012413918134275
-8.12899150179425e-05,-0.0004365129400829907,0.11568172321963448,0.1443627369312548,0.800837082208692
0.00021019973562845398,0.0003385321416439054,0.1156250775147223,0.14554715234047427,0.8014897793972815
-0.00011500319891208689,-5.073140417961529e-05,0.11564428223462685,0.14465174421361549,0.801034020894736
-0.00014828351091255388,-0.00014728489908308082,0.11565146507665887,0.14450928610760216,0.8009548777790613
0.0004087502951351722,-0.00036901759231894435,0.1157011087693954,0.145246553981558,0.8012262648212067
-0.0003906648619661086,-0.0006604887257724671,0.11568594264778247,0.14364215515762574,0.8004874138914552
0.00014936446963183394,4.6395022864280875e-05,0.11564907533840105,0.14518304091580753,0.8012788074398027
-1.7291459255409785e-05,0.0002781989850508429,0.11561890730583273,0.14511079910265678,0.8012924600450957
-0.00030854567886008384,0.001758979372307196,0.11546621961747008,0.1459499896938194,0.8019333888511527
4.024393804765127e-05,-0.0005413339433598906,0.11569781467003873,0.14447306974875096,0.8008639716791142
0.00020164698177682912,0.0006466766062176071,0.11559595494054467,0.1458091247433796,0.8016603359796414
3.251658378491741e-05,0.0006530513403349048,0.1155866673435608,0.1455306487294054,0.801543006314413
-8.887415977903496e-05,0.00026032870361612255,0.11561683949704411,0.14497448087330428,0.8012310041677019
1.7159486315122354e-05,-4.383896848440301e-05,0.11565055987099031,0.14488002010064077,0.8011325213132494
1.6991039662984404e-05,-0.00018715088550771042,0.11566382512910783,0.14475130778798168,0.8010502724093246
-0.00032053223339302767,-0.0007139675057244911,0.1156946100374089,0.1437121469770098,0.8005069653467152
-0.000399910778374836,0.00040876821324540414,0.11558683288878378,0.14458478032639355,0.8010935402394015
0.00026825347652789953,-0.00020216699398625253,0.11567832210916021,0.14516002725270072,0.8012213929780362
-5.834086897316862e-05,0.000686215669481478,0.11557889637916866,0.14540770924667373,0.8014970226896299
6.530167582360192e-05,-0.0005779737652435854,0.11570252121019979,0.14448235633398904,0.8008609059768538
0.0002976580851981056,-0.0007385011680548614,0.11572957940700243,0.14472897404656654,0.8009351419842239
1.5260240687704667e-05,-0.0008598142962180497,0.11572591093376165,0.1441458740368608,0.8006636686264635
-5.846849206649548e-05,0.0005144421678878663,0.11559484489812306,0.14525343381969552,0.8013984388230078
-0.00032089289223554524,-5.243509083768186e-05,0.11563360870734894,0.144304172287339,0.8008857286064122
-0.0003770744783165272,-0.00015525179049165108,0.11564012707780236,0.14411759879033997,0.8007866051445802
0.0002137585503531478,-0.00019649650449832126,0.11567496210068809,0.14507355274408879,0.8011856659502191
-0.00010752097167060681,3.6925436600298994e-05,0.11563656128338026,0.14474288144243475,0.8010896117023861
0.00033983014131020416,-0.0009324572000436385,0.1157497473688774,0.14462614447647276,0.800854209764348
-0.00014018972546676805,0.0002159036899995146,0.11561827912902975,0.14484841208324184,0.8011688244971229
0.00015813042113397595,-0.00018907466014470644,0.1156713763941105,0.14498673944655155,0.8011501302041237
9.627014899159193e-06,-0.00011814793161701523,0.11565704992648708,0.14480076774855793,0.8010845471176374
0.00044640421033284285,-0.00017618054252282962,0.11568513664263773,0.1454825923529719,0.8013636914043579
0.0001711499642805316,0.00022065164706604567,0.11563402050018187,0.14537585266617287,0.8013942724169233
3.65466554280383e-05,0.00030883665346806037,0.11561885888776877,0.1452287399045249,0.8013485382710028
6.48356421828099e-05,8.228586614371059e-05,0.1156413519322546,0.14507317876807052,0.8012389133281547
-8.914794192941744e-05,-2.9769022420248715e-05,0.11564369724650864,0.14471398267435864,0.8010645324028394
4.562600578644955e-05,-2.501210845381968e-05,0.11565030065689005,0.14494472812472453,0.8011636750429632
-0.00027747240401982597,0.001078503268993965,0.11553112993033263,0.14539135304698886,0.8015652105227911
0.0002944156044580702,0.0005480667724818805,0.11560989625439147,0.1458765448451239,0.8016701468253473
0.00013286097451832598,-0.0004137426216918414,0.11569087328230433,0.14474298563813942,0.8010033211827919
-0.0004820798690942236,0.0010560733196139367,0.11552260902167755,0.14502727000328625,0.8014059186875746
2.1499597019412554e-05,0.0006542478802517987,0.11558598817443408,0.1455132084707304,0.8015358109905678
0.00033861179933877334,0.0003265545912480342,0.11563279895985888,0.14575215506068112,0.80157475718465
-5.981430626204368e-05,-0.00043690103306066684,0.11568289144525609,0.14439847885826068,0.80085222366683
-1.40337673032874e-05,-0.00012010250773775484,0.11565599299869465,0.1447592560151132,0.801066500590307
7.424419618673533e-05,-0.0007971010283911384,0.11572324200079144,0.14430113924927468,0.8007417810925921
-0.00022968663281585936,-0.001244060436652413,0.11574821890098728,0.14339027587387188,0.8002683902415404
-0.00013046782489798154,8.257474478876727e-05,0.11563113413149857,0.14474523335028755,0.8010993580184941
-0.00010051807144499281,-0.0002035315232879504,0.1156591768734492,0.14453915884154594,0.8009568197769547
-9.747165007904045e-06,0.00019300966488265597,0.11562720160595669,0.14504710384557434,0.8012490243485618
-0.0005301848506194554,1.683077745223637e-05,0.11561614493102652,0.1440144248117496,0.8007756486426578
3.832723701853255e-05,-0.00040785946352355667,0.11568537039123278,0.1445894132591598,0.8009390704557575
2.652229069875546e-05,0.00039579313099667404,0.11561026514125977,0.1452898630927546,0.8013912175401036
-5.407111691780443e-05,-0.0008071209164486475,0.11571737383722115,0.1440765526453039,0.8006442521212865
-0.00035482124788295126,-3.23704231029068e-05,0.1156299651154046,0.14426512405871744,0.8008729490712309
-0.00015944506324988287,0.00046851413927284234,0.1155938636911286,0.14504254328288696,0.8012998614923627
-0.00019999653335053667,-0.0005892007442785993,0.11568953396306898,0.14402647382917388,0.8006646800741799
-6.673015719543434e-05,-0.000195099128068075,0.11566017172973468,0.14460349636887637,0.8009858245045747
4.535976786734551e-05,-0.0008208348525409105,0.1157239066539846,0.14423135316120195,0.8007075255332305
-3.933522913819676e-05,-7.284889331463848e-05,0.11565029348633457,0.14475908508717977,0.801075480240608
-0.00019374655277266468,-0.00011433161911702052,0.11564602732538698,0.14446240836310847,0.8009412341994491
0.0004462888108711913,-0.0011901283289037358,0.11577918761656121,0.14457430349331207,0.800782778095064
0.0002283261311396952,-0.0005070750742240333,0.11570451448517508,0.14481977230688703,0.8010181304910542
-1.5235667512579654e-05,-0.0010615874467083842,0.11574289835766212,0.1439139871670314,0.8005262974951097
5.206563508556156e-05,3.614265069564033e-05,0.11564496666934235,0.14501036080805163,0.8012033312051361
0.00011807677539265545,9.272462984459587e-05,0.11564315053433417,0.14517199741909503,0.8012829814825565
4.247051444518042e-05,-0.00027456379405160926,0.11567325242994224,0.14471579779240512,0.8010184095721933
0.0002411188397661495,-0.00035490234199985,0.11569107903178102,0.14497758812545736,0.801114466611987
-0.00010221040587823857,0.000978696726818844,0.11554944221245063,0.14559637265743214,0.8016333700232017
-0.00018853924619442064,0.00011557612934573817,0.11562503840984843,0.14467721598229383,0.8010767242403148
-3.228191439320471e-05,-0.0008943125882844496,0.11572657167297405,0.14403509722926888,0.8006099006234743
-7.969469386295985e-05,0.00027773565470388267,0.11561570390356446,0.1450055136539773,0.8012475498929732
-0.0006419894012512697,0.00034278512617540586,0.11558016964813231,0.1441186389415431,0.8008824573215505
-0.00010579870373775848,0.00012220627593872722,0.11562875453286299,0.1448222167142758,0.8011397230900164
2.2105489705505218e-05,3.928241596829466e-05,0.11564311436994355,0.14496283050427522,0.8011836984212265
0.00020973993338599945,0.00018420023095683976,0.11563940341594971,0.1454080123790748,0.8014009801971075
0.00017505207351644993,-0.0006633279487294056,0.11571618728148525,0.14459031349350104,0.8008905133744457
0.00045020457387441804,-0.00044370980395058783,0.11571019692303641,0.14524927299375717,0.8012131134874327
-0.0005567165413888944,0.0005372833173464166,0.1155667161397643,0.1444364097669349,0.8010549967048706
0.0004592685456729434,-0.0001786616480190683,0.1156860316870239,0.14550197829376849,0.8013714689451511
4.587632088057793e-05,-0.00012162631559044483,0.11565926696205334,0.14485856328996544,0.8011084850778841
-0.00017947715811961738,0.0005287966544980426,0.11558723159849821,0.14506293467719944,0.8013200907499888
0.00019010638165860237,0.0002862139173574273,0.11562890619559688,0.14546648290275227,0.8014454147150121
0.00011670190177528501,0.0004524962582761421,0.11560965749383728,0.1454922444727439,0.8014882366066276
-0.00015083889898108636,0.00029335576715927304,0.11561054786373666,0.14489995182182436,0.8012056032001048
0.0004469523057269884,-0.0011056804371786582,0.11577140695517357,0.14465100930480834,0.8008316105185518
9.865945180870947e-05,0.0001816087507659514,0.11563389198504112,0.14521904819683434,0.801320039222937
7.725159547345513e-07,3.9917171629827406e-05,0.11564194304090611,0.144927551115689,0.8011688011251267
0.00039180782903962285,-0.0004428612653562195,0.11570708507264083,0.14515193790665953,0.8011718392240312
